run_id,stage,trace,policy,budget_ratio,budget_bytes,repeat,status,termination,overhead,peak_pinned_all,depth_at_peak_pinned,max_nesting_depth,wall_s,overhead_cap,timeout_s,simrd_commit,result_first_committed_in,producing_code_version,host,host_inferred,excluded
protocol_A.jsonl:1,A,densenet,DTR,0.6,6612450782,0,ok,ok,1.1413854055486878,622324440,1,6,4.87,60,1200,eff53cc4804cc7d6246a6e5086861ce2b846f62b,91407d,unknown (not recorded),,inferred: cloud container (2 vCPU) + laptop Windows; see PROTOCOL.md deviations,
protocol_A.jsonl:2,A,densenet,NbhdPenalty@b=0.25,0.6,6612450782,0,ok,ok,1.1419462484485607,622324440,1,4,5.74,60,1200,eff53cc4804cc7d6246a6e5086861ce2b846f62b,91407d,unknown (not recorded),,inferred: cloud container (2 vCPU) + laptop Windows; see PROTOCOL.md deviations,
protocol_A.jsonl:3,A,densenet,TwoPhase@k=8,0.6,6612450782,0,ok,ok,1.1444371748268234,622324440,1,6,5.54,60,1200,eff53cc4804cc7d6246a6e5086861ce2b846f62b,91407d,unknown (not recorded),,inferred: cloud container (2 vCPU) + laptop Windows; see PROTOCOL.md deviations,
protocol_A.jsonl:4,A,densenet,DTR,0.59,6502243269,0,ok,ok,1.1463410268879344,622324440,1,6,4.98,60,1200,eff53cc4804cc7d6246a6e5086861ce2b846f62b,91407d,unknown (not recorded),,inferred: cloud container (2 vCPU) + laptop Windows; see PROTOCOL.md deviations,
protocol_A.jsonl:5,A,densenet,NbhdPenalty@b=0.25,0.59,6502243269,0,ok,ok,1.1462000949397175,622324440,1,6,4.61,60,1200,eff53cc4804cc7d6246a6e5086861ce2b846f62b,91407d,unknown (not recorded),,inferred: cloud container (2 vCPU) + laptop Windows; see PROTOCOL.md deviations,
protocol_A.jsonl:6,A,densenet,TwoPhase@k=8,0.59,6502243269,0,ok,ok,1.1504683602667882,622324440,1,6,4.62,60,1200,eff53cc4804cc7d6246a6e5086861ce2b846f62b,91407d,unknown (not recorded),,inferred: cloud container (2 vCPU) + laptop Windows; see PROTOCOL.md deviations,
protocol_A.jsonl:7,A,densenet,NbhdPenalty@b=0.25,0.58,6392035756,0,ok,ok,1.148307389654813,622324440,1,6,4.82,60,1200,eff53cc4804cc7d6246a6e5086861ce2b846f62b,91407d,unknown (not recorded),,inferred: cloud container (2 vCPU) + laptop Windows; see PROTOCOL.md deviations,
protocol_A.jsonl:8,A,densenet,DTR,0.58,6392035756,0,ok,ok,1.1519800554541169,622324440,1,6,5.3,60,1200,eff53cc4804cc7d6246a6e5086861ce2b846f62b,91407d,unknown (not recorded),,inferred: cloud container (2 vCPU) + laptop Windows; see PROTOCOL.md deviations,
protocol_A.jsonl:9,A,densenet,TwoPhase@k=8,0.58,6392035756,0,ok,ok,1.1509956089395543,622324440,1,6,4.59,60,1200,eff53cc4804cc7d6246a6e5086861ce2b846f62b,91407d,unknown (not recorded),,inferred: cloud container (2 vCPU) + laptop Windows; see PROTOCOL.md deviations,
protocol_A.jsonl:10,A,densenet,DTR,0.57,6281828243,0,ok,ok,1.1539109016700688,622324440,1,6,5.31,60,1200,eff53cc4804cc7d6246a6e5086861ce2b846f62b,91407d,unknown (not recorded),,inferred: cloud container (2 vCPU) + laptop Windows; see PROTOCOL.md deviations,
protocol_A.jsonl:11,A,densenet,TwoPhase@k=8,0.57,6281828243,0,ok,ok,1.1626946015124044,622324440,1,6,3.86,60,1200,eff53cc4804cc7d6246a6e5086861ce2b846f62b,91407d,unknown (not recorded),,inferred: cloud container (2 vCPU) + laptop Windows; see PROTOCOL.md deviations,
protocol_A.jsonl:12,A,densenet,NbhdPenalty@b=0.25,0.57,6281828243,0,ok,ok,1.1543627631634572,622324440,1,6,5.18,60,1200,eff53cc4804cc7d6246a6e5086861ce2b846f62b,91407d,unknown (not recorded),,inferred: cloud container (2 vCPU) + laptop Windows; see PROTOCOL.md deviations,
protocol_A.jsonl:13,A,densenet,NbhdPenalty@b=0.25,0.56,6171620730,0,ok,ok,1.155806403021409,622324440,1,6,4.75,60,1200,eff53cc4804cc7d6246a6e5086861ce2b846f62b,91407d,unknown (not recorded),,inferred: cloud container (2 vCPU) + laptop Windows; see PROTOCOL.md deviations,
protocol_A.jsonl:14,A,densenet,DTR,0.56,6171620730,0,ok,ok,1.158107365528664,622324440,1,6,5.71,60,1200,eff53cc4804cc7d6246a6e5086861ce2b846f62b,91407d,unknown (not recorded),,inferred: cloud container (2 vCPU) + laptop Windows; see PROTOCOL.md deviations,
protocol_A.jsonl:15,A,densenet,TwoPhase@k=8,0.56,6171620730,0,ok,ok,1.160900634321828,622324440,1,8,5.35,60,1200,eff53cc4804cc7d6246a6e5086861ce2b846f62b,91407d,unknown (not recorded),,inferred: cloud container (2 vCPU) + laptop Windows; see PROTOCOL.md deviations,
protocol_A.jsonl:16,A,densenet,DTR,0.55,6061413217,0,ok,ok,1.1585091115053079,622324440,1,6,5.61,60,1200,eff53cc4804cc7d6246a6e5086861ce2b846f62b,91407d,unknown (not recorded),,inferred: cloud container (2 vCPU) + laptop Windows; see PROTOCOL.md deviations,
protocol_A.jsonl:17,A,densenet,NbhdPenalty@b=0.25,0.55,6061413217,0,ok,ok,1.1584704286084115,622324440,1,6,4.45,60,1200,eff53cc4804cc7d6246a6e5086861ce2b846f62b,91407d,unknown (not recorded),,inferred: cloud container (2 vCPU) + laptop Windows; see PROTOCOL.md deviations,
protocol_A.jsonl:18,A,densenet,TwoPhase@k=8,0.55,6061413217,0,ok,ok,1.1668777216854507,622324440,1,8,4.87,60,1200,eff53cc4804cc7d6246a6e5086861ce2b846f62b,91407d,unknown (not recorded),,inferred: cloud container (2 vCPU) + laptop Windows; see PROTOCOL.md deviations,
protocol_A.jsonl:19,A,densenet,DTR,0.54,5951205704,0,ok,ok,1.1634782482164183,622324440,1,6,5.54,60,1200,eff53cc4804cc7d6246a6e5086861ce2b846f62b,91407d,unknown (not recorded),,inferred: cloud container (2 vCPU) + laptop Windows; see PROTOCOL.md deviations,
protocol_A.jsonl:20,A,densenet,NbhdPenalty@b=0.25,0.54,5951205704,0,ok,ok,1.160163880497994,622324440,1,6,4.6,60,1200,eff53cc4804cc7d6246a6e5086861ce2b846f62b,91407d,unknown (not recorded),,inferred: cloud container (2 vCPU) + laptop Windows; see PROTOCOL.md deviations,
protocol_A.jsonl:21,A,densenet,TwoPhase@k=8,0.54,5951205704,0,ok,ok,1.1668778370811705,622324440,1,8,4.6,60,1200,eff53cc4804cc7d6246a6e5086861ce2b846f62b,91407d,unknown (not recorded),,inferred: cloud container (2 vCPU) + laptop Windows; see PROTOCOL.md deviations,
protocol_A.jsonl:22,A,densenet,DTR,0.53,5840998191,0,ok,ok,1.1682807197337994,622324440,1,6,5.63,60,1200,eff53cc4804cc7d6246a6e5086861ce2b846f62b,91407d,unknown (not recorded),,inferred: cloud container (2 vCPU) + laptop Windows; see PROTOCOL.md deviations,
protocol_A.jsonl:23,A,densenet,NbhdPenalty@b=0.25,0.53,5840998191,0,ok,ok,1.1625970696129464,622324440,1,6,4.8,60,1200,eff53cc4804cc7d6246a6e5086861ce2b846f62b,91407d,unknown (not recorded),,inferred: cloud container (2 vCPU) + laptop Windows; see PROTOCOL.md deviations,
protocol_A.jsonl:24,A,densenet,TwoPhase@k=8,0.53,5840998191,0,ok,ok,1.1777766672894283,622324440,1,8,5.44,60,1200,eff53cc4804cc7d6246a6e5086861ce2b846f62b,91407d,unknown (not recorded),,inferred: cloud container (2 vCPU) + laptop Windows; see PROTOCOL.md deviations,
protocol_A.jsonl:25,A,densenet,DTR,0.52,5730790678,0,ok,ok,1.170468023086124,622324440,1,6,5.34,60,1200,eff53cc4804cc7d6246a6e5086861ce2b846f62b,91407d,unknown (not recorded),,inferred: cloud container (2 vCPU) + laptop Windows; see PROTOCOL.md deviations,
protocol_A.jsonl:26,A,densenet,NbhdPenalty@b=0.25,0.52,5730790678,0,ok,ok,1.1700205663317957,622324440,1,6,5.02,60,1200,eff53cc4804cc7d6246a6e5086861ce2b846f62b,91407d,unknown (not recorded),,inferred: cloud container (2 vCPU) + laptop Windows; see PROTOCOL.md deviations,
protocol_A.jsonl:27,A,densenet,TwoPhase@k=8,0.52,5730790678,0,ok,ok,1.1716365482899846,622324440,1,8,5.35,60,1200,eff53cc4804cc7d6246a6e5086861ce2b846f62b,91407d,unknown (not recorded),,inferred: cloud container (2 vCPU) + laptop Windows; see PROTOCOL.md deviations,
protocol_A.jsonl:28,A,densenet,DTR,0.51,5620583165,0,ok,ok,1.1713423511241823,622324440,1,6,5.25,60,1200,eff53cc4804cc7d6246a6e5086861ce2b846f62b,91407d,unknown (not recorded),,inferred: cloud container (2 vCPU) + laptop Windows; see PROTOCOL.md deviations,
protocol_A.jsonl:29,A,densenet,NbhdPenalty@b=0.25,0.51,5620583165,0,ok,ok,1.1698036561529532,622324440,1,6,5.0,60,1200,eff53cc4804cc7d6246a6e5086861ce2b846f62b,91407d,unknown (not recorded),,inferred: cloud container (2 vCPU) + laptop Windows; see PROTOCOL.md deviations,
protocol_A.jsonl:30,A,densenet,TwoPhase@k=8,0.51,5620583165,0,ok,ok,1.18503449515808,622324440,1,8,4.69,60,1200,eff53cc4804cc7d6246a6e5086861ce2b846f62b,91407d,unknown (not recorded),,inferred: cloud container (2 vCPU) + laptop Windows; see PROTOCOL.md deviations,
protocol_A.jsonl:31,A,densenet,DTR,0.5,5510375652,0,ok,ok,1.1763467932964882,622324440,1,6,5.53,60,1200,eff53cc4804cc7d6246a6e5086861ce2b846f62b,91407d,unknown (not recorded),,inferred: cloud container (2 vCPU) + laptop Windows; see PROTOCOL.md deviations,
protocol_A.jsonl:32,A,densenet,NbhdPenalty@b=0.25,0.5,5510375652,0,ok,ok,1.1732309906519898,622324440,1,6,5.41,60,1200,eff53cc4804cc7d6246a6e5086861ce2b846f62b,91407d,unknown (not recorded),,inferred: cloud container (2 vCPU) + laptop Windows; see PROTOCOL.md deviations,
protocol_A.jsonl:33,A,densenet,TwoPhase@k=8,0.5,5510375652,0,ok,ok,1.1806160549670905,622324440,1,8,4.33,60,1200,eff53cc4804cc7d6246a6e5086861ce2b846f62b,91407d,unknown (not recorded),,inferred: cloud container (2 vCPU) + laptop Windows; see PROTOCOL.md deviations,
protocol_A.jsonl:34,A,densenet,DTR,0.49,5400168138,0,ok,ok,1.1792161247561703,622324440,1,6,5.46,60,1200,eff53cc4804cc7d6246a6e5086861ce2b846f62b,91407d,unknown (not recorded),,inferred: cloud container (2 vCPU) + laptop Windows; see PROTOCOL.md deviations,
protocol_A.jsonl:35,A,densenet,NbhdPenalty@b=0.25,0.49,5400168138,0,ok,ok,1.1740000552773644,622324440,1,6,5.1,60,1200,eff53cc4804cc7d6246a6e5086861ce2b846f62b,91407d,unknown (not recorded),,inferred: cloud container (2 vCPU) + laptop Windows; see PROTOCOL.md deviations,
protocol_A.jsonl:36,A,densenet,TwoPhase@k=8,0.49,5400168138,0,ok,ok,1.1845269819679272,622324440,1,8,5.63,60,1200,eff53cc4804cc7d6246a6e5086861ce2b846f62b,91407d,unknown (not recorded),,inferred: cloud container (2 vCPU) + laptop Windows; see PROTOCOL.md deviations,
protocol_A.jsonl:37,A,densenet,DTR,0.48,5289960625,0,ok,ok,1.1809587521095604,622324440,1,6,5.23,60,1200,eff53cc4804cc7d6246a6e5086861ce2b846f62b,91407d,unknown (not recorded),,inferred: cloud container (2 vCPU) + laptop Windows; see PROTOCOL.md deviations,
protocol_A.jsonl:38,A,densenet,NbhdPenalty@b=0.25,0.48,5289960625,0,ok,ok,1.1772247577069845,622324440,1,6,5.29,60,1200,eff53cc4804cc7d6246a6e5086861ce2b846f62b,91407d,unknown (not recorded),,inferred: cloud container (2 vCPU) + laptop Windows; see PROTOCOL.md deviations,
protocol_A.jsonl:39,A,densenet,TwoPhase@k=8,0.48,5289960625,0,ok,ok,1.1897384440615308,622324440,1,8,4.22,60,1200,eff53cc4804cc7d6246a6e5086861ce2b846f62b,91407d,unknown (not recorded),,inferred: cloud container (2 vCPU) + laptop Windows; see PROTOCOL.md deviations,
protocol_A.jsonl:40,A,densenet,DTR,0.47,5179753112,0,ok,ok,1.1836609596071637,622324440,1,6,5.16,60,1200,eff53cc4804cc7d6246a6e5086861ce2b846f62b,91407d,unknown (not recorded),,inferred: cloud container (2 vCPU) + laptop Windows; see PROTOCOL.md deviations,
protocol_A.jsonl:41,A,densenet,NbhdPenalty@b=0.25,0.47,5179753112,0,ok,ok,1.1820971928049135,622324440,1,6,5.35,60,1200,eff53cc4804cc7d6246a6e5086861ce2b846f62b,91407d,unknown (not recorded),,inferred: cloud container (2 vCPU) + laptop Windows; see PROTOCOL.md deviations,
protocol_A.jsonl:42,A,densenet,TwoPhase@k=8,0.47,5179753112,0,ok,ok,1.1910515629168144,622324440,1,8,5.09,60,1200,eff53cc4804cc7d6246a6e5086861ce2b846f62b,91407d,unknown (not recorded),,inferred: cloud container (2 vCPU) + laptop Windows; see PROTOCOL.md deviations,
protocol_A.jsonl:43,A,densenet,DTR,0.46,5069545599,0,ok,ok,1.1861775629403437,622324440,1,6,5.07,60,1200,eff53cc4804cc7d6246a6e5086861ce2b846f62b,91407d,unknown (not recorded),,inferred: cloud container (2 vCPU) + laptop Windows; see PROTOCOL.md deviations,
protocol_A.jsonl:44,A,densenet,NbhdPenalty@b=0.25,0.46,5069545599,0,ok,ok,1.1856863571355676,622324440,1,6,5.72,60,1200,eff53cc4804cc7d6246a6e5086861ce2b846f62b,91407d,unknown (not recorded),,inferred: cloud container (2 vCPU) + laptop Windows; see PROTOCOL.md deviations,
protocol_A.jsonl:45,A,densenet,TwoPhase@k=8,0.46,5069545599,0,ok,ok,1.2033073764265232,622324440,1,14,4.45,60,1200,eff53cc4804cc7d6246a6e5086861ce2b846f62b,91407d,unknown (not recorded),,inferred: cloud container (2 vCPU) + laptop Windows; see PROTOCOL.md deviations,
protocol_A.jsonl:46,A,densenet,NbhdPenalty@b=0.25,0.45,4959338086,0,ok,ok,1.1902815413513244,622324440,1,6,4.18,60,1200,eff53cc4804cc7d6246a6e5086861ce2b846f62b,91407d,unknown (not recorded),,inferred: cloud container (2 vCPU) + laptop Windows; see PROTOCOL.md deviations,
protocol_A.jsonl:47,A,densenet,DTR,0.45,4959338086,0,ok,ok,1.1901444484216877,622324440,1,6,5.01,60,1200,eff53cc4804cc7d6246a6e5086861ce2b846f62b,91407d,unknown (not recorded),,inferred: cloud container (2 vCPU) + laptop Windows; see PROTOCOL.md deviations,
protocol_A.jsonl:48,A,densenet,TwoPhase@k=8,0.45,4959338086,0,ok,ok,1.2065609840766853,622324440,1,14,4.86,60,1200,eff53cc4804cc7d6246a6e5086861ce2b846f62b,91407d,unknown (not recorded),,inferred: cloud container (2 vCPU) + laptop Windows; see PROTOCOL.md deviations,
protocol_A.jsonl:49,A,densenet,DTR,0.44,4849130573,0,ok,ok,1.2003307804235046,622324440,1,6,4.91,60,1200,eff53cc4804cc7d6246a6e5086861ce2b846f62b,91407d,unknown (not recorded),,inferred: cloud container (2 vCPU) + laptop Windows; see PROTOCOL.md deviations,
protocol_A.jsonl:50,A,densenet,NbhdPenalty@b=0.25,0.44,4849130573,0,ok,ok,1.1998990765921922,622324440,1,6,4.43,60,1200,eff53cc4804cc7d6246a6e5086861ce2b846f62b,91407d,unknown (not recorded),,inferred: cloud container (2 vCPU) + laptop Windows; see PROTOCOL.md deviations,
protocol_A.jsonl:51,A,densenet,TwoPhase@k=8,0.44,4849130573,0,ok,ok,1.2042758138958625,622324440,1,8,4.2,60,1200,eff53cc4804cc7d6246a6e5086861ce2b846f62b,91407d,unknown (not recorded),,inferred: cloud container (2 vCPU) + laptop Windows; see PROTOCOL.md deviations,
protocol_A.jsonl:52,A,densenet,DTR,0.43,4738923060,0,ok,ok,1.2057729748515575,622324440,1,6,5.39,60,1200,eff53cc4804cc7d6246a6e5086861ce2b846f62b,91407d,unknown (not recorded),,inferred: cloud container (2 vCPU) + laptop Windows; see PROTOCOL.md deviations,
protocol_A.jsonl:53,A,densenet,NbhdPenalty@b=0.25,0.43,4738923060,0,ok,ok,1.201766626848576,622324440,1,6,5.88,60,1200,eff53cc4804cc7d6246a6e5086861ce2b846f62b,91407d,unknown (not recorded),,inferred: cloud container (2 vCPU) + laptop Windows; see PROTOCOL.md deviations,
protocol_A.jsonl:54,A,densenet,TwoPhase@k=8,0.43,4738923060,0,ok,ok,1.2155964633069476,622324440,1,14,4.28,60,1200,eff53cc4804cc7d6246a6e5086861ce2b846f62b,91407d,unknown (not recorded),,inferred: cloud container (2 vCPU) + laptop Windows; see PROTOCOL.md deviations,
protocol_A.jsonl:55,A,densenet,DTR,0.42,4628715547,0,ok,ok,1.208024556434333,622324440,1,6,4.61,60,1200,eff53cc4804cc7d6246a6e5086861ce2b846f62b,91407d,unknown (not recorded),,inferred: cloud container (2 vCPU) + laptop Windows; see PROTOCOL.md deviations,
protocol_A.jsonl:56,A,densenet,DTR,0.42,4628715547,1,ok,ok,1.208024556434333,622324440,1,6,4.47,60,1200,eff53cc4804cc7d6246a6e5086861ce2b846f62b,91407d,unknown (not recorded),,inferred: cloud container (2 vCPU) + laptop Windows; see PROTOCOL.md deviations,
protocol_A.jsonl:57,A,densenet,DTR,0.42,4628715547,2,ok,ok,1.208024556434333,622324440,1,6,4.64,60,1200,eff53cc4804cc7d6246a6e5086861ce2b846f62b,91407d,unknown (not recorded),,inferred: cloud container (2 vCPU) + laptop Windows; see PROTOCOL.md deviations,
protocol_A.jsonl:58,A,densenet,NbhdPenalty@b=0.25,0.42,4628715547,0,ok,ok,1.2085817911070655,622324440,1,6,6.57,60,1200,eff53cc4804cc7d6246a6e5086861ce2b846f62b,91407d,unknown (not recorded),,inferred: cloud container (2 vCPU) + laptop Windows; see PROTOCOL.md deviations,
protocol_A.jsonl:59,A,densenet,NbhdPenalty@b=0.25,0.42,4628715547,1,ok,ok,1.2085817911070655,622324440,1,6,7.86,60,1200,eff53cc4804cc7d6246a6e5086861ce2b846f62b,91407d,unknown (not recorded),,inferred: cloud container (2 vCPU) + laptop Windows; see PROTOCOL.md deviations,
protocol_A.jsonl:60,A,densenet,NbhdPenalty@b=0.25,0.42,4628715547,2,ok,ok,1.2085817911070655,622324440,1,6,8.04,60,1200,eff53cc4804cc7d6246a6e5086861ce2b846f62b,91407d,unknown (not recorded),,inferred: cloud container (2 vCPU) + laptop Windows; see PROTOCOL.md deviations,
protocol_A.jsonl:61,A,densenet,TwoPhase@k=8,0.42,4628715547,0,ok,ok,1.2531231007201424,622324440,1,24,29.47,60,1200,eff53cc4804cc7d6246a6e5086861ce2b846f62b,91407d,unknown (not recorded),,inferred: cloud container (2 vCPU) + laptop Windows; see PROTOCOL.md deviations,
protocol_A.jsonl:62,A,densenet,TwoPhase@k=8,0.42,4628715547,1,ok,ok,1.2531231007201424,622324440,1,24,26.98,60,1200,eff53cc4804cc7d6246a6e5086861ce2b846f62b,91407d,unknown (not recorded),,inferred: cloud container (2 vCPU) + laptop Windows; see PROTOCOL.md deviations,
protocol_A.jsonl:63,A,densenet,DTR,0.41,4518508034,0,ok,ok,1.2633364887964547,622324440,1,14,4.75,60,1200,eff53cc4804cc7d6246a6e5086861ce2b846f62b,91407d,unknown (not recorded),,inferred: cloud container (2 vCPU) + laptop Windows; see PROTOCOL.md deviations,
protocol_A.jsonl:64,A,densenet,NbhdPenalty@b=0.25,0.41,4518508034,0,ok,ok,1.2261475442918326,622324440,1,6,4.54,60,1200,eff53cc4804cc7d6246a6e5086861ce2b846f62b,91407d,unknown (not recorded),,inferred: cloud container (2 vCPU) + laptop Windows; see PROTOCOL.md deviations,
protocol_A.jsonl:65,A,densenet,TwoPhase@k=8,0.41,4518508034,0,ok,ok,1.2549109772683378,622324440,1,9,4.03,60,1200,eff53cc4804cc7d6246a6e5086861ce2b846f62b,91407d,unknown (not recorded),,inferred: cloud container (2 vCPU) + laptop Windows; see PROTOCOL.md deviations,
protocol_A.jsonl:66,A,densenet,DTR,0.4,4408300521,0,ok,ok,1.2714483463146014,622324440,1,14,5.12,60,1200,eff53cc4804cc7d6246a6e5086861ce2b846f62b,91407d,unknown (not recorded),,inferred: cloud container (2 vCPU) + laptop Windows; see PROTOCOL.md deviations,
protocol_A.jsonl:67,A,densenet,TwoPhase@k=8,0.42,4628715547,2,ok,ok,1.2531231007201424,622324440,1,24,26.54,60,1200,eff53cc4804cc7d6246a6e5086861ce2b846f62b,91407d,unknown (not recorded),,inferred: cloud container (2 vCPU) + laptop Windows; see PROTOCOL.md deviations,
protocol_A.jsonl:68,A,densenet,NbhdPenalty@b=0.25,0.4,4408300521,0,ok,ok,1.229334630531332,622324440,1,6,4.54,60,1200,eff53cc4804cc7d6246a6e5086861ce2b846f62b,91407d,unknown (not recorded),,inferred: cloud container (2 vCPU) + laptop Windows; see PROTOCOL.md deviations,
protocol_A.jsonl:69,A,densenet,TwoPhase@k=8,0.4,4408300521,0,ok,ok,1.2608221736759622,622324440,1,14,5.09,60,1200,eff53cc4804cc7d6246a6e5086861ce2b846f62b,91407d,unknown (not recorded),,inferred: cloud container (2 vCPU) + laptop Windows; see PROTOCOL.md deviations,
protocol_A.jsonl:70,A,densenet,DTR,0.39,4298093008,0,ok,ok,1.2722556181813442,622324440,1,14,4.6,60,1200,eff53cc4804cc7d6246a6e5086861ce2b846f62b,91407d,unknown (not recorded),,inferred: cloud container (2 vCPU) + laptop Windows; see PROTOCOL.md deviations,
protocol_A.jsonl:71,A,densenet,NbhdPenalty@b=0.25,0.39,4298093008,0,ok,ok,1.245590017470912,622324440,1,11,4.83,60,1200,eff53cc4804cc7d6246a6e5086861ce2b846f62b,91407d,unknown (not recorded),,inferred: cloud container (2 vCPU) + laptop Windows; see PROTOCOL.md deviations,
protocol_A.jsonl:72,A,densenet,TwoPhase@k=8,0.39,4298093008,0,ok,ok,1.2627571319198803,622324440,1,9,4.29,60,1200,eff53cc4804cc7d6246a6e5086861ce2b846f62b,91407d,unknown (not recorded),,inferred: cloud container (2 vCPU) + laptop Windows; see PROTOCOL.md deviations,
protocol_A.jsonl:73,A,densenet,DTR,0.38,4187885495,0,ok,ok,1.3120630745123671,622324440,1,14,4.24,60,1200,eff53cc4804cc7d6246a6e5086861ce2b846f62b,91407d,unknown (not recorded),,inferred: cloud container (2 vCPU) + laptop Windows; see PROTOCOL.md deviations,
protocol_A.jsonl:74,A,densenet,NbhdPenalty@b=0.25,0.38,4187885495,0,ok,ok,1.2722651622517296,622324440,1,11,4.73,60,1200,eff53cc4804cc7d6246a6e5086861ce2b846f62b,91407d,unknown (not recorded),,inferred: cloud container (2 vCPU) + laptop Windows; see PROTOCOL.md deviations,
protocol_A.jsonl:75,A,densenet,TwoPhase@k=8,0.38,4187885495,0,ok,ok,1.2764498810776745,622324440,1,14,4.15,60,1200,eff53cc4804cc7d6246a6e5086861ce2b846f62b,91407d,unknown (not recorded),,inferred: cloud container (2 vCPU) + laptop Windows; see PROTOCOL.md deviations,
protocol_A.jsonl:76,A,densenet,DTR,0.37,4077677982,0,ok,ok,1.3583633835983955,757195480,13,14,4.1,60,1200,eff53cc4804cc7d6246a6e5086861ce2b846f62b,91407d,unknown (not recorded),,inferred: cloud container (2 vCPU) + laptop Windows; see PROTOCOL.md deviations,
protocol_A.jsonl:77,A,densenet,DTR,0.37,4077677982,1,ok,ok,1.3583633835983955,757195480,13,14,3.89,60,1200,eff53cc4804cc7d6246a6e5086861ce2b846f62b,91407d,unknown (not recorded),,inferred: cloud container (2 vCPU) + laptop Windows; see PROTOCOL.md deviations,
protocol_A.jsonl:78,A,densenet,DTR,0.37,4077677982,2,ok,ok,1.3583633835983955,757195480,13,14,4.06,60,1200,eff53cc4804cc7d6246a6e5086861ce2b846f62b,91407d,unknown (not recorded),,inferred: cloud container (2 vCPU) + laptop Windows; see PROTOCOL.md deviations,
protocol_A.jsonl:79,A,densenet,NbhdPenalty@b=0.25,0.37,4077677982,0,ok,ok,1.2669678457426043,622324440,1,11,4.91,60,1200,eff53cc4804cc7d6246a6e5086861ce2b846f62b,91407d,unknown (not recorded),,inferred: cloud container (2 vCPU) + laptop Windows; see PROTOCOL.md deviations,
protocol_A.jsonl:80,A,densenet,NbhdPenalty@b=0.25,0.37,4077677982,1,ok,ok,1.2669678457426043,622324440,1,11,4.72,60,1200,eff53cc4804cc7d6246a6e5086861ce2b846f62b,91407d,unknown (not recorded),,inferred: cloud container (2 vCPU) + laptop Windows; see PROTOCOL.md deviations,
protocol_A.jsonl:81,A,densenet,NbhdPenalty@b=0.25,0.37,4077677982,2,ok,ok,1.2669678457426043,622324440,1,11,4.72,60,1200,eff53cc4804cc7d6246a6e5086861ce2b846f62b,91407d,unknown (not recorded),,inferred: cloud container (2 vCPU) + laptop Windows; see PROTOCOL.md deviations,
protocol_A.jsonl:82,A,densenet,TwoPhase@k=8,0.37,4077677982,0,ok,ok,1.3215503505018336,622324440,1,14,4.86,60,1200,eff53cc4804cc7d6246a6e5086861ce2b846f62b,91407d,unknown (not recorded),,inferred: cloud container (2 vCPU) + laptop Windows; see PROTOCOL.md deviations,
protocol_A.jsonl:83,A,densenet,TwoPhase@k=8,0.37,4077677982,1,ok,ok,1.3215503505018336,622324440,1,14,5.0,60,1200,eff53cc4804cc7d6246a6e5086861ce2b846f62b,91407d,unknown (not recorded),,inferred: cloud container (2 vCPU) + laptop Windows; see PROTOCOL.md deviations,
protocol_A.jsonl:84,A,densenet,TwoPhase@k=8,0.37,4077677982,2,ok,ok,1.3215503505018336,622324440,1,14,5.09,60,1200,eff53cc4804cc7d6246a6e5086861ce2b846f62b,91407d,unknown (not recorded),,inferred: cloud container (2 vCPU) + laptop Windows; see PROTOCOL.md deviations,
protocol_A.jsonl:85,A,densenet,DTR,0.36,3967470469,0,ok,ok,1.3646804464542188,757195480,13,14,4.28,60,1200,eff53cc4804cc7d6246a6e5086861ce2b846f62b,91407d,unknown (not recorded),,inferred: cloud container (2 vCPU) + laptop Windows; see PROTOCOL.md deviations,
protocol_A.jsonl:86,A,densenet,NbhdPenalty@b=0.25,0.36,3967470469,0,ok,ok,1.291783678395619,622324440,1,11,4.86,60,1200,eff53cc4804cc7d6246a6e5086861ce2b846f62b,91407d,unknown (not recorded),,inferred: cloud container (2 vCPU) + laptop Windows; see PROTOCOL.md deviations,
protocol_A.jsonl:87,A,densenet,DTR,0.35,3857262956,0,ok,ok,1.363132246816021,757195480,13,14,4.1,60,1200,eff53cc4804cc7d6246a6e5086861ce2b846f62b,91407d,unknown (not recorded),,inferred: cloud container (2 vCPU) + laptop Windows; see PROTOCOL.md deviations,
protocol_A.jsonl:88,A,densenet,NbhdPenalty@b=0.25,0.35,3857262956,0,ok,ok,1.298310848711877,622324440,1,14,4.58,60,1200,eff53cc4804cc7d6246a6e5086861ce2b846f62b,91407d,unknown (not recorded),,inferred: cloud container (2 vCPU) + laptop Windows; see PROTOCOL.md deviations,
protocol_A.jsonl:89,A,densenet,TwoPhase@k=8,0.35,3857262956,0,ok,ok,1.2958239668128664,622324440,1,10,3.49,60,1200,eff53cc4804cc7d6246a6e5086861ce2b846f62b,91407d,unknown (not recorded),,inferred: cloud container (2 vCPU) + laptop Windows; see PROTOCOL.md deviations,
protocol_A.jsonl:90,A,densenet,DTR,0.34,3747055443,0,ok,ok,1.4019367257686017,757195480,13,14,4.75,60,1200,eff53cc4804cc7d6246a6e5086861ce2b846f62b,91407d,unknown (not recorded),,inferred: cloud container (2 vCPU) + laptop Windows; see PROTOCOL.md deviations,
protocol_A.jsonl:91,A,densenet,TwoPhase@k=8,0.36,3967470469,0,ok,ok,1.343194945532376,622324440,1,24,22.08,60,1200,eff53cc4804cc7d6246a6e5086861ce2b846f62b,91407d,unknown (not recorded),,inferred: cloud container (2 vCPU) + laptop Windows; see PROTOCOL.md deviations,
protocol_A.jsonl:92,A,densenet,NbhdPenalty@b=0.25,0.34,3747055443,0,ok,ok,1.3728636185271936,622324440,1,14,4.63,60,1200,eff53cc4804cc7d6246a6e5086861ce2b846f62b,91407d,unknown (not recorded),,inferred: cloud container (2 vCPU) + laptop Windows; see PROTOCOL.md deviations,
protocol_A.jsonl:93,A,densenet,TwoPhase@k=8,0.34,3747055443,0,ok,ok,1.3751107897418497,824634072,8,9,3.46,60,1200,eff53cc4804cc7d6246a6e5086861ce2b846f62b,91407d,unknown (not recorded),,inferred: cloud container (2 vCPU) + laptop Windows; see PROTOCOL.md deviations,
protocol_A.jsonl:94,A,densenet,DTR,0.33,3636847930,0,ok,ok,1.400489477683509,757195480,13,14,4.02,60,1200,eff53cc4804cc7d6246a6e5086861ce2b846f62b,91407d,unknown (not recorded),,inferred: cloud container (2 vCPU) + laptop Windows; see PROTOCOL.md deviations,
protocol_A.jsonl:95,A,densenet,NbhdPenalty@b=0.25,0.33,3636847930,0,ok,ok,1.3513051959540348,622324440,1,14,4.58,60,1200,eff53cc4804cc7d6246a6e5086861ce2b846f62b,91407d,unknown (not recorded),,inferred: cloud container (2 vCPU) + laptop Windows; see PROTOCOL.md deviations,
protocol_A.jsonl:96,A,densenet,TwoPhase@k=8,0.33,3636847930,0,ok,ok,1.3732959077806943,824634072,8,14,3.15,60,1200,eff53cc4804cc7d6246a6e5086861ce2b846f62b,91407d,unknown (not recorded),,inferred: cloud container (2 vCPU) + laptop Windows; see PROTOCOL.md deviations,
protocol_A.jsonl:97,A,densenet,DTR,0.32,3526640417,0,ok,ok,1.396971205728221,757195480,13,14,4.25,60,1200,eff53cc4804cc7d6246a6e5086861ce2b846f62b,91407d,unknown (not recorded),,inferred: cloud container (2 vCPU) + laptop Windows; see PROTOCOL.md deviations,
protocol_A.jsonl:98,A,densenet,NbhdPenalty@b=0.25,0.32,3526640417,0,ok,ok,1.4096657762807983,757195480,13,14,3.99,60,1200,eff53cc4804cc7d6246a6e5086861ce2b846f62b,91407d,unknown (not recorded),,inferred: cloud container (2 vCPU) + laptop Windows; see PROTOCOL.md deviations,
protocol_A.jsonl:99,A,densenet,TwoPhase@k=8,0.32,3526640417,0,ok,ok,1.3275266075791796,622324440,1,14,3.54,60,1200,eff53cc4804cc7d6246a6e5086861ce2b846f62b,91407d,unknown (not recorded),,inferred: cloud container (2 vCPU) + laptop Windows; see PROTOCOL.md deviations,
protocol_A.jsonl:100,A,densenet,DTR,0.31,3416432904,0,ok,ok,1.410984867568213,757195480,13,14,4.4,60,1200,eff53cc4804cc7d6246a6e5086861ce2b846f62b,91407d,unknown (not recorded),,inferred: cloud container (2 vCPU) + laptop Windows; see PROTOCOL.md deviations,
protocol_A.jsonl:101,A,densenet,NbhdPenalty@b=0.25,0.31,3416432904,0,ok,ok,1.4370690736825313,757195480,13,14,4.01,60,1200,eff53cc4804cc7d6246a6e5086861ce2b846f62b,91407d,unknown (not recorded),,inferred: cloud container (2 vCPU) + laptop Windows; see PROTOCOL.md deviations,
protocol_A.jsonl:102,A,densenet,DTR,0.3,3306225391,0,ok,ok,1.4464833266976103,656043736,13,14,6.21,60,1200,eff53cc4804cc7d6246a6e5086861ce2b846f62b,91407d,unknown (not recorded),,inferred: cloud container (2 vCPU) + laptop Windows; see PROTOCOL.md deviations,
protocol_A.jsonl:103,A,densenet,NbhdPenalty@b=0.25,0.3,3306225391,0,ok,ok,1.463377161565885,757195480,13,24,17.14,60,1200,eff53cc4804cc7d6246a6e5086861ce2b846f62b,91407d,unknown (not recorded),,inferred: cloud container (2 vCPU) + laptop Windows; see PROTOCOL.md deviations,
protocol_A.jsonl:104,A,densenet,TwoPhase@k=8,0.31,3416432904,0,ok,ok,1.4008286341475524,824634072,8,24,25.65,60,1200,eff53cc4804cc7d6246a6e5086861ce2b846f62b,91407d,unknown (not recorded),,inferred: cloud container (2 vCPU) + laptop Windows; see PROTOCOL.md deviations,
protocol_A.jsonl:105,A,densenet,DTR,0.29,3196017878,0,ok,ok,1.4606421563530945,622324440,2,19,5.49,60,1200,eff53cc4804cc7d6246a6e5086861ce2b846f62b,91407d,unknown (not recorded),,inferred: cloud container (2 vCPU) + laptop Windows; see PROTOCOL.md deviations,
protocol_A.jsonl:106,A,densenet,NbhdPenalty@b=0.25,0.29,3196017878,0,ok,ok,1.4893427465093216,757195480,13,24,15.28,60,1200,eff53cc4804cc7d6246a6e5086861ce2b846f62b,91407d,unknown (not recorded),,inferred: cloud container (2 vCPU) + laptop Windows; see PROTOCOL.md deviations,
protocol_A.jsonl:107,A,densenet,TwoPhase@k=8,0.3,3306225391,0,ok,ok,1.4196592004134883,824634072,8,24,23.4,60,1200,eff53cc4804cc7d6246a6e5086861ce2b846f62b,91407d,unknown (not recorded),,inferred: cloud container (2 vCPU) + laptop Windows; see PROTOCOL.md deviations,
protocol_A.jsonl:108,A,densenet,DTR,0.28,3085810365,0,ok,ok,1.4914411698266423,622324440,2,19,5.61,60,1200,eff53cc4804cc7d6246a6e5086861ce2b846f62b,91407d,unknown (not recorded),,inferred: cloud container (2 vCPU) + laptop Windows; see PROTOCOL.md deviations,
protocol_A.jsonl:109,A,densenet,TwoPhase@k=8,0.29,3196017878,0,ok,ok,1.4563191709386067,757195480,13,24,22.7,60,1200,eff53cc4804cc7d6246a6e5086861ce2b846f62b,91407d,unknown (not recorded),,inferred: cloud container (2 vCPU) + laptop Windows; see PROTOCOL.md deviations,
protocol_A.jsonl:110,A,densenet,NbhdPenalty@b=0.25,0.28,3085810365,0,ok,ok,1.4836855276373593,757195480,13,24,15.3,60,1200,eff53cc4804cc7d6246a6e5086861ce2b846f62b,91407d,unknown (not recorded),,inferred: cloud container (2 vCPU) + laptop Windows; see PROTOCOL.md deviations,
protocol_A.jsonl:111,A,densenet,TwoPhase@k=8,0.28,3085810365,0,ok,ok,1.411398983403112,757195480,13,14,2.96,60,1200,eff53cc4804cc7d6246a6e5086861ce2b846f62b,91407d,unknown (not recorded),,inferred: cloud container (2 vCPU) + laptop Windows; see PROTOCOL.md deviations,
protocol_A.jsonl:112,A,densenet,DTR,0.27,2975602852,0,ok,ok,1.504823918234083,622324440,2,19,4.8,60,1200,eff53cc4804cc7d6246a6e5086861ce2b846f62b,91407d,unknown (not recorded),,inferred: cloud container (2 vCPU) + laptop Windows; see PROTOCOL.md deviations,
protocol_A.jsonl:113,A,densenet,TwoPhase@k=8,0.27,2975602852,0,ok,ok,1.439851059025924,757195480,13,24,10.8,60,1200,eff53cc4804cc7d6246a6e5086861ce2b846f62b,91407d,unknown (not recorded),,inferred: cloud container (2 vCPU) + laptop Windows; see PROTOCOL.md deviations,
protocol_A.jsonl:114,A,densenet,NbhdPenalty@b=0.25,0.27,2975602852,0,ok,ok,1.4718352822356957,757195480,13,24,14.02,60,1200,eff53cc4804cc7d6246a6e5086861ce2b846f62b,91407d,unknown (not recorded),,inferred: cloud container (2 vCPU) + laptop Windows; see PROTOCOL.md deviations,
protocol_A.jsonl:115,A,densenet,DTR,0.26,2865395339,0,ok,ok,1.509267027778339,622324440,2,19,4.86,60,1200,eff53cc4804cc7d6246a6e5086861ce2b846f62b,91407d,unknown (not recorded),,inferred: cloud container (2 vCPU) + laptop Windows; see PROTOCOL.md deviations,
protocol_A.jsonl:116,A,densenet,NbhdPenalty@b=0.25,0.26,2865395339,0,ok,ok,1.5259998828029813,757195480,13,24,14.06,60,1200,eff53cc4804cc7d6246a6e5086861ce2b846f62b,91407d,unknown (not recorded),,inferred: cloud container (2 vCPU) + laptop Windows; see PROTOCOL.md deviations,
protocol_A.jsonl:117,A,densenet,DTR,0.25,2755187826,0,ok,ok,1.5302349985986456,622324440,2,19,4.94,60,1200,eff53cc4804cc7d6246a6e5086861ce2b846f62b,91407d,unknown (not recorded),,inferred: cloud container (2 vCPU) + laptop Windows; see PROTOCOL.md deviations,
protocol_A.jsonl:118,A,densenet,TwoPhase@k=8,0.26,2865395339,0,ok,ok,1.4401725599448396,757195480,13,24,18.07,60,1200,eff53cc4804cc7d6246a6e5086861ce2b846f62b,91407d,unknown (not recorded),,inferred: cloud container (2 vCPU) + laptop Windows; see PROTOCOL.md deviations,
protocol_A.jsonl:119,A,densenet,TwoPhase@k=8,0.25,2755187826,0,ok,ok,1.463149454850918,824634072,8,14,3.55,60,1200,eff53cc4804cc7d6246a6e5086861ce2b846f62b,91407d,unknown (not recorded),,inferred: cloud container (2 vCPU) + laptop Windows; see PROTOCOL.md deviations,
protocol_A.jsonl:120,A,densenet,NbhdPenalty@b=0.25,0.25,2755187826,0,ok,ok,1.5237768883988856,757195480,13,24,14.23,60,1200,eff53cc4804cc7d6246a6e5086861ce2b846f62b,91407d,unknown (not recorded),,inferred: cloud container (2 vCPU) + laptop Windows; see PROTOCOL.md deviations,
protocol_A.jsonl:121,A,densenet,NbhdPenalty@b=0.25,0.24,2644980312,0,ok,ok,1.5323716516735728,757195480,13,24,13.98,60,1200,eff53cc4804cc7d6246a6e5086861ce2b846f62b,91407d,unknown (not recorded),,inferred: cloud container (2 vCPU) + laptop Windows; see PROTOCOL.md deviations,
protocol_A.jsonl:122,A,densenet,DTR,0.24,2644980312,0,ok,ok,1.5518042683694646,672903384,13,24,27.29,60,1200,eff53cc4804cc7d6246a6e5086861ce2b846f62b,91407d,unknown (not recorded),,inferred: cloud container (2 vCPU) + laptop Windows; see PROTOCOL.md deviations,
protocol_A.jsonl:123,A,densenet,TwoPhase@k=8,0.24,2644980312,0,ok,ok,1.4865290357865768,622324440,2,24,21.25,60,1200,eff53cc4804cc7d6246a6e5086861ce2b846f62b,91407d,unknown (not recorded),,inferred: cloud container (2 vCPU) + laptop Windows; see PROTOCOL.md deviations,
protocol_A.jsonl:124,A,densenet,DTR,0.23,2534772799,0,ok,ok,1.5553984256758966,672903384,13,24,24.34,60,1200,eff53cc4804cc7d6246a6e5086861ce2b846f62b,91407d,unknown (not recorded),,inferred: cloud container (2 vCPU) + laptop Windows; see PROTOCOL.md deviations,
protocol_A.jsonl:125,A,densenet,NbhdPenalty@b=0.25,0.23,2534772799,0,ok,ok,1.6248141467496937,824634072,8,22,12.78,60,1200,eff53cc4804cc7d6246a6e5086861ce2b846f62b,91407d,unknown (not recorded),,inferred: cloud container (2 vCPU) + laptop Windows; see PROTOCOL.md deviations,
protocol_A.jsonl:126,A,densenet,TwoPhase@k=8,0.23,2534772799,0,ok,ok,1.473943519818258,622324440,2,24,17.69,60,1200,eff53cc4804cc7d6246a6e5086861ce2b846f62b,91407d,unknown (not recorded),,inferred: cloud container (2 vCPU) + laptop Windows; see PROTOCOL.md deviations,
protocol_A.jsonl:127,A,densenet,DTR,0.22,2424565286,0,ok,ok,1.6405747900206007,824634072,8,24,24.49,60,1200,eff53cc4804cc7d6246a6e5086861ce2b846f62b,91407d,unknown (not recorded),,inferred: cloud container (2 vCPU) + laptop Windows; see PROTOCOL.md deviations,
protocol_A.jsonl:128,A,densenet,NbhdPenalty@b=0.25,0.22,2424565286,0,ok,ok,1.5610000969886952,757195480,13,22,18.25,60,1200,eff53cc4804cc7d6246a6e5086861ce2b846f62b,5c5f70e,unknown (not recorded),,inferred: cloud container (2 vCPU) + laptop Windows; see PROTOCOL.md deviations,
protocol_A.jsonl:129,A,densenet,TwoPhase@k=8,0.22,2424565286,0,ok,ok,1.5662712918472024,824634072,8,24,19.13,60,1200,eff53cc4804cc7d6246a6e5086861ce2b846f62b,5c5f70e,unknown (not recorded),,inferred: cloud container (2 vCPU) + laptop Windows; see PROTOCOL.md deviations,
protocol_A.jsonl:130,A,densenet,NbhdPenalty@b=0.25,0.21,2314357773,0,ok,ok,1.6259745914386396,824634072,8,22,13.67,60,1200,eff53cc4804cc7d6246a6e5086861ce2b846f62b,5c5f70e,unknown (not recorded),,inferred: cloud container (2 vCPU) + laptop Windows; see PROTOCOL.md deviations,
protocol_A.jsonl:131,A,densenet,DTR,0.21,2314357773,0,ok,ok,1.6744953534083984,824634072,8,24,21.75,60,1200,eff53cc4804cc7d6246a6e5086861ce2b846f62b,5c5f70e,unknown (not recorded),,inferred: cloud container (2 vCPU) + laptop Windows; see PROTOCOL.md deviations,
protocol_A.jsonl:132,A,densenet,DTR,0.2,2204150260,0,ok,ok,1.679425314679906,824634072,8,24,23.55,60,1200,eff53cc4804cc7d6246a6e5086861ce2b846f62b,5c5f70e,unknown (not recorded),,inferred: cloud container (2 vCPU) + laptop Windows; see PROTOCOL.md deviations,
protocol_A.jsonl:133,A,densenet,NbhdPenalty@b=0.25,0.2,2204150260,0,ok,ok,1.6779578188677855,824634072,8,22,13.13,60,1200,eff53cc4804cc7d6246a6e5086861ce2b846f62b,5c5f70e,unknown (not recorded),,inferred: cloud container (2 vCPU) + laptop Windows; see PROTOCOL.md deviations,
protocol_A.jsonl:134,A,densenet,TwoPhase@k=8,0.2,2204150260,0,ok,ok,1.6109530971563848,689758936,18,24,12.91,60,1200,eff53cc4804cc7d6246a6e5086861ce2b846f62b,5c5f70e,unknown (not recorded),,inferred: cloud container (2 vCPU) + laptop Windows; see PROTOCOL.md deviations,
protocol_A.jsonl:135,A,densenet,DTR,0.19,2093942747,0,ok,ok,1.6519824646915835,689758936,18,24,19.97,60,1200,eff53cc4804cc7d6246a6e5086861ce2b846f62b,5c5f70e,unknown (not recorded),,inferred: cloud container (2 vCPU) + laptop Windows; see PROTOCOL.md deviations,
protocol_A.jsonl:136,A,densenet,DTR,0.19,2093942747,1,ok,ok,1.6519824646915835,689758936,18,24,19.68,60,1200,eff53cc4804cc7d6246a6e5086861ce2b846f62b,5c5f70e,unknown (not recorded),,inferred: cloud container (2 vCPU) + laptop Windows; see PROTOCOL.md deviations,
protocol_A.jsonl:137,A,densenet,DTR,0.19,2093942747,2,ok,ok,1.6519824646915835,689758936,18,24,20.21,60,1200,eff53cc4804cc7d6246a6e5086861ce2b846f62b,5c5f70e,unknown (not recorded),,inferred: cloud container (2 vCPU) + laptop Windows; see PROTOCOL.md deviations,
protocol_A.jsonl:138,A,densenet,NbhdPenalty@b=0.25,0.19,2093942747,0,ok,ok,1.7889136292308503,824634072,8,22,13.42,60,1200,eff53cc4804cc7d6246a6e5086861ce2b846f62b,5c5f70e,unknown (not recorded),,inferred: cloud container (2 vCPU) + laptop Windows; see PROTOCOL.md deviations,
protocol_A.jsonl:139,A,densenet,NbhdPenalty@b=0.25,0.19,2093942747,1,ok,ok,1.7889136292308503,824634072,8,22,21.09,60,1200,eff53cc4804cc7d6246a6e5086861ce2b846f62b,c549219,unknown (not recorded),,inferred: cloud container (2 vCPU) + laptop Windows; see PROTOCOL.md deviations,
protocol_A.jsonl:140,A,densenet,NbhdPenalty@b=0.25,0.19,2093942747,2,ok,ok,1.7889136292308503,824634072,8,22,21.91,60,1200,eff53cc4804cc7d6246a6e5086861ce2b846f62b,c549219,unknown (not recorded),,inferred: cloud container (2 vCPU) + laptop Windows; see PROTOCOL.md deviations,
protocol_A.jsonl:141,A,densenet,NbhdPenalty@b=0.25,0.18,1983735234,0,ok,ok,1.8530476600646992,824634072,8,22,23.37,60,1200,eff53cc4804cc7d6246a6e5086861ce2b846f62b,c549219,unknown (not recorded),,inferred: cloud container (2 vCPU) + laptop Windows; see PROTOCOL.md deviations,
protocol_A.jsonl:142,A,densenet,DTR,0.18,1983735234,0,ok,ok,1.6785459992951293,824634072,8,24,27.59,60,1200,eff53cc4804cc7d6246a6e5086861ce2b846f62b,c549219,unknown (not recorded),,inferred: cloud container (2 vCPU) + laptop Windows; see PROTOCOL.md deviations,
protocol_A.jsonl:143,A,densenet,NbhdPenalty@b=0.25,0.17,1873527721,0,ok,ok,1.6910192915186903,824634072,8,22,20.6,60,1200,eff53cc4804cc7d6246a6e5086861ce2b846f62b,c549219,unknown (not recorded),,inferred: cloud container (2 vCPU) + laptop Windows; see PROTOCOL.md deviations,
protocol_A.jsonl:144,A,densenet,DTR,0.17,1873527721,0,ok,ok,1.6839726744061356,824634072,8,24,34.59,60,1200,eff53cc4804cc7d6246a6e5086861ce2b846f62b,c549219,unknown (not recorded),,inferred: cloud container (2 vCPU) + laptop Windows; see PROTOCOL.md deviations,
protocol_A.jsonl:145,A,densenet,NbhdPenalty@b=0.25,0.16,1763320208,0,ok,ok,1.881229467653651,824634072,8,22,23.58,60,1200,eff53cc4804cc7d6246a6e5086861ce2b846f62b,c549219,unknown (not recorded),,inferred: cloud container (2 vCPU) + laptop Windows; see PROTOCOL.md deviations,
protocol_A.jsonl:146,A,densenet,DTR,0.16,1763320208,0,ok,ok,1.6950243701687542,824634072,8,24,37.91,60,1200,eff53cc4804cc7d6246a6e5086861ce2b846f62b,c549219,unknown (not recorded),,inferred: cloud container (2 vCPU) + laptop Windows; see PROTOCOL.md deviations,
protocol_A.jsonl:147,A,densenet,DTR,0.15,1653112695,0,ok,ok,1.7387726269193897,824634072,8,24,29.58,60,1200,eff53cc4804cc7d6246a6e5086861ce2b846f62b,c549219,unknown (not recorded),,inferred: cloud container (2 vCPU) + laptop Windows; see PROTOCOL.md deviations,
protocol_A.jsonl:148,A,densenet,NbhdPenalty@b=0.25,0.15,1653112695,0,ok,ok,1.9301793300147025,824634072,8,22,57.5,60,1200,eff53cc4804cc7d6246a6e5086861ce2b846f62b,c549219,unknown (not recorded),,inferred: cloud container (2 vCPU) + laptop Windows; see PROTOCOL.md deviations,
protocol_A.jsonl:149,A,densenet,TwoPhase@k=8,0.16,1763320208,0,oom,"oom: evictable pool empty, pinned 1.76 GB at depth 92",,1758766552,92,111,355.69,60,1200,eff53cc4804cc7d6246a6e5086861ce2b846f62b,c549219,unknown (not recorded),,inferred: cloud container (2 vCPU) + laptop Windows; see PROTOCOL.md deviations,
protocol_A.jsonl:150,A,densenet,DTR,0.14,1542905182,0,ok,ok,1.7754908610248816,824634072,8,24,27.41,60,1200,eff53cc4804cc7d6246a6e5086861ce2b846f62b,c549219,unknown (not recorded),,inferred: cloud container (2 vCPU) + laptop Windows; see PROTOCOL.md deviations,
protocol_A.jsonl:151,A,densenet,NbhdPenalty@b=0.25,0.14,1542905182,0,ok,ok,1.8888888979579292,824634072,8,22,55.96,60,1200,eff53cc4804cc7d6246a6e5086861ce2b846f62b,c549219,unknown (not recorded),,inferred: cloud container (2 vCPU) + laptop Windows; see PROTOCOL.md deviations,
protocol_A.jsonl:152,A,densenet,TwoPhase@k=8,0.17,1873527721,0,oom,"oom: evictable pool empty, pinned 1.87 GB at depth 92",,1870459608,92,102,525.14,60,1200,eff53cc4804cc7d6246a6e5086861ce2b846f62b,c549219,unknown (not recorded),,inferred: cloud container (2 vCPU) + laptop Windows; see PROTOCOL.md deviations,
protocol_A.jsonl:153,A,densenet,DTR,0.13,1432697669,0,oom,"oom: evictable pool empty, pinned 1.42 GB at depth 94",,1421055960,94,102,111.31,60,1200,eff53cc4804cc7d6246a6e5086861ce2b846f62b,c549219,unknown (not recorded),,inferred: cloud container (2 vCPU) + laptop Windows; see PROTOCOL.md deviations,
protocol_A.jsonl:154,A,densenet,TwoPhase@k=8,0.21,2314357773,0,oom,"oom: evictable pool empty, pinned 2.31 GB at depth 106",,2306710488,106,116,757.61,60,1200,eff53cc4804cc7d6246a6e5086861ce2b846f62b,c549219,unknown (not recorded),,inferred: cloud container (2 vCPU) + laptop Windows; see PROTOCOL.md deviations,
protocol_A.jsonl:155,A,densenet,TwoPhase@k=8,0.15,1653112695,0,oom,"oom: evictable pool empty, pinned 1.65 GB at depth 93",,1649714136,93,104,666.36,60,1200,eff53cc4804cc7d6246a6e5086861ce2b846f62b,c549219,unknown (not recorded),,inferred: cloud container (2 vCPU) + laptop Windows; see PROTOCOL.md deviations,
protocol_A.jsonl:156,A,densenet,TwoPhase@k=8,0.14,1542905182,0,oom,"oom: evictable pool empty, pinned 1.53 GB at depth 85",,1533276120,85,92,361.69,60,1200,eff53cc4804cc7d6246a6e5086861ce2b846f62b,c549219,unknown (not recorded),,inferred: cloud container (2 vCPU) + laptop Windows; see PROTOCOL.md deviations,
protocol_A.jsonl:157,A,densenet,DTR,0.12,1322490156,0,oom,"oom: evictable pool empty, pinned 1.26 GB at depth 56",,1258754776,56,57,57.62,60,1200,eff53cc4804cc7d6246a6e5086861ce2b846f62b,c549219,unknown (not recorded),,inferred: cloud container (2 vCPU) + laptop Windows; see PROTOCOL.md deviations,
protocol_A.jsonl:158,A,densenet,TwoPhase@k=8,0.12,1322490156,0,oom,"oom: evictable pool empty, pinned 1.26 GB at depth 56",,1258754776,56,57,29.84,60,1200,eff53cc4804cc7d6246a6e5086861ce2b846f62b,c549219,unknown (not recorded),,inferred: cloud container (2 vCPU) + laptop Windows; see PROTOCOL.md deviations,
protocol_A.jsonl:159,A,densenet,TwoPhase@k=8,0.19,2093942747,0,oom,"oom: evictable pool empty, pinned 2.03 GB at depth 80",,2030093528,80,111,930.83,60,1200,eff53cc4804cc7d6246a6e5086861ce2b846f62b,c549219,unknown (not recorded),,inferred: cloud container (2 vCPU) + laptop Windows; see PROTOCOL.md deviations,
protocol_A.jsonl:160,A,densenet,TwoPhase@k=8,0.19,2093942747,2,oom,"oom: evictable pool empty, pinned 2.03 GB at depth 80",,2030093528,80,111,933.92,60,1200,eff53cc4804cc7d6246a6e5086861ce2b846f62b,c549219,unknown (not recorded),,inferred: cloud container (2 vCPU) + laptop Windows; see PROTOCOL.md deviations,
protocol_A.jsonl:161,A,densenet,TwoPhase@k=8,0.19,2093942747,1,oom,"oom: evictable pool empty, pinned 2.03 GB at depth 80",,2030093528,80,111,940.44,60,1200,eff53cc4804cc7d6246a6e5086861ce2b846f62b,c549219,unknown (not recorded),,inferred: cloud container (2 vCPU) + laptop Windows; see PROTOCOL.md deviations,
protocol_A.jsonl:162,A,densenet,TwoPhase@k=8,0.11,1212282643,0,oom,"oom: evictable pool empty, pinned 1.09 GB at depth 27",,1094378200,27,28,21.34,60,1200,eff53cc4804cc7d6246a6e5086861ce2b846f62b,c549219,unknown (not recorded),,inferred: cloud container (2 vCPU) + laptop Windows; see PROTOCOL.md deviations,
protocol_A.jsonl:163,A,densenet,DTR,0.1,1102075130,0,oom,"oom: evictable pool empty, pinned 0.86 GB at depth 6",,858350296,6,17,21.65,60,1200,eff53cc4804cc7d6246a6e5086861ce2b846f62b,c549219,unknown (not recorded),,inferred: cloud container (2 vCPU) + laptop Windows; see PROTOCOL.md deviations,
protocol_A.jsonl:164,A,densenet,NbhdPenalty@b=0.25,0.11,1212282643,0,oom,"oom: evictable pool empty, pinned 1.09 GB at depth 27",,1094378200,27,28,40.09,60,1200,eff53cc4804cc7d6246a6e5086861ce2b846f62b,c549219,unknown (not recorded),,inferred: cloud container (2 vCPU) + laptop Windows; see PROTOCOL.md deviations,
protocol_A.jsonl:165,A,densenet,DTR,0.11,1212282643,0,oom,"oom: evictable pool empty, pinned 1.09 GB at depth 27",,1094378200,27,28,44.93,60,1200,eff53cc4804cc7d6246a6e5086861ce2b846f62b,c549219,unknown (not recorded),,inferred: cloud container (2 vCPU) + laptop Windows; see PROTOCOL.md deviations,
protocol_A.jsonl:166,A,densenet,NbhdPenalty@b=0.25,0.12,1322490156,0,oom,"oom: evictable pool empty, pinned 1.26 GB at depth 56",,1258754776,56,57,88.7,60,1200,eff53cc4804cc7d6246a6e5086861ce2b846f62b,c549219,unknown (not recorded),,inferred: cloud container (2 vCPU) + laptop Windows; see PROTOCOL.md deviations,
protocol_A.jsonl:167,A,densenet,NbhdPenalty@b=0.25,0.1,1102075130,0,oom,"oom: evictable pool empty, pinned 0.86 GB at depth 6",,858350296,6,19,21.4,60,1200,eff53cc4804cc7d6246a6e5086861ce2b846f62b,c549219,unknown (not recorded),,inferred: cloud container (2 vCPU) + laptop Windows; see PROTOCOL.md deviations,
protocol_A.jsonl:168,A,densenet,DTR,0.09,991867617,0,oom,"oom: evictable pool empty, pinned 0.82 GB at depth 8",,824634072,8,17,20.51,60,1200,eff53cc4804cc7d6246a6e5086861ce2b846f62b,c549219,unknown (not recorded),,inferred: cloud container (2 vCPU) + laptop Windows; see PROTOCOL.md deviations,
protocol_A.jsonl:169,A,densenet,DTR,0.09,991867617,2,oom,"oom: evictable pool empty, pinned 0.82 GB at depth 8",,824634072,8,17,19.7,60,1200,eff53cc4804cc7d6246a6e5086861ce2b846f62b,c549219,unknown (not recorded),,inferred: cloud container (2 vCPU) + laptop Windows; see PROTOCOL.md deviations,
protocol_A.jsonl:170,A,densenet,DTR,0.09,991867617,1,oom,"oom: evictable pool empty, pinned 0.82 GB at depth 8",,824634072,8,17,20.9,60,1200,eff53cc4804cc7d6246a6e5086861ce2b846f62b,c549219,unknown (not recorded),,inferred: cloud container (2 vCPU) + laptop Windows; see PROTOCOL.md deviations,
protocol_A.jsonl:171,A,densenet,NbhdPenalty@b=0.25,0.09,991867617,0,oom,"oom: evictable pool empty, pinned 0.82 GB at depth 8",,824634072,8,19,39.13,60,1200,eff53cc4804cc7d6246a6e5086861ce2b846f62b,c549219,unknown (not recorded),,inferred: cloud container (2 vCPU) + laptop Windows; see PROTOCOL.md deviations,
protocol_A.jsonl:172,A,densenet,NbhdPenalty@b=0.25,0.09,991867617,1,oom,"oom: evictable pool empty, pinned 0.82 GB at depth 8",,824634072,8,19,41.64,60,1200,eff53cc4804cc7d6246a6e5086861ce2b846f62b,c549219,unknown (not recorded),,inferred: cloud container (2 vCPU) + laptop Windows; see PROTOCOL.md deviations,
protocol_A.jsonl:173,A,densenet,NbhdPenalty@b=0.25,0.09,991867617,2,oom,"oom: evictable pool empty, pinned 0.82 GB at depth 8",,824634072,8,19,41.59,60,1200,eff53cc4804cc7d6246a6e5086861ce2b846f62b,c549219,unknown (not recorded),,inferred: cloud container (2 vCPU) + laptop Windows; see PROTOCOL.md deviations,
protocol_A.jsonl:174,A,densenet,DTR,0.08,881660104,0,oom,"oom: evictable pool empty, pinned 0.62 GB at depth 1",,622322392,1,17,29.76,60,1200,eff53cc4804cc7d6246a6e5086861ce2b846f62b,c549219,unknown (not recorded),,inferred: cloud container (2 vCPU) + laptop Windows; see PROTOCOL.md deviations,
protocol_A.jsonl:175,A,densenet,NbhdPenalty@b=0.25,0.08,881660104,0,oom,"oom: evictable pool empty, pinned 0.62 GB at depth 1",,622322392,23,24,10.83,60,1200,eff53cc4804cc7d6246a6e5086861ce2b846f62b,c549219,unknown (not recorded),,inferred: cloud container (2 vCPU) + laptop Windows; see PROTOCOL.md deviations,
protocol_A.jsonl:176,A,densenet,TwoPhase@k=8,0.18,1983735234,0,oom,"oom: evictable pool empty, pinned 1.97 GB at depth 92",,1967407320,92,111,1125.53,60,1200,eff53cc4804cc7d6246a6e5086861ce2b846f62b,c549219,unknown (not recorded),,inferred: cloud container (2 vCPU) + laptop Windows; see PROTOCOL.md deviations,
protocol_A.jsonl:177,A,densenet,DTR,0.07,771452591,0,oom,"oom: evictable pool empty, pinned 0.62 GB at depth 18",,620222936,18,19,1.82,60,1200,eff53cc4804cc7d6246a6e5086861ce2b846f62b,c549219,unknown (not recorded),,inferred: cloud container (2 vCPU) + laptop Windows; see PROTOCOL.md deviations,
protocol_A.jsonl:178,A,densenet,TwoPhase@k=8,0.1,1102075130,0,oom,"oom: evictable pool empty, pinned 1.04 GB at depth 47",,1043817432,47,82,188.1,60,1200,eff53cc4804cc7d6246a6e5086861ce2b846f62b,c549219,unknown (not recorded),,inferred: cloud container (2 vCPU) + laptop Windows; see PROTOCOL.md deviations,
protocol_A.jsonl:179,A,densenet,TwoPhase@k=8,0.13,1432697669,0,oom,"oom: evictable pool empty, pinned 1.39 GB at depth 50",,1391528408,50,88,393.65,60,1200,eff53cc4804cc7d6246a6e5086861ce2b846f62b,c549219,unknown (not recorded),,inferred: cloud container (2 vCPU) + laptop Windows; see PROTOCOL.md deviations,
protocol_A.jsonl:180,A,densenet,DTR,0.07,771452591,1,oom,"oom: evictable pool empty, pinned 0.62 GB at depth 18",,620222936,18,19,1.92,60,1200,eff53cc4804cc7d6246a6e5086861ce2b846f62b,c549219,unknown (not recorded),,inferred: cloud container (2 vCPU) + laptop Windows; see PROTOCOL.md deviations,
protocol_A.jsonl:181,A,densenet,DTR,0.07,771452591,2,oom,"oom: evictable pool empty, pinned 0.62 GB at depth 18",,620222936,18,19,2.0,60,1200,eff53cc4804cc7d6246a6e5086861ce2b846f62b,c549219,unknown (not recorded),,inferred: cloud container (2 vCPU) + laptop Windows; see PROTOCOL.md deviations,
protocol_A.jsonl:182,A,densenet,NbhdPenalty@b=0.25,0.07,771452591,0,oom,"oom: evictable pool empty, pinned 0.62 GB at depth 23",,622322392,23,24,1.74,60,1200,eff53cc4804cc7d6246a6e5086861ce2b846f62b,c549219,unknown (not recorded),,inferred: cloud container (2 vCPU) + laptop Windows; see PROTOCOL.md deviations,
protocol_A.jsonl:183,A,densenet,NbhdPenalty@b=0.25,0.07,771452591,1,oom,"oom: evictable pool empty, pinned 0.62 GB at depth 23",,622322392,23,24,1.7,60,1200,eff53cc4804cc7d6246a6e5086861ce2b846f62b,c549219,unknown (not recorded),,inferred: cloud container (2 vCPU) + laptop Windows; see PROTOCOL.md deviations,
protocol_A.jsonl:184,A,densenet,TwoPhase@k=8,0.07,771452591,0,oom,"oom: evictable pool empty, pinned 0.62 GB at depth 18",,622330584,18,19,1.24,60,1200,eff53cc4804cc7d6246a6e5086861ce2b846f62b,c549219,unknown (not recorded),,inferred: cloud container (2 vCPU) + laptop Windows; see PROTOCOL.md deviations,
protocol_A.jsonl:185,A,densenet,NbhdPenalty@b=0.25,0.07,771452591,2,oom,"oom: evictable pool empty, pinned 0.62 GB at depth 23",,622322392,23,24,1.83,60,1200,eff53cc4804cc7d6246a6e5086861ce2b846f62b,c549219,unknown (not recorded),,inferred: cloud container (2 vCPU) + laptop Windows; see PROTOCOL.md deviations,
protocol_A.jsonl:186,A,densenet,TwoPhase@k=8,0.07,771452591,1,oom,"oom: evictable pool empty, pinned 0.62 GB at depth 18",,622330584,18,19,1.29,60,1200,eff53cc4804cc7d6246a6e5086861ce2b846f62b,c549219,unknown (not recorded),,inferred: cloud container (2 vCPU) + laptop Windows; see PROTOCOL.md deviations,
protocol_A.jsonl:187,A,densenet,DTR,0.06,661245078,0,oom,"oom: evictable pool empty, pinned 0.45 GB at depth 4",,453730160,4,8,0.01,60,1200,eff53cc4804cc7d6246a6e5086861ce2b846f62b,c549219,unknown (not recorded),,inferred: cloud container (2 vCPU) + laptop Windows; see PROTOCOL.md deviations,
protocol_A.jsonl:188,A,densenet,DTR,0.06,661245078,1,oom,"oom: evictable pool empty, pinned 0.45 GB at depth 4",,453730160,4,8,0.02,60,1200,eff53cc4804cc7d6246a6e5086861ce2b846f62b,c549219,unknown (not recorded),,inferred: cloud container (2 vCPU) + laptop Windows; see PROTOCOL.md deviations,
protocol_A.jsonl:189,A,densenet,DTR,0.06,661245078,2,oom,"oom: evictable pool empty, pinned 0.45 GB at depth 4",,453730160,4,8,0.01,60,1200,eff53cc4804cc7d6246a6e5086861ce2b846f62b,c549219,unknown (not recorded),,inferred: cloud container (2 vCPU) + laptop Windows; see PROTOCOL.md deviations,
protocol_A.jsonl:190,A,densenet,NbhdPenalty@b=0.25,0.06,661245078,0,oom,"oom: evictable pool empty, pinned 0.45 GB at depth 4",,453730160,4,8,0.02,60,1200,eff53cc4804cc7d6246a6e5086861ce2b846f62b,c549219,unknown (not recorded),,inferred: cloud container (2 vCPU) + laptop Windows; see PROTOCOL.md deviations,
protocol_A.jsonl:191,A,densenet,NbhdPenalty@b=0.25,0.06,661245078,1,oom,"oom: evictable pool empty, pinned 0.45 GB at depth 4",,453730160,4,8,0.02,60,1200,eff53cc4804cc7d6246a6e5086861ce2b846f62b,c549219,unknown (not recorded),,inferred: cloud container (2 vCPU) + laptop Windows; see PROTOCOL.md deviations,
protocol_A.jsonl:192,A,densenet,NbhdPenalty@b=0.25,0.06,661245078,2,oom,"oom: evictable pool empty, pinned 0.45 GB at depth 4",,453730160,4,8,0.02,60,1200,eff53cc4804cc7d6246a6e5086861ce2b846f62b,c549219,unknown (not recorded),,inferred: cloud container (2 vCPU) + laptop Windows; see PROTOCOL.md deviations,
protocol_A.jsonl:193,A,densenet,TwoPhase@k=8,0.07,771452591,2,oom,"oom: evictable pool empty, pinned 0.62 GB at depth 18",,622330584,18,19,1.22,60,1200,eff53cc4804cc7d6246a6e5086861ce2b846f62b,c549219,unknown (not recorded),,inferred: cloud container (2 vCPU) + laptop Windows; see PROTOCOL.md deviations,
protocol_A.jsonl:194,A,densenet,TwoPhase@k=8,0.06,661245078,0,oom,"oom: evictable pool empty, pinned 0.49 GB at depth 4",,487448416,4,8,0.02,60,1200,eff53cc4804cc7d6246a6e5086861ce2b846f62b,c549219,unknown (not recorded),,inferred: cloud container (2 vCPU) + laptop Windows; see PROTOCOL.md deviations,
protocol_A.jsonl:195,A,densenet,TwoPhase@k=8,0.06,661245078,1,oom,"oom: evictable pool empty, pinned 0.49 GB at depth 4",,487448416,4,8,0.01,60,1200,eff53cc4804cc7d6246a6e5086861ce2b846f62b,c549219,unknown (not recorded),,inferred: cloud container (2 vCPU) + laptop Windows; see PROTOCOL.md deviations,
protocol_A.jsonl:196,A,densenet,TwoPhase@k=8,0.06,661245078,2,oom,"oom: evictable pool empty, pinned 0.49 GB at depth 4",,487448416,4,8,0.01,60,1200,eff53cc4804cc7d6246a6e5086861ce2b846f62b,c549219,unknown (not recorded),,inferred: cloud container (2 vCPU) + laptop Windows; see PROTOCOL.md deviations,
protocol_A.jsonl:197,A,densenet,DTR,0.05,551037565,0,oom,"oom: evictable pool empty, pinned 0.35 GB at depth 1",,352575248,1,1,0.01,60,1200,eff53cc4804cc7d6246a6e5086861ce2b846f62b,c549219,unknown (not recorded),,inferred: cloud container (2 vCPU) + laptop Windows; see PROTOCOL.md deviations,
protocol_A.jsonl:198,A,densenet,NbhdPenalty@b=0.25,0.05,551037565,0,oom,"oom: evictable pool empty, pinned 0.35 GB at depth 1",,352575248,1,1,0.01,60,1200,eff53cc4804cc7d6246a6e5086861ce2b846f62b,c549219,unknown (not recorded),,inferred: cloud container (2 vCPU) + laptop Windows; see PROTOCOL.md deviations,
protocol_A.jsonl:199,A,densenet,TwoPhase@k=8,0.05,551037565,0,oom,"oom: evictable pool empty, pinned 0.35 GB at depth 1",,352575248,1,1,0.01,60,1200,eff53cc4804cc7d6246a6e5086861ce2b846f62b,c549219,unknown (not recorded),,inferred: cloud container (2 vCPU) + laptop Windows; see PROTOCOL.md deviations,
protocol_A.jsonl:200,A,inception,TwoPhase@k=8,0.6,6747210820,0,ok,ok,1.1021436557690003,986579316,1,7,1.57,60,1200,eff53cc4804cc7d6246a6e5086861ce2b846f62b,c549219,unknown (not recorded),,inferred: cloud container (2 vCPU) + laptop Windows; see PROTOCOL.md deviations,
protocol_A.jsonl:201,A,inception,DTR,0.6,6747210820,0,ok,ok,1.0684069968899512,986579316,1,5,5.19,60,1200,eff53cc4804cc7d6246a6e5086861ce2b846f62b,c549219,unknown (not recorded),,inferred: cloud container (2 vCPU) + laptop Windows; see PROTOCOL.md deviations,
protocol_A.jsonl:202,A,inception,NbhdPenalty@b=0.25,0.6,6747210820,0,ok,ok,1.0667836766306333,986579316,1,4,5.92,60,1200,eff53cc4804cc7d6246a6e5086861ce2b846f62b,c549219,unknown (not recorded),,inferred: cloud container (2 vCPU) + laptop Windows; see PROTOCOL.md deviations,
protocol_A.jsonl:203,A,inception,DTR,0.59,6634757307,0,ok,ok,1.0684069968899512,986579316,1,5,4.29,60,1200,eff53cc4804cc7d6246a6e5086861ce2b846f62b,c549219,unknown (not recorded),,inferred: cloud container (2 vCPU) + laptop Windows; see PROTOCOL.md deviations,
protocol_A.jsonl:204,A,inception,TwoPhase@k=8,0.59,6634757307,0,ok,ok,1.1083763015212929,986579316,1,7,1.65,60,1200,eff53cc4804cc7d6246a6e5086861ce2b846f62b,c549219,unknown (not recorded),,inferred: cloud container (2 vCPU) + laptop Windows; see PROTOCOL.md deviations,
protocol_A.jsonl:205,A,densenet,NbhdPenalty@b=0.25,0.13,1432697669,0,oom,"oom: evictable pool empty, pinned 1.43 GB at depth 114",,1429992000,114,130,504.27,60,1200,eff53cc4804cc7d6246a6e5086861ce2b846f62b,c549219,unknown (not recorded),,inferred: cloud container (2 vCPU) + laptop Windows; see PROTOCOL.md deviations,
protocol_A.jsonl:206,A,inception,NbhdPenalty@b=0.25,0.59,6634757307,0,ok,ok,1.0680440863431233,986579316,1,4,6.58,60,1200,eff53cc4804cc7d6246a6e5086861ce2b846f62b,c549219,unknown (not recorded),,inferred: cloud container (2 vCPU) + laptop Windows; see PROTOCOL.md deviations,
protocol_A.jsonl:207,A,inception,DTR,0.58,6522303793,0,ok,ok,1.0715657627977466,986579316,1,5,6.11,60,1200,eff53cc4804cc7d6246a6e5086861ce2b846f62b,c549219,unknown (not recorded),,inferred: cloud container (2 vCPU) + laptop Windows; see PROTOCOL.md deviations,
protocol_A.jsonl:208,A,inception,DTR,0.58,6522303793,1,ok,ok,1.0715657627977466,986579316,1,5,5.72,60,1200,eff53cc4804cc7d6246a6e5086861ce2b846f62b,c549219,unknown (not recorded),,inferred: cloud container (2 vCPU) + laptop Windows; see PROTOCOL.md deviations,
protocol_A.jsonl:209,A,inception,DTR,0.58,6522303793,2,ok,ok,1.0715657627977466,986579316,1,5,5.29,60,1200,eff53cc4804cc7d6246a6e5086861ce2b846f62b,c549219,unknown (not recorded),,inferred: cloud container (2 vCPU) + laptop Windows; see PROTOCOL.md deviations,
protocol_A.jsonl:210,A,inception,NbhdPenalty@b=0.25,0.58,6522303793,0,ok,ok,1.0721345405890095,986579316,1,4,5.92,60,1200,eff53cc4804cc7d6246a6e5086861ce2b846f62b,c549219,unknown (not recorded),,inferred: cloud container (2 vCPU) + laptop Windows; see PROTOCOL.md deviations,
protocol_A.jsonl:211,A,inception,TwoPhase@k=8,0.58,6522303793,0,ok,ok,1.1103370024008046,986579316,1,7,1.4,60,1200,eff53cc4804cc7d6246a6e5086861ce2b846f62b,c549219,unknown (not recorded),,inferred: cloud container (2 vCPU) + laptop Windows; see PROTOCOL.md deviations,
protocol_A.jsonl:212,A,inception,NbhdPenalty@b=0.25,0.58,6522303793,1,ok,ok,1.0721345405890095,986579316,1,4,6.12,60,1200,eff53cc4804cc7d6246a6e5086861ce2b846f62b,c549219,unknown (not recorded),,inferred: cloud container (2 vCPU) + laptop Windows; see PROTOCOL.md deviations,
protocol_A.jsonl:213,A,inception,TwoPhase@k=8,0.58,6522303793,1,ok,ok,1.1103370024008046,986579316,1,7,1.53,60,1200,eff53cc4804cc7d6246a6e5086861ce2b846f62b,c549219,unknown (not recorded),,inferred: cloud container (2 vCPU) + laptop Windows; see PROTOCOL.md deviations,
protocol_A.jsonl:214,A,inception,NbhdPenalty@b=0.25,0.58,6522303793,2,ok,ok,1.0721345405890095,986579316,1,4,6.32,60,1200,eff53cc4804cc7d6246a6e5086861ce2b846f62b,c549219,unknown (not recorded),,inferred: cloud container (2 vCPU) + laptop Windows; see PROTOCOL.md deviations,
protocol_A.jsonl:215,A,inception,TwoPhase@k=8,0.58,6522303793,2,ok,ok,1.1103370024008046,986579316,1,7,1.7,60,1200,eff53cc4804cc7d6246a6e5086861ce2b846f62b,c549219,unknown (not recorded),,inferred: cloud container (2 vCPU) + laptop Windows; see PROTOCOL.md deviations,
protocol_A.jsonl:216,A,inception,TwoPhase@k=8,0.57,6409850279,0,ok,ok,1.1197529116658993,986579316,1,7,1.8,60,1200,eff53cc4804cc7d6246a6e5086861ce2b846f62b,c549219,unknown (not recorded),,inferred: cloud container (2 vCPU) + laptop Windows; see PROTOCOL.md deviations,
protocol_A.jsonl:217,A,inception,DTR,0.57,6409850279,0,ok,ok,1.0794160046880663,986579316,1,8,6.09,60,1200,eff53cc4804cc7d6246a6e5086861ce2b846f62b,c549219,unknown (not recorded),,inferred: cloud container (2 vCPU) + laptop Windows; see PROTOCOL.md deviations,
protocol_A.jsonl:218,A,inception,DTR,0.56,6297396766,0,ok,ok,1.0759946676958332,986579316,1,8,5.21,60,1200,eff53cc4804cc7d6246a6e5086861ce2b846f62b,c549219,unknown (not recorded),,inferred: cloud container (2 vCPU) + laptop Windows; see PROTOCOL.md deviations,
protocol_A.jsonl:219,A,inception,NbhdPenalty@b=0.25,0.57,6409850279,0,ok,ok,1.0734016234673298,986579316,1,4,6.46,60,1200,eff53cc4804cc7d6246a6e5086861ce2b846f62b,c549219,unknown (not recorded),,inferred: cloud container (2 vCPU) + laptop Windows; see PROTOCOL.md deviations,
protocol_A.jsonl:220,A,inception,TwoPhase@k=8,0.56,6297396766,0,ok,ok,1.1242903910304065,986579316,1,7,1.82,60,1200,eff53cc4804cc7d6246a6e5086861ce2b846f62b,c549219,unknown (not recorded),,inferred: cloud container (2 vCPU) + laptop Windows; see PROTOCOL.md deviations,
protocol_A.jsonl:221,A,inception,NbhdPenalty@b=0.25,0.56,6297396766,0,ok,ok,1.0782878782715752,986579316,1,4,5.13,60,1200,eff53cc4804cc7d6246a6e5086861ce2b846f62b,c549219,unknown (not recorded),,inferred: cloud container (2 vCPU) + laptop Windows; see PROTOCOL.md deviations,
protocol_A.jsonl:222,A,inception,TwoPhase@k=8,0.55,6184943252,0,ok,ok,1.116573936137451,986579316,1,7,1.71,60,1200,eff53cc4804cc7d6246a6e5086861ce2b846f62b,c549219,unknown (not recorded),,inferred: cloud container (2 vCPU) + laptop Windows; see PROTOCOL.md deviations,
protocol_A.jsonl:223,A,inception,DTR,0.55,6184943252,0,ok,ok,1.0773696179709666,986579316,1,8,5.68,60,1200,eff53cc4804cc7d6246a6e5086861ce2b846f62b,c549219,unknown (not recorded),,inferred: cloud container (2 vCPU) + laptop Windows; see PROTOCOL.md deviations,
protocol_A.jsonl:224,A,inception,NbhdPenalty@b=0.25,0.55,6184943252,0,ok,ok,1.0803873313483627,986579316,1,4,5.97,60,1200,eff53cc4804cc7d6246a6e5086861ce2b846f62b,c549219,unknown (not recorded),,inferred: cloud container (2 vCPU) + laptop Windows; see PROTOCOL.md deviations,
protocol_A.jsonl:225,A,inception,DTR,0.54,6072489738,0,ok,ok,1.0794160046880663,986579316,1,8,5.3,60,1200,eff53cc4804cc7d6246a6e5086861ce2b846f62b,c549219,unknown (not recorded),,inferred: cloud container (2 vCPU) + laptop Windows; see PROTOCOL.md deviations,
protocol_A.jsonl:226,A,inception,TwoPhase@k=8,0.54,6072489738,0,ok,ok,1.1305444201389006,986579316,1,7,1.9,60,1200,eff53cc4804cc7d6246a6e5086861ce2b846f62b,c549219,unknown (not recorded),,inferred: cloud container (2 vCPU) + laptop Windows; see PROTOCOL.md deviations,
protocol_A.jsonl:227,A,inception,NbhdPenalty@b=0.25,0.54,6072489738,0,ok,ok,1.0833408333777883,986579316,1,4,6.01,60,1200,eff53cc4804cc7d6246a6e5086861ce2b846f62b,c549219,unknown (not recorded),,inferred: cloud container (2 vCPU) + laptop Windows; see PROTOCOL.md deviations,
protocol_A.jsonl:228,A,inception,TwoPhase@k=8,0.53,5960036225,0,ok,ok,1.1326943595569408,986579316,1,7,1.78,60,1200,eff53cc4804cc7d6246a6e5086861ce2b846f62b,c549219,unknown (not recorded),,inferred: cloud container (2 vCPU) + laptop Windows; see PROTOCOL.md deviations,
protocol_A.jsonl:229,A,inception,DTR,0.53,5960036225,0,ok,ok,1.0824754681688962,986579316,1,8,6.63,60,1200,eff53cc4804cc7d6246a6e5086861ce2b846f62b,c549219,unknown (not recorded),,inferred: cloud container (2 vCPU) + laptop Windows; see PROTOCOL.md deviations,
protocol_A.jsonl:230,A,inception,NbhdPenalty@b=0.25,0.53,5960036225,0,ok,ok,1.084866156932016,986579316,1,4,6.86,60,1200,eff53cc4804cc7d6246a6e5086861ce2b846f62b,c549219,unknown (not recorded),,inferred: cloud container (2 vCPU) + laptop Windows; see PROTOCOL.md deviations,
protocol_A.jsonl:231,A,inception,TwoPhase@k=8,0.52,5847582711,0,ok,ok,1.1352559376166376,986579316,1,7,1.61,60,1200,eff53cc4804cc7d6246a6e5086861ce2b846f62b,c549219,unknown (not recorded),,inferred: cloud container (2 vCPU) + laptop Windows; see PROTOCOL.md deviations,
protocol_A.jsonl:232,A,inception,DTR,0.52,5847582711,0,ok,ok,1.0848041956366636,986579316,1,8,6.36,60,1200,eff53cc4804cc7d6246a6e5086861ce2b846f62b,c549219,unknown (not recorded),,inferred: cloud container (2 vCPU) + laptop Windows; see PROTOCOL.md deviations,
protocol_A.jsonl:233,A,inception,NbhdPenalty@b=0.25,0.52,5847582711,0,ok,ok,1.0914250870254596,986579316,1,5,6.37,60,1200,eff53cc4804cc7d6246a6e5086861ce2b846f62b,c549219,unknown (not recorded),,inferred: cloud container (2 vCPU) + laptop Windows; see PROTOCOL.md deviations,
protocol_A.jsonl:234,A,inception,TwoPhase@k=8,0.51,5735129197,0,ok,ok,1.1368726475607565,986579316,1,7,1.67,60,1200,eff53cc4804cc7d6246a6e5086861ce2b846f62b,c549219,unknown (not recorded),,inferred: cloud container (2 vCPU) + laptop Windows; see PROTOCOL.md deviations,
protocol_A.jsonl:235,A,inception,DTR,0.51,5735129197,0,ok,ok,1.0881990850830388,986579316,1,8,6.23,60,1200,eff53cc4804cc7d6246a6e5086861ce2b846f62b,c549219,unknown (not recorded),,inferred: cloud container (2 vCPU) + laptop Windows; see PROTOCOL.md deviations,
protocol_A.jsonl:236,A,inception,NbhdPenalty@b=0.25,0.51,5735129197,0,ok,ok,1.0918416971520906,986579316,1,5,6.29,60,1200,eff53cc4804cc7d6246a6e5086861ce2b846f62b,c549219,unknown (not recorded),,inferred: cloud container (2 vCPU) + laptop Windows; see PROTOCOL.md deviations,
protocol_A.jsonl:237,A,inception,TwoPhase@k=8,0.5,5622675684,0,ok,ok,1.1415877192417214,986579316,1,7,1.61,60,1200,eff53cc4804cc7d6246a6e5086861ce2b846f62b,c549219,unknown (not recorded),,inferred: cloud container (2 vCPU) + laptop Windows; see PROTOCOL.md deviations,
protocol_A.jsonl:238,A,inception,DTR,0.5,5622675684,0,ok,ok,1.0918652299998994,986579316,1,8,6.71,60,1200,eff53cc4804cc7d6246a6e5086861ce2b846f62b,c549219,unknown (not recorded),,inferred: cloud container (2 vCPU) + laptop Windows; see PROTOCOL.md deviations,
protocol_A.jsonl:239,A,inception,NbhdPenalty@b=0.25,0.5,5622675684,0,ok,ok,1.0957723489528481,986579316,1,5,6.66,60,1200,eff53cc4804cc7d6246a6e5086861ce2b846f62b,c549219,unknown (not recorded),,inferred: cloud container (2 vCPU) + laptop Windows; see PROTOCOL.md deviations,
protocol_A.jsonl:240,A,inception,TwoPhase@k=8,0.49,5510222170,0,ok,ok,1.154018149072117,986579316,1,7,1.77,60,1200,eff53cc4804cc7d6246a6e5086861ce2b846f62b,c549219,unknown (not recorded),,inferred: cloud container (2 vCPU) + laptop Windows; see PROTOCOL.md deviations,
protocol_A.jsonl:241,A,inception,DTR,0.49,5510222170,0,ok,ok,1.0945180483217687,986579316,1,8,6.54,60,1200,eff53cc4804cc7d6246a6e5086861ce2b846f62b,c549219,unknown (not recorded),,inferred: cloud container (2 vCPU) + laptop Windows; see PROTOCOL.md deviations,
protocol_A.jsonl:242,A,inception,NbhdPenalty@b=0.25,0.49,5510222170,0,ok,ok,1.0980460711189373,986579316,1,5,7.1,60,1200,eff53cc4804cc7d6246a6e5086861ce2b846f62b,c549219,unknown (not recorded),,inferred: cloud container (2 vCPU) + laptop Windows; see PROTOCOL.md deviations,
protocol_A.jsonl:243,A,inception,TwoPhase@k=8,0.48,5397768656,0,ok,ok,1.151844485111841,986579316,1,7,2.47,60,1200,eff53cc4804cc7d6246a6e5086861ce2b846f62b,c549219,unknown (not recorded),,inferred: cloud container (2 vCPU) + laptop Windows; see PROTOCOL.md deviations,
protocol_A.jsonl:244,A,inception,DTR,0.48,5397768656,0,ok,ok,1.0974468641942923,986579316,1,8,8.02,60,1200,eff53cc4804cc7d6246a6e5086861ce2b846f62b,c549219,unknown (not recorded),,inferred: cloud container (2 vCPU) + laptop Windows; see PROTOCOL.md deviations,
protocol_A.jsonl:245,A,inception,NbhdPenalty@b=0.25,0.48,5397768656,0,ok,ok,1.1014361902023593,986579316,1,6,7.38,60,1200,eff53cc4804cc7d6246a6e5086861ce2b846f62b,c549219,unknown (not recorded),,inferred: cloud container (2 vCPU) + laptop Windows; see PROTOCOL.md deviations,
protocol_A.jsonl:246,A,inception,TwoPhase@k=8,0.47,5285315142,0,ok,ok,1.1619782240127592,986579316,1,10,1.86,60,1200,eff53cc4804cc7d6246a6e5086861ce2b846f62b,c549219,unknown (not recorded),,inferred: cloud container (2 vCPU) + laptop Windows; see PROTOCOL.md deviations,
protocol_A.jsonl:247,A,inception,DTR,0.47,5285315142,0,ok,ok,1.1008011521325296,986579316,1,8,7.94,60,1200,eff53cc4804cc7d6246a6e5086861ce2b846f62b,c549219,unknown (not recorded),,inferred: cloud container (2 vCPU) + laptop Windows; see PROTOCOL.md deviations,
protocol_A.jsonl:248,A,inception,NbhdPenalty@b=0.25,0.47,5285315142,0,ok,ok,1.106971712459472,986579316,1,6,7.69,60,1200,eff53cc4804cc7d6246a6e5086861ce2b846f62b,c549219,unknown (not recorded),,inferred: cloud container (2 vCPU) + laptop Windows; see PROTOCOL.md deviations,
protocol_A.jsonl:249,A,inception,TwoPhase@k=8,0.46,5172861629,0,ok,ok,1.176084462236348,986579316,1,10,1.83,60,1200,eff53cc4804cc7d6246a6e5086861ce2b846f62b,c549219,unknown (not recorded),,inferred: cloud container (2 vCPU) + laptop Windows; see PROTOCOL.md deviations,
protocol_A.jsonl:250,A,inception,DTR,0.46,5172861629,0,ok,ok,1.1083967562594095,986579316,1,8,8.17,60,1200,eff53cc4804cc7d6246a6e5086861ce2b846f62b,c549219,unknown (not recorded),,inferred: cloud container (2 vCPU) + laptop Windows; see PROTOCOL.md deviations,
protocol_A.jsonl:251,A,inception,NbhdPenalty@b=0.25,0.46,5172861629,0,ok,ok,1.1105176979672067,986579316,1,6,6.75,60,1200,eff53cc4804cc7d6246a6e5086861ce2b846f62b,c549219,unknown (not recorded),,inferred: cloud container (2 vCPU) + laptop Windows; see PROTOCOL.md deviations,
protocol_A.jsonl:252,A,inception,DTR,0.45,5060408115,0,ok,ok,1.1093984523449878,986579316,1,8,7.52,60,1200,eff53cc4804cc7d6246a6e5086861ce2b846f62b,c549219,unknown (not recorded),,inferred: cloud container (2 vCPU) + laptop Windows; see PROTOCOL.md deviations,
protocol_A.jsonl:253,A,inception,DTR,0.45,5060408115,1,ok,ok,1.1093984523449878,986579316,1,8,7.38,60,1200,eff53cc4804cc7d6246a6e5086861ce2b846f62b,c549219,unknown (not recorded),,inferred: cloud container (2 vCPU) + laptop Windows; see PROTOCOL.md deviations,
protocol_A.jsonl:254,A,inception,NbhdPenalty@b=0.25,0.45,5060408115,0,ok,ok,1.1145117299163292,986579316,1,6,6.86,60,1200,eff53cc4804cc7d6246a6e5086861ce2b846f62b,c549219,unknown (not recorded),,inferred: cloud container (2 vCPU) + laptop Windows; see PROTOCOL.md deviations,
protocol_A.jsonl:255,A,inception,DTR,0.45,5060408115,2,ok,ok,1.1093984523449878,986579316,1,8,7.69,60,1200,eff53cc4804cc7d6246a6e5086861ce2b846f62b,c549219,unknown (not recorded),,inferred: cloud container (2 vCPU) + laptop Windows; see PROTOCOL.md deviations,
protocol_A.jsonl:256,A,inception,TwoPhase@k=8,0.45,5060408115,0,ok,ok,1.1882933294482845,986579316,1,10,1.79,60,1200,eff53cc4804cc7d6246a6e5086861ce2b846f62b,c549219,unknown (not recorded),,inferred: cloud container (2 vCPU) + laptop Windows; see PROTOCOL.md deviations,
protocol_A.jsonl:257,A,inception,TwoPhase@k=8,0.45,5060408115,1,ok,ok,1.1882933294482845,986579316,1,10,1.88,60,1200,eff53cc4804cc7d6246a6e5086861ce2b846f62b,c549219,unknown (not recorded),,inferred: cloud container (2 vCPU) + laptop Windows; see PROTOCOL.md deviations,
protocol_A.jsonl:258,A,inception,NbhdPenalty@b=0.25,0.45,5060408115,1,ok,ok,1.1145117299163292,986579316,1,6,6.63,60,1200,eff53cc4804cc7d6246a6e5086861ce2b846f62b,c549219,unknown (not recorded),,inferred: cloud container (2 vCPU) + laptop Windows; see PROTOCOL.md deviations,
protocol_A.jsonl:259,A,inception,TwoPhase@k=8,0.45,5060408115,2,ok,ok,1.1882933294482845,986579316,1,10,1.76,60,1200,eff53cc4804cc7d6246a6e5086861ce2b846f62b,c549219,unknown (not recorded),,inferred: cloud container (2 vCPU) + laptop Windows; see PROTOCOL.md deviations,
protocol_A.jsonl:260,A,inception,NbhdPenalty@b=0.25,0.45,5060408115,2,ok,ok,1.1145117299163292,986579316,1,6,6.61,60,1200,eff53cc4804cc7d6246a6e5086861ce2b846f62b,c549219,unknown (not recorded),,inferred: cloud container (2 vCPU) + laptop Windows; see PROTOCOL.md deviations,
protocol_A.jsonl:261,A,inception,DTR,0.44,4947954601,0,ok,ok,1.1137271387681504,986579316,1,8,8.03,60,1200,eff53cc4804cc7d6246a6e5086861ce2b846f62b,c549219,unknown (not recorded),,inferred: cloud container (2 vCPU) + laptop Windows; see PROTOCOL.md deviations,
protocol_A.jsonl:262,A,inception,NbhdPenalty@b=0.25,0.44,4947954601,0,ok,ok,1.116508950155444,986579316,1,6,7.11,60,1200,eff53cc4804cc7d6246a6e5086861ce2b846f62b,c549219,unknown (not recorded),,inferred: cloud container (2 vCPU) + laptop Windows; see PROTOCOL.md deviations,
protocol_A.jsonl:263,A,inception,DTR,0.43,4835501088,0,ok,ok,1.115231036542,986579316,1,8,8.41,60,1200,eff53cc4804cc7d6246a6e5086861ce2b846f62b,c549219,unknown (not recorded),,inferred: cloud container (2 vCPU) + laptop Windows; see PROTOCOL.md deviations,
protocol_A.jsonl:264,A,inception,NbhdPenalty@b=0.25,0.43,4835501088,0,ok,ok,1.1195301595992333,986579316,1,6,7.04,60,1200,eff53cc4804cc7d6246a6e5086861ce2b846f62b,c549219,unknown (not recorded),,inferred: cloud container (2 vCPU) + laptop Windows; see PROTOCOL.md deviations,
protocol_A.jsonl:265,A,inception,DTR,0.42,4723047574,0,ok,ok,1.118332199845758,986579316,1,8,8.93,60,1200,eff53cc4804cc7d6246a6e5086861ce2b846f62b,c549219,unknown (not recorded),,inferred: cloud container (2 vCPU) + laptop Windows; see PROTOCOL.md deviations,
protocol_A.jsonl:266,A,inception,NbhdPenalty@b=0.25,0.42,4723047574,0,ok,ok,1.124099958329874,986579316,1,7,7.07,60,1200,eff53cc4804cc7d6246a6e5086861ce2b846f62b,c549219,unknown (not recorded),,inferred: cloud container (2 vCPU) + laptop Windows; see PROTOCOL.md deviations,
protocol_A.jsonl:267,A,inception,DTR,0.41,4610594060,0,ok,ok,1.12538736553125,986579316,1,8,9.24,60,1200,eff53cc4804cc7d6246a6e5086861ce2b846f62b,c549219,unknown (not recorded),,inferred: cloud container (2 vCPU) + laptop Windows; see PROTOCOL.md deviations,
protocol_A.jsonl:268,A,inception,NbhdPenalty@b=0.25,0.41,4610594060,0,ok,ok,1.126466594156207,986579316,1,7,8.43,60,1200,eff53cc4804cc7d6246a6e5086861ce2b846f62b,c549219,unknown (not recorded),,inferred: cloud container (2 vCPU) + laptop Windows; see PROTOCOL.md deviations,
protocol_A.jsonl:269,A,densenet,TwoPhase@k=8,0.08,881660104,0,oom,"oom: evictable pool empty, pinned 0.87 GB at depth 69",,868921048,69,85,240.28,60,1200,eff53cc4804cc7d6246a6e5086861ce2b846f62b,c549219,unknown (not recorded),,inferred: cloud container (2 vCPU) + laptop Windows; see PROTOCOL.md deviations,
protocol_A.jsonl:270,A,inception,DTR,0.4,4498140547,0,ok,ok,1.1305599473874848,986579316,1,8,8.44,60,1200,eff53cc4804cc7d6246a6e5086861ce2b846f62b,c549219,unknown (not recorded),,inferred: cloud container (2 vCPU) + laptop Windows; see PROTOCOL.md deviations,
protocol_A.jsonl:271,A,inception,NbhdPenalty@b=0.25,0.4,4498140547,0,ok,ok,1.1539327900578145,986579316,1,8,5.19,60,1200,eff53cc4804cc7d6246a6e5086861ce2b846f62b,c549219,unknown (not recorded),,inferred: cloud container (2 vCPU) + laptop Windows; see PROTOCOL.md deviations,
protocol_A.jsonl:272,A,densenet,TwoPhase@k=8,0.09,991867617,0,oom,"oom: evictable pool empty, pinned 0.98 GB at depth 68",,981139160,68,87,407.81,60,1200,eff53cc4804cc7d6246a6e5086861ce2b846f62b,c549219,unknown (not recorded),,inferred: cloud container (2 vCPU) + laptop Windows; see PROTOCOL.md deviations,
protocol_A.jsonl:273,A,inception,DTR,0.39,4385687033,0,ok,ok,1.1417295118383102,986579316,1,12,9.76,60,1200,eff53cc4804cc7d6246a6e5086861ce2b846f62b,c549219,unknown (not recorded),,inferred: cloud container (2 vCPU) + laptop Windows; see PROTOCOL.md deviations,
protocol_A.jsonl:274,A,inception,NbhdPenalty@b=0.25,0.39,4385687033,0,ok,ok,1.148032685427068,986579316,1,8,7.48,60,1200,eff53cc4804cc7d6246a6e5086861ce2b846f62b,c549219,unknown (not recorded),,inferred: cloud container (2 vCPU) + laptop Windows; see PROTOCOL.md deviations,
protocol_A.jsonl:275,A,densenet,TwoPhase@k=8,0.09,991867617,1,oom,"oom: evictable pool empty, pinned 0.98 GB at depth 68",,981139160,68,87,412.01,60,1200,eff53cc4804cc7d6246a6e5086861ce2b846f62b,c549219,unknown (not recorded),,inferred: cloud container (2 vCPU) + laptop Windows; see PROTOCOL.md deviations,
protocol_A.jsonl:276,A,inception,DTR,0.38,4273233519,0,ok,ok,1.152121128452737,986579316,1,12,8.6,60,1200,eff53cc4804cc7d6246a6e5086861ce2b846f62b,c549219,unknown (not recorded),,inferred: cloud container (2 vCPU) + laptop Windows; see PROTOCOL.md deviations,
protocol_A.jsonl:277,A,densenet,TwoPhase@k=8,0.09,991867617,2,oom,"oom: evictable pool empty, pinned 0.98 GB at depth 68",,981139160,68,87,404.73,60,1200,eff53cc4804cc7d6246a6e5086861ce2b846f62b,c549219,unknown (not recorded),,inferred: cloud container (2 vCPU) + laptop Windows; see PROTOCOL.md deviations,
protocol_A.jsonl:278,A,inception,NbhdPenalty@b=0.25,0.38,4273233519,0,ok,ok,1.1516621067197725,986579316,1,8,7.28,60,1200,eff53cc4804cc7d6246a6e5086861ce2b846f62b,c549219,unknown (not recorded),,inferred: cloud container (2 vCPU) + laptop Windows; see PROTOCOL.md deviations,
protocol_A.jsonl:279,A,inception,DTR,0.37,4160780006,0,ok,ok,1.1569831857637423,986579316,1,12,8.3,60,1200,eff53cc4804cc7d6246a6e5086861ce2b846f62b,c549219,unknown (not recorded),,inferred: cloud container (2 vCPU) + laptop Windows; see PROTOCOL.md deviations,
protocol_A.jsonl:280,A,inception,NbhdPenalty@b=0.25,0.37,4160780006,0,ok,ok,1.153930320027985,986579316,1,8,6.96,60,1200,eff53cc4804cc7d6246a6e5086861ce2b846f62b,c549219,unknown (not recorded),,inferred: cloud container (2 vCPU) + laptop Windows; see PROTOCOL.md deviations,
protocol_A.jsonl:281,A,inception,TwoPhase@k=8,0.44,4947954601,0,ok,ok,6.016939895097048,4015517556,135,176,510.97,60,1200,eff53cc4804cc7d6246a6e5086861ce2b846f62b,c549219,unknown (not recorded),,inferred: cloud container (2 vCPU) + laptop Windows; see PROTOCOL.md deviations,
protocol_A.jsonl:282,A,inception,DTR,0.36,4048326492,0,ok,ok,1.1645414660429325,986579316,1,12,10.35,60,1200,eff53cc4804cc7d6246a6e5086861ce2b846f62b,c549219,unknown (not recorded),,inferred: cloud container (2 vCPU) + laptop Windows; see PROTOCOL.md deviations,
protocol_A.jsonl:283,A,inception,NbhdPenalty@b=0.25,0.36,4048326492,0,ok,ok,1.171863042986465,986579316,1,8,5.21,60,1200,eff53cc4804cc7d6246a6e5086861ce2b846f62b,c549219,unknown (not recorded),,inferred: cloud container (2 vCPU) + laptop Windows; see PROTOCOL.md deviations,
protocol_A.jsonl:284,A,inception,TwoPhase@k=8,0.42,4723047574,0,oom,"oom: evictable pool empty, pinned 4.71 GB at depth 172",,4712288116,170,176,687.58,60,1200,eff53cc4804cc7d6246a6e5086861ce2b846f62b,c549219,unknown (not recorded),,inferred: cloud container (2 vCPU) + laptop Windows; see PROTOCOL.md deviations,
protocol_A.jsonl:285,A,inception,DTR,0.35,3935872978,0,ok,ok,1.1716477638599192,986579316,1,12,10.6,60,1200,eff53cc4804cc7d6246a6e5086861ce2b846f62b,c549219,unknown (not recorded),,inferred: cloud container (2 vCPU) + laptop Windows; see PROTOCOL.md deviations,
protocol_A.jsonl:286,A,inception,NbhdPenalty@b=0.25,0.35,3935872978,0,ok,ok,1.1776170434672817,986579316,1,8,6.37,60,1200,eff53cc4804cc7d6246a6e5086861ce2b846f62b,c549219,unknown (not recorded),,inferred: cloud container (2 vCPU) + laptop Windows; see PROTOCOL.md deviations,
protocol_A.jsonl:287,A,inception,TwoPhase@k=8,0.36,4048326492,0,oom,"oom: evictable pool empty, pinned 3.99 GB at depth 166",,4008544884,149,171,320.41,60,1200,eff53cc4804cc7d6246a6e5086861ce2b846f62b,c549219,unknown (not recorded),,inferred: cloud container (2 vCPU) + laptop Windows; see PROTOCOL.md deviations,
protocol_A.jsonl:288,A,inception,DTR,0.34,3823419465,0,ok,ok,1.1758702845671243,986579316,1,12,13.85,60,1200,eff53cc4804cc7d6246a6e5086861ce2b846f62b,c549219,unknown (not recorded),,inferred: cloud container (2 vCPU) + laptop Windows; see PROTOCOL.md deviations,
protocol_A.jsonl:289,A,inception,NbhdPenalty@b=0.25,0.34,3823419465,0,ok,ok,1.2022438143786975,986579316,1,8,8.12,60,1200,eff53cc4804cc7d6246a6e5086861ce2b846f62b,c549219,unknown (not recorded),,inferred: cloud container (2 vCPU) + laptop Windows; see PROTOCOL.md deviations,
protocol_A.jsonl:290,A,inception,TwoPhase@k=8,0.43,,0,timeout,timeout after 1200.0 s (20-min limit),,,,,1200.0,60,1200,eff53cc4804cc7d6246a6e5086861ce2b846f62b,c549219,unknown (not recorded),,inferred: cloud container (2 vCPU) + laptop Windows; see PROTOCOL.md deviations,
protocol_A.jsonl:291,A,inception,TwoPhase@k=8,0.35,3935872978,0,oom,"oom: evictable pool empty, pinned 3.70 GB at depth 198",,3700474228,199,214,488.09,60,1200,eff53cc4804cc7d6246a6e5086861ce2b846f62b,c549219,unknown (not recorded),,inferred: cloud container (2 vCPU) + laptop Windows; see PROTOCOL.md deviations,
protocol_A.jsonl:292,A,inception,DTR,0.33,3710965951,0,ok,ok,1.2111595536021935,986579316,1,18,9.2,60,1200,eff53cc4804cc7d6246a6e5086861ce2b846f62b,c549219,unknown (not recorded),,inferred: cloud container (2 vCPU) + laptop Windows; see PROTOCOL.md deviations,
protocol_A.jsonl:293,A,inception,TwoPhase@k=8,0.4,4498140547,0,oom,"oom: evictable pool empty, pinned 4.45 GB at depth 207",,4462217844,199,208,1126.45,60,1200,eff53cc4804cc7d6246a6e5086861ce2b846f62b,c549219,unknown (not recorded),,inferred: cloud container (2 vCPU) + laptop Windows; see PROTOCOL.md deviations,
protocol_A.jsonl:294,A,inception,NbhdPenalty@b=0.25,0.33,3710965951,0,ok,ok,1.2073435994906592,986579316,1,8,6.62,60,1200,eff53cc4804cc7d6246a6e5086861ce2b846f62b,c549219,unknown (not recorded),,inferred: cloud container (2 vCPU) + laptop Windows; see PROTOCOL.md deviations,
protocol_A.jsonl:295,A,inception,NbhdPenalty@b=0.25,0.32,3598512437,0,ok,ok,1.2155986937256675,986579316,1,8,7.01,60,1200,eff53cc4804cc7d6246a6e5086861ce2b846f62b,c549219,unknown (not recorded),,inferred: cloud container (2 vCPU) + laptop Windows; see PROTOCOL.md deviations,
protocol_A.jsonl:296,A,inception,DTR,0.32,3598512437,0,ok,ok,1.1969807621805297,986579316,1,13,9.83,60,1200,eff53cc4804cc7d6246a6e5086861ce2b846f62b,c549219,unknown (not recorded),,inferred: cloud container (2 vCPU) + laptop Windows; see PROTOCOL.md deviations,
protocol_A.jsonl:297,A,inception,DTR,0.31,3486058924,0,ok,ok,1.2052851423097237,986579316,1,13,10.24,60,1200,eff53cc4804cc7d6246a6e5086861ce2b846f62b,c549219,unknown (not recorded),,inferred: cloud container (2 vCPU) + laptop Windows; see PROTOCOL.md deviations,
protocol_A.jsonl:298,A,inception,TwoPhase@k=8,0.41,,0,timeout,timeout after 1200.0 s (20-min limit),,,,,1200.0,60,1200,eff53cc4804cc7d6246a6e5086861ce2b846f62b,c549219,unknown (not recorded),,inferred: cloud container (2 vCPU) + laptop Windows; see PROTOCOL.md deviations,
protocol_A.jsonl:299,A,inception,NbhdPenalty@b=0.25,0.31,3486058924,0,ok,ok,1.2218939968440592,986579316,1,12,8.01,60,1200,eff53cc4804cc7d6246a6e5086861ce2b846f62b,c549219,unknown (not recorded),,inferred: cloud container (2 vCPU) + laptop Windows; see PROTOCOL.md deviations,
protocol_A.jsonl:300,A,inception,DTR,0.3,3373605410,0,ok,ok,1.2189237765465768,986579316,1,13,10.85,60,1200,eff53cc4804cc7d6246a6e5086861ce2b846f62b,c549219,unknown (not recorded),,inferred: cloud container (2 vCPU) + laptop Windows; see PROTOCOL.md deviations,
protocol_A.jsonl:301,A,inception,TwoPhase@k=8,0.39,4385687033,0,oom,"oom: evictable pool empty, pinned 4.34 GB at depth 215",,4344790388,203,220,1144.41,60,1200,eff53cc4804cc7d6246a6e5086861ce2b846f62b,c549219,unknown (not recorded),,inferred: cloud container (2 vCPU) + laptop Windows; see PROTOCOL.md deviations,
protocol_A.jsonl:302,A,inception,NbhdPenalty@b=0.25,0.3,3373605410,0,oom,"oom: evictable pool empty, pinned 3.28 GB at depth 186",,3276792180,186,190,67.9,60,1200,eff53cc4804cc7d6246a6e5086861ce2b846f62b,c549219,unknown (not recorded),,inferred: cloud container (2 vCPU) + laptop Windows; see PROTOCOL.md deviations,
protocol_A.jsonl:303,A,inception,TwoPhase@k=8,0.37,4160780006,0,oom,"oom: evictable pool empty, pinned 4.16 GB at depth 209",,4155943804,204,209,1120.1,60,1200,eff53cc4804cc7d6246a6e5086861ce2b846f62b,c549219,unknown (not recorded),,inferred: cloud container (2 vCPU) + laptop Windows; see PROTOCOL.md deviations,
protocol_A.jsonl:304,A,inception,DTR,0.29,3261151896,0,ok,ok,1.295053954918351,986579316,1,34,38.89,60,1200,eff53cc4804cc7d6246a6e5086861ce2b846f62b,c549219,unknown (not recorded),,inferred: cloud container (2 vCPU) + laptop Windows; see PROTOCOL.md deviations,
protocol_A.jsonl:305,A,inception,TwoPhase@k=8,0.38,,0,timeout,timeout after 1200.0 s (20-min limit),,,,,1200.0,60,1200,eff53cc4804cc7d6246a6e5086861ce2b846f62b,c549219,unknown (not recorded),,inferred: cloud container (2 vCPU) + laptop Windows; see PROTOCOL.md deviations,
protocol_A.jsonl:306,A,inception,NbhdPenalty@b=0.25,0.29,3261151896,0,oom,"oom: evictable pool empty, pinned 3.15 GB at depth 164",,3145515380,166,167,68.86,60,1200,eff53cc4804cc7d6246a6e5086861ce2b846f62b,c549219,unknown (not recorded),,inferred: cloud container (2 vCPU) + laptop Windows; see PROTOCOL.md deviations,
protocol_A.jsonl:307,A,inception,DTR,0.28,3148698383,0,ok,ok,1.311240046249203,986579316,1,34,43.98,60,1200,eff53cc4804cc7d6246a6e5086861ce2b846f62b,c549219,unknown (not recorded),,inferred: cloud container (2 vCPU) + laptop Windows; see PROTOCOL.md deviations,
protocol_A.jsonl:308,A,inception,DTR,0.28,3148698383,1,ok,ok,1.311240046249203,986579316,1,34,44.52,60,1200,eff53cc4804cc7d6246a6e5086861ce2b846f62b,c549219,unknown (not recorded),,inferred: cloud container (2 vCPU) + laptop Windows; see PROTOCOL.md deviations,
protocol_A.jsonl:309,A,inception,TwoPhase@k=8,0.33,3710965951,0,oom,"oom: evictable pool empty, pinned 3.65 GB at depth 163",,3648679540,160,163,254.94,60,1200,eff53cc4804cc7d6246a6e5086861ce2b846f62b,c549219,unknown (not recorded),,inferred: cloud container (2 vCPU) + laptop Windows; see PROTOCOL.md deviations,
protocol_A.jsonl:310,A,inception,DTR,0.28,3148698383,2,ok,ok,1.311240046249203,986579316,1,34,44.06,60,1200,eff53cc4804cc7d6246a6e5086861ce2b846f62b,c549219,unknown (not recorded),,inferred: cloud container (2 vCPU) + laptop Windows; see PROTOCOL.md deviations,
protocol_A.jsonl:311,A,inception,NbhdPenalty@b=0.25,0.28,3148698383,0,oom,"oom: evictable pool empty, pinned 3.15 GB at depth 166",,3145515380,166,167,75.0,60,1200,eff53cc4804cc7d6246a6e5086861ce2b846f62b,c549219,unknown (not recorded),,inferred: cloud container (2 vCPU) + laptop Windows; see PROTOCOL.md deviations,
protocol_A.jsonl:312,A,inception,TwoPhase@k=8,0.29,3261151896,0,oom,"oom: evictable pool empty, pinned 3.05 GB at depth 190",,3066315124,189,198,172.84,60,1200,eff53cc4804cc7d6246a6e5086861ce2b846f62b,c549219,unknown (not recorded),,inferred: cloud container (2 vCPU) + laptop Windows; see PROTOCOL.md deviations,
protocol_A.jsonl:313,A,inception,NbhdPenalty@b=0.25,0.28,3148698383,1,oom,"oom: evictable pool empty, pinned 3.15 GB at depth 166",,3145515380,166,167,75.08,60,1200,eff53cc4804cc7d6246a6e5086861ce2b846f62b,c549219,unknown (not recorded),,inferred: cloud container (2 vCPU) + laptop Windows; see PROTOCOL.md deviations,
protocol_A.jsonl:314,A,inception,TwoPhase@k=8,0.32,3598512437,0,oom,"oom: evictable pool empty, pinned 3.59 GB at depth 152",,3593768820,152,158,322.6,60,1200,eff53cc4804cc7d6246a6e5086861ce2b846f62b,c549219,unknown (not recorded),,inferred: cloud container (2 vCPU) + laptop Windows; see PROTOCOL.md deviations,
protocol_A.jsonl:315,A,inception,NbhdPenalty@b=0.25,0.28,3148698383,2,oom,"oom: evictable pool empty, pinned 3.15 GB at depth 166",,3145515380,166,167,76.09,60,1200,eff53cc4804cc7d6246a6e5086861ce2b846f62b,c549219,unknown (not recorded),,inferred: cloud container (2 vCPU) + laptop Windows; see PROTOCOL.md deviations,
protocol_A.jsonl:316,A,inception,DTR,0.27,3036244869,0,ok,ok,1.3279391982862343,986579316,1,34,48.1,60,1200,eff53cc4804cc7d6246a6e5086861ce2b846f62b,c549219,unknown (not recorded),,inferred: cloud container (2 vCPU) + laptop Windows; see PROTOCOL.md deviations,
protocol_A.jsonl:317,A,inception,TwoPhase@k=8,0.31,3486058924,0,oom,"oom: evictable pool empty, pinned 3.47 GB at depth 168",,3465219188,168,175,371.01,60,1200,eff53cc4804cc7d6246a6e5086861ce2b846f62b,c549219,unknown (not recorded),,inferred: cloud container (2 vCPU) + laptop Windows; see PROTOCOL.md deviations,
protocol_A.jsonl:318,A,inception,DTR,0.26,2923791355,0,ok,ok,1.3588042825056645,986579316,1,34,74.49,60,1200,eff53cc4804cc7d6246a6e5086861ce2b846f62b,c549219,unknown (not recorded),,inferred: cloud container (2 vCPU) + laptop Windows; see PROTOCOL.md deviations,
protocol_A.jsonl:319,A,inception,NbhdPenalty@b=0.25,0.27,3036244869,0,ok,ok,3.5754305274955636,2223712116,121,138,127.0,60,1200,eff53cc4804cc7d6246a6e5086861ce2b846f62b,c549219,unknown (not recorded),,inferred: cloud container (2 vCPU) + laptop Windows; see PROTOCOL.md deviations,
protocol_A.jsonl:320,A,inception,TwoPhase@k=8,0.34,3823419465,0,oom,"oom: evictable pool empty, pinned 3.80 GB at depth 219",,3802671988,217,222,855.55,60,1200,eff53cc4804cc7d6246a6e5086861ce2b846f62b,c549219,unknown (not recorded),,inferred: cloud container (2 vCPU) + laptop Windows; see PROTOCOL.md deviations,
protocol_A.jsonl:321,A,inception,NbhdPenalty@b=0.25,0.26,2923791355,0,oom,"oom: evictable pool empty, pinned 2.92 GB at depth 136",,2918236532,136,137,76.07,60,1200,eff53cc4804cc7d6246a6e5086861ce2b846f62b,c549219,unknown (not recorded),,inferred: cloud container (2 vCPU) + laptop Windows; see PROTOCOL.md deviations,
protocol_A.jsonl:322,A,inception,NbhdPenalty@b=0.25,0.25,,0,error,error: process died / bad script (),,,,,,60,1200,eff53cc4804cc7d6246a6e5086861ce2b846f62b,c549219,unknown (not recorded),,inferred: cloud container (2 vCPU) + laptop Windows; see PROTOCOL.md deviations,interrupted (host sleep/kill); rerun
protocol_A.jsonl:323,A,inception,DTR,0.25,,0,error,error: process died / bad script (),,,,,,60,1200,eff53cc4804cc7d6246a6e5086861ce2b846f62b,c549219,unknown (not recorded),,inferred: cloud container (2 vCPU) + laptop Windows; see PROTOCOL.md deviations,interrupted (host sleep/kill); rerun
protocol_A.jsonl:324,A,inception,TwoPhase@k=8,0.26,,0,error,error: process died / bad script (),,,,,,60,1200,eff53cc4804cc7d6246a6e5086861ce2b846f62b,c549219,unknown (not recorded),,inferred: cloud container (2 vCPU) + laptop Windows; see PROTOCOL.md deviations,interrupted (host sleep/kill); rerun
protocol_A.jsonl:325,A,inception,TwoPhase@k=8,0.27,,0,error,error: process died / bad script (),,,,,,60,1200,eff53cc4804cc7d6246a6e5086861ce2b846f62b,c549219,unknown (not recorded),,inferred: cloud container (2 vCPU) + laptop Windows; see PROTOCOL.md deviations,interrupted (host sleep/kill); rerun
protocol_A.jsonl:326,A,inception,TwoPhase@k=8,0.28,,2,error,error: process died / bad script (),,,,,,60,1200,eff53cc4804cc7d6246a6e5086861ce2b846f62b,c549219,unknown (not recorded),,inferred: cloud container (2 vCPU) + laptop Windows; see PROTOCOL.md deviations,interrupted (host sleep/kill); rerun
protocol_A.jsonl:327,A,inception,TwoPhase@k=8,0.28,,1,error,error: process died / bad script (),,,,,,60,1200,eff53cc4804cc7d6246a6e5086861ce2b846f62b,c549219,unknown (not recorded),,inferred: cloud container (2 vCPU) + laptop Windows; see PROTOCOL.md deviations,interrupted (host sleep/kill); rerun
protocol_A.jsonl:328,A,inception,TwoPhase@k=8,0.28,,0,error,error: process died / bad script (),,,,,,60,1200,eff53cc4804cc7d6246a6e5086861ce2b846f62b,c549219,unknown (not recorded),,inferred: cloud container (2 vCPU) + laptop Windows; see PROTOCOL.md deviations,interrupted (host sleep/kill); rerun
protocol_A.jsonl:329,A,inception,TwoPhase@k=8,0.3,,0,error,error: process died / bad script (),,,,,,60,1200,eff53cc4804cc7d6246a6e5086861ce2b846f62b,c549219,unknown (not recorded),,inferred: cloud container (2 vCPU) + laptop Windows; see PROTOCOL.md deviations,interrupted (host sleep/kill); rerun
protocol_A.jsonl:330,A,inception,TwoPhase@k=8,0.25,,0,timeout,timeout after 31584.7 s (20-min limit),,,,,31584.7,60,1200,eff53cc4804cc7d6246a6e5086861ce2b846f62b,c549219,unknown (not recorded),,inferred: cloud container (2 vCPU) + laptop Windows; see PROTOCOL.md deviations,interrupted (host sleep/kill); rerun
protocol_A.jsonl:331,A,inception,NbhdPenalty@b=0.25,0.24,2698884328,0,oom,"oom: evictable pool empty, pinned 2.66 GB at depth 97",,2667250036,72,98,56.74,60,1200,eff53cc4804cc7d6246a6e5086861ce2b846f62b,c549219,unknown (not recorded),,inferred: cloud container (2 vCPU) + laptop Windows; see PROTOCOL.md deviations,
protocol_A.jsonl:332,A,inception,TwoPhase@k=8,0.24,2698884328,0,oom,"oom: evictable pool empty, pinned 2.69 GB at depth 152",,2690420084,150,155,306.39,60,1200,eff53cc4804cc7d6246a6e5086861ce2b846f62b,c549219,unknown (not recorded),,inferred: cloud container (2 vCPU) + laptop Windows; see PROTOCOL.md deviations,
protocol_A.jsonl:333,A,inception,DTR,0.24,,0,timeout,timeout after 32537.6 s (20-min limit),,,,,32537.6,60,1200,eff53cc4804cc7d6246a6e5086861ce2b846f62b,c549219,unknown (not recorded),,inferred: cloud container (2 vCPU) + laptop Windows; see PROTOCOL.md deviations,interrupted (host sleep/kill); rerun
protocol_A.jsonl:334,A,inception,NbhdPenalty@b=0.25,0.23,2586430814,0,oom,"oom: evictable pool empty, pinned 2.54 GB at depth 80",,2546827636,59,81,54.14,60,1200,eff53cc4804cc7d6246a6e5086861ce2b846f62b,c549219,unknown (not recorded),,inferred: cloud container (2 vCPU) + laptop Windows; see PROTOCOL.md deviations,
protocol_A.jsonl:335,A,inception,DTR,0.23,,0,timeout,timeout after 1200.0 s (20-min limit),,,,,1200.0,60,1200,eff53cc4804cc7d6246a6e5086861ce2b846f62b,c549219,unknown (not recorded),,inferred: cloud container (2 vCPU) + laptop Windows; see PROTOCOL.md deviations,
protocol_A.jsonl:336,A,inception,TwoPhase@k=8,0.23,2586430814,0,oom,"oom: evictable pool empty, pinned 2.54 GB at depth 184",,2545015924,172,189,799.27,60,1200,eff53cc4804cc7d6246a6e5086861ce2b846f62b,c549219,unknown (not recorded),,inferred: cloud container (2 vCPU) + laptop Windows; see PROTOCOL.md deviations,
protocol_A.jsonl:337,A,inception,NbhdPenalty@b=0.25,0.22,2473977300,0,oom,"oom: evictable pool empty, pinned 2.37 GB at depth 45",,2426405236,54,54,40.38,60,1200,eff53cc4804cc7d6246a6e5086861ce2b846f62b,c549219,unknown (not recorded),,inferred: cloud container (2 vCPU) + laptop Windows; see PROTOCOL.md deviations,
protocol_A.jsonl:338,A,inception,TwoPhase@k=8,0.22,2473977300,0,oom,"oom: evictable pool empty, pinned 2.40 GB at depth 137",,2456413556,145,151,174.66,60,1200,eff53cc4804cc7d6246a6e5086861ce2b846f62b,c549219,unknown (not recorded),,inferred: cloud container (2 vCPU) + laptop Windows; see PROTOCOL.md deviations,
protocol_A.jsonl:339,A,inception,DTR,0.22,,0,timeout,timeout after 1200.0 s (20-min limit),,,,,1200.0,60,1200,eff53cc4804cc7d6246a6e5086861ce2b846f62b,c549219,unknown (not recorded),,inferred: cloud container (2 vCPU) + laptop Windows; see PROTOCOL.md deviations,
protocol_A.jsonl:340,A,inception,NbhdPenalty@b=0.25,0.21,2361523787,0,oom,"oom: evictable pool empty, pinned 2.32 GB at depth 192",,2329400700,184,192,151.83,60,1200,eff53cc4804cc7d6246a6e5086861ce2b846f62b,c549219,unknown (not recorded),,inferred: cloud container (2 vCPU) + laptop Windows; see PROTOCOL.md deviations,
protocol_A.jsonl:341,A,inception,TwoPhase@k=8,0.21,2361523787,0,oom,"oom: evictable pool empty, pinned 2.32 GB at depth 150",,2316040052,150,150,235.34,60,1200,eff53cc4804cc7d6246a6e5086861ce2b846f62b,c549219,unknown (not recorded),,inferred: cloud container (2 vCPU) + laptop Windows; see PROTOCOL.md deviations,
protocol_A.jsonl:342,A,inception,DTR,0.21,,0,timeout,timeout after 1200.0 s (20-min limit),,,,,1200.0,60,1200,eff53cc4804cc7d6246a6e5086861ce2b846f62b,c549219,unknown (not recorded),,inferred: cloud container (2 vCPU) + laptop Windows; see PROTOCOL.md deviations,
protocol_A.jsonl:343,A,inception,NbhdPenalty@b=0.25,0.2,2249070273,0,oom,"oom: evictable pool empty, pinned 2.19 GB at depth 34",,2192490868,34,39,21.02,60,1200,eff53cc4804cc7d6246a6e5086861ce2b846f62b,c549219,unknown (not recorded),,inferred: cloud container (2 vCPU) + laptop Windows; see PROTOCOL.md deviations,
protocol_A.jsonl:344,A,inception,TwoPhase@k=8,0.2,2249070273,0,oom,"oom: evictable pool empty, pinned 2.20 GB at depth 133",,2217090164,125,138,185.95,60,1200,eff53cc4804cc7d6246a6e5086861ce2b846f62b,c549219,unknown (not recorded),,inferred: cloud container (2 vCPU) + laptop Windows; see PROTOCOL.md deviations,
protocol_A.jsonl:345,A,inception,DTR,0.2,,0,timeout,timeout after 1200.0 s (20-min limit),,,,,1200.0,60,1200,eff53cc4804cc7d6246a6e5086861ce2b846f62b,c549219,unknown (not recorded),,inferred: cloud container (2 vCPU) + laptop Windows; see PROTOCOL.md deviations,
protocol_A.jsonl:346,A,inception,NbhdPenalty@b=0.25,0.19,2136616759,0,oom,"oom: evictable pool empty, pinned 1.93 GB at depth 169",,1931666548,174,175,108.45,60,1200,eff53cc4804cc7d6246a6e5086861ce2b846f62b,c549219,unknown (not recorded),,inferred: cloud container (2 vCPU) + laptop Windows; see PROTOCOL.md deviations,
protocol_A.jsonl:347,A,inception,DTR,0.19,,0,timeout,timeout after 1200.0 s (20-min limit),,,,,1200.0,60,1200,eff53cc4804cc7d6246a6e5086861ce2b846f62b,c549219,unknown (not recorded),,inferred: cloud container (2 vCPU) + laptop Windows; see PROTOCOL.md deviations,
protocol_A.jsonl:348,A,inception,DTR,0.18,2024163246,0,oom,"oom: evictable pool empty, pinned 1.94 GB at depth 39",,1944715636,39,39,20.95,60,1200,eff53cc4804cc7d6246a6e5086861ce2b846f62b,c549219,unknown (not recorded),,inferred: cloud container (2 vCPU) + laptop Windows; see PROTOCOL.md deviations,
protocol_A.jsonl:349,A,inception,NbhdPenalty@b=0.25,0.18,2024163246,0,oom,"oom: evictable pool empty, pinned 1.89 GB at depth 179",,1893766780,146,180,119.34,60,1200,eff53cc4804cc7d6246a6e5086861ce2b846f62b,c549219,unknown (not recorded),,inferred: cloud container (2 vCPU) + laptop Windows; see PROTOCOL.md deviations,
protocol_A.jsonl:350,A,inception,TwoPhase@k=8,0.19,2136616759,0,oom,"oom: evictable pool empty, pinned 2.13 GB at depth 164",,2131413620,165,170,311.42,60,1200,eff53cc4804cc7d6246a6e5086861ce2b846f62b,c549219,unknown (not recorded),,inferred: cloud container (2 vCPU) + laptop Windows; see PROTOCOL.md deviations,
protocol_A.jsonl:351,A,inception,DTR,0.17,1911709732,0,oom,"oom: evictable pool empty, pinned 1.82 GB at depth 18",,1820828020,17,33,26.41,60,1200,eff53cc4804cc7d6246a6e5086861ce2b846f62b,c549219,unknown (not recorded),,inferred: cloud container (2 vCPU) + laptop Windows; see PROTOCOL.md deviations,
protocol_A.jsonl:352,A,inception,NbhdPenalty@b=0.25,0.17,1911709732,0,oom,"oom: evictable pool empty, pinned 1.87 GB at depth 181",,1868005748,181,182,74.75,60,1200,eff53cc4804cc7d6246a6e5086861ce2b846f62b,c549219,unknown (not recorded),,inferred: cloud container (2 vCPU) + laptop Windows; see PROTOCOL.md deviations,
protocol_A.jsonl:353,A,inception,TwoPhase@k=8,0.18,2024163246,0,oom,"oom: evictable pool empty, pinned 2.02 GB at depth 146",,2021848436,146,151,173.96,60,1200,eff53cc4804cc7d6246a6e5086861ce2b846f62b,c549219,unknown (not recorded),,inferred: cloud container (2 vCPU) + laptop Windows; see PROTOCOL.md deviations,
protocol_A.jsonl:354,A,inception,DTR,0.16,1799256218,0,oom,"oom: evictable pool empty, pinned 1.73 GB at depth 18",,1733517684,18,29,31.69,60,1200,eff53cc4804cc7d6246a6e5086861ce2b846f62b,c549219,unknown (not recorded),,inferred: cloud container (2 vCPU) + laptop Windows; see PROTOCOL.md deviations,
protocol_A.jsonl:355,A,inception,DTR,0.16,1799256218,1,oom,"oom: evictable pool empty, pinned 1.73 GB at depth 18",,1733517684,18,29,31.75,60,1200,eff53cc4804cc7d6246a6e5086861ce2b846f62b,c549219,unknown (not recorded),,inferred: cloud container (2 vCPU) + laptop Windows; see PROTOCOL.md deviations,
protocol_A.jsonl:356,A,inception,DTR,0.16,1799256218,2,oom,"oom: evictable pool empty, pinned 1.73 GB at depth 18",,1733517684,18,29,31.9,60,1200,eff53cc4804cc7d6246a6e5086861ce2b846f62b,c549219,unknown (not recorded),,inferred: cloud container (2 vCPU) + laptop Windows; see PROTOCOL.md deviations,
protocol_A.jsonl:357,A,inception,TwoPhase@k=8,0.17,1911709732,0,oom,"oom: evictable pool empty, pinned 1.89 GB at depth 145",,1890319732,143,148,197.18,60,1200,eff53cc4804cc7d6246a6e5086861ce2b846f62b,c549219,unknown (not recorded),,inferred: cloud container (2 vCPU) + laptop Windows; see PROTOCOL.md deviations,
protocol_A.jsonl:358,A,inception,NbhdPenalty@b=0.25,0.16,1799256218,0,oom,"oom: evictable pool empty, pinned 1.71 GB at depth 188",,1761896820,116,188,75.66,60,1200,eff53cc4804cc7d6246a6e5086861ce2b846f62b,c549219,unknown (not recorded),,inferred: cloud container (2 vCPU) + laptop Windows; see PROTOCOL.md deviations,
protocol_A.jsonl:359,A,inception,NbhdPenalty@b=0.25,0.16,1799256218,1,oom,"oom: evictable pool empty, pinned 1.71 GB at depth 188",,1761896820,116,188,75.48,60,1200,eff53cc4804cc7d6246a6e5086861ce2b846f62b,c549219,unknown (not recorded),,inferred: cloud container (2 vCPU) + laptop Windows; see PROTOCOL.md deviations,
protocol_A.jsonl:360,A,inception,NbhdPenalty@b=0.25,0.16,1799256218,2,oom,"oom: evictable pool empty, pinned 1.71 GB at depth 188",,1761896820,116,188,74.88,60,1200,eff53cc4804cc7d6246a6e5086861ce2b846f62b,c549219,unknown (not recorded),,inferred: cloud container (2 vCPU) + laptop Windows; see PROTOCOL.md deviations,
protocol_A.jsonl:361,A,inception,TwoPhase@k=8,0.16,1799256218,0,oom,"oom: evictable pool empty, pinned 1.80 GB at depth 124",,1795356532,124,129,198.69,60,1200,eff53cc4804cc7d6246a6e5086861ce2b846f62b,c549219,unknown (not recorded),,inferred: cloud container (2 vCPU) + laptop Windows; see PROTOCOL.md deviations,
protocol_A.jsonl:362,A,inception,TwoPhase@k=8,0.16,1799256218,1,oom,"oom: evictable pool empty, pinned 1.80 GB at depth 124",,1795356532,124,129,193.88,60,1200,eff53cc4804cc7d6246a6e5086861ce2b846f62b,c549219,unknown (not recorded),,inferred: cloud container (2 vCPU) + laptop Windows; see PROTOCOL.md deviations,
protocol_A.jsonl:363,A,inception,DTR,0.15,1686802705,0,oom,"oom: evictable pool empty, pinned 1.65 GB at depth 14",,1646207348,14,29,21.44,60,1200,eff53cc4804cc7d6246a6e5086861ce2b846f62b,c549219,unknown (not recorded),,inferred: cloud container (2 vCPU) + laptop Windows; see PROTOCOL.md deviations,
protocol_A.jsonl:364,A,inception,NbhdPenalty@b=0.25,0.15,1686802705,0,oom,"oom: evictable pool empty, pinned 1.68 GB at depth 97",,1676665204,97,101,68.15,60,1200,eff53cc4804cc7d6246a6e5086861ce2b846f62b,c549219,unknown (not recorded),,inferred: cloud container (2 vCPU) + laptop Windows; see PROTOCOL.md deviations,
protocol_A.jsonl:365,A,inception,TwoPhase@k=8,0.16,1799256218,2,oom,"oom: evictable pool empty, pinned 1.80 GB at depth 124",,1795356532,124,129,191.81,60,1200,eff53cc4804cc7d6246a6e5086861ce2b846f62b,c549219,unknown (not recorded),,inferred: cloud container (2 vCPU) + laptop Windows; see PROTOCOL.md deviations,
protocol_A.jsonl:366,A,inception,DTR,0.14,1574349191,0,oom,"oom: evictable pool empty, pinned 1.56 GB at depth 15",,1558897012,15,44,25.6,60,1200,eff53cc4804cc7d6246a6e5086861ce2b846f62b,c549219,unknown (not recorded),,inferred: cloud container (2 vCPU) + laptop Windows; see PROTOCOL.md deviations,
protocol_A.jsonl:367,A,inception,TwoPhase@k=8,0.15,1686802705,0,oom,"oom: evictable pool empty, pinned 1.65 GB at depth 109",,1657847668,101,110,134.39,60,1200,eff53cc4804cc7d6246a6e5086861ce2b846f62b,c549219,unknown (not recorded),,inferred: cloud container (2 vCPU) + laptop Windows; see PROTOCOL.md deviations,
protocol_A.jsonl:368,A,inception,NbhdPenalty@b=0.25,0.14,1574349191,0,oom,"oom: evictable pool empty, pinned 1.49 GB at depth 141",,1536315508,81,141,60.82,60,1200,eff53cc4804cc7d6246a6e5086861ce2b846f62b,c549219,unknown (not recorded),,inferred: cloud container (2 vCPU) + laptop Windows; see PROTOCOL.md deviations,
protocol_A.jsonl:369,A,inception,TwoPhase@k=8,0.14,1574349191,0,oom,"oom: evictable pool empty, pinned 1.57 GB at depth 115",,1573420916,115,138,71.48,60,1200,eff53cc4804cc7d6246a6e5086861ce2b846f62b,c549219,unknown (not recorded),,inferred: cloud container (2 vCPU) + laptop Windows; see PROTOCOL.md deviations,
protocol_A.jsonl:370,A,inception,DTR,0.13,1461895677,0,oom,"oom: evictable pool empty, pinned 1.41 GB at depth 33",,1411252596,33,53,61.5,60,1200,eff53cc4804cc7d6246a6e5086861ce2b846f62b,c549219,unknown (not recorded),,inferred: cloud container (2 vCPU) + laptop Windows; see PROTOCOL.md deviations,
protocol_A.jsonl:371,A,inception,NbhdPenalty@b=0.25,0.13,1461895677,0,oom,"oom: evictable pool empty, pinned 1.37 GB at depth 129",,1420977524,73,129,54.59,60,1200,eff53cc4804cc7d6246a6e5086861ce2b846f62b,c549219,unknown (not recorded),,inferred: cloud container (2 vCPU) + laptop Windows; see PROTOCOL.md deviations,
protocol_A.jsonl:372,A,inception,DTR,0.12,1349442164,0,oom,"oom: evictable pool empty, pinned 1.32 GB at depth 84",,1318748532,84,85,68.9,60,1200,eff53cc4804cc7d6246a6e5086861ce2b846f62b,c549219,unknown (not recorded),,inferred: cloud container (2 vCPU) + laptop Windows; see PROTOCOL.md deviations,
protocol_A.jsonl:373,A,inception,TwoPhase@k=8,0.13,1461895677,0,oom,"oom: evictable pool empty, pinned 1.46 GB at depth 88",,1461188212,88,93,123.55,60,1200,eff53cc4804cc7d6246a6e5086861ce2b846f62b,c549219,unknown (not recorded),,inferred: cloud container (2 vCPU) + laptop Windows; see PROTOCOL.md deviations,
protocol_A.jsonl:374,A,inception,DTR,0.12,1349442164,1,oom,"oom: evictable pool empty, pinned 1.32 GB at depth 84",,1318748532,84,85,69.15,60,1200,eff53cc4804cc7d6246a6e5086861ce2b846f62b,c549219,unknown (not recorded),,inferred: cloud container (2 vCPU) + laptop Windows; see PROTOCOL.md deviations,
protocol_A.jsonl:375,A,inception,DTR,0.12,1349442164,2,oom,"oom: evictable pool empty, pinned 1.32 GB at depth 84",,1318748532,84,85,67.28,60,1200,eff53cc4804cc7d6246a6e5086861ce2b846f62b,c549219,unknown (not recorded),,inferred: cloud container (2 vCPU) + laptop Windows; see PROTOCOL.md deviations,
protocol_A.jsonl:376,A,inception,NbhdPenalty@b=0.25,0.12,1349442164,0,oom,"oom: evictable pool empty, pinned 1.12 GB at depth 61",,1120871540,66,67,27.64,60,1200,eff53cc4804cc7d6246a6e5086861ce2b846f62b,c549219,unknown (not recorded),,inferred: cloud container (2 vCPU) + laptop Windows; see PROTOCOL.md deviations,
protocol_A.jsonl:377,A,inception,NbhdPenalty@b=0.25,0.12,1349442164,1,oom,"oom: evictable pool empty, pinned 1.12 GB at depth 61",,1120871540,66,67,28.19,60,1200,eff53cc4804cc7d6246a6e5086861ce2b846f62b,c549219,unknown (not recorded),,inferred: cloud container (2 vCPU) + laptop Windows; see PROTOCOL.md deviations,
protocol_A.jsonl:378,A,inception,NbhdPenalty@b=0.25,0.12,1349442164,2,oom,"oom: evictable pool empty, pinned 1.12 GB at depth 61",,1120871540,66,67,28.19,60,1200,eff53cc4804cc7d6246a6e5086861ce2b846f62b,c549219,unknown (not recorded),,inferred: cloud container (2 vCPU) + laptop Windows; see PROTOCOL.md deviations,
protocol_A.jsonl:379,A,inception,TwoPhase@k=8,0.12,1349442164,0,oom,"oom: evictable pool empty, pinned 1.08 GB at depth 99",,1087218036,36,106,144.47,60,1200,eff53cc4804cc7d6246a6e5086861ce2b846f62b,c549219,unknown (not recorded),,inferred: cloud container (2 vCPU) + laptop Windows; see PROTOCOL.md deviations,
protocol_A.jsonl:380,A,inception,TwoPhase@k=8,0.12,1349442164,1,oom,"oom: evictable pool empty, pinned 1.08 GB at depth 99",,1087218036,36,106,144.37,60,1200,eff53cc4804cc7d6246a6e5086861ce2b846f62b,c549219,unknown (not recorded),,inferred: cloud container (2 vCPU) + laptop Windows; see PROTOCOL.md deviations,
protocol_A.jsonl:381,A,inception,DTR,0.11,1236988650,0,oom,"oom: evictable pool empty, pinned 1.20 GB at depth 12",,1200054644,12,56,105.95,60,1200,eff53cc4804cc7d6246a6e5086861ce2b846f62b,c549219,unknown (not recorded),,inferred: cloud container (2 vCPU) + laptop Windows; see PROTOCOL.md deviations,
protocol_A.jsonl:382,A,inception,TwoPhase@k=8,0.12,1349442164,2,oom,"oom: evictable pool empty, pinned 1.08 GB at depth 99",,1087218036,36,106,144.95,60,1200,eff53cc4804cc7d6246a6e5086861ce2b846f62b,4c09860,unknown (not recorded),,inferred: cloud container (2 vCPU) + laptop Windows; see PROTOCOL.md deviations,
protocol_A.jsonl:383,A,inception,TwoPhase@k=8,0.11,1236988650,0,oom,"oom: evictable pool empty, pinned 0.91 GB at depth 74",,905806196,74,81,2.46,60,1200,eff53cc4804cc7d6246a6e5086861ce2b846f62b,4c09860,unknown (not recorded),,inferred: cloud container (2 vCPU) + laptop Windows; see PROTOCOL.md deviations,
protocol_A.jsonl:384,A,inception,DTR,0.1,1124535136,0,oom,"oom: evictable pool empty, pinned 0.86 GB at depth 81",,883284340,49,88,42.09,60,1200,eff53cc4804cc7d6246a6e5086861ce2b846f62b,4c09860,unknown (not recorded),,inferred: cloud container (2 vCPU) + laptop Windows; see PROTOCOL.md deviations,
protocol_A.jsonl:385,A,inception,NbhdPenalty@b=0.25,0.11,1236988650,0,oom,"oom: evictable pool empty, pinned 1.21 GB at depth 53",,1209950580,53,53,73.96,60,1200,eff53cc4804cc7d6246a6e5086861ce2b846f62b,4c09860,unknown (not recorded),,inferred: cloud container (2 vCPU) + laptop Windows; see PROTOCOL.md deviations,
protocol_A.jsonl:386,A,inception,TwoPhase@k=8,0.1,1124535136,0,oom,"oom: evictable pool empty, pinned 0.92 GB at depth 79",,920363380,79,86,1.69,60,1200,eff53cc4804cc7d6246a6e5086861ce2b846f62b,4c09860,unknown (not recorded),,inferred: cloud container (2 vCPU) + laptop Windows; see PROTOCOL.md deviations,
protocol_A.jsonl:387,A,inception,DTR,0.09,1012081623,0,oom,"oom: evictable pool empty, pinned 0.67 GB at depth 60",,724647148,2,67,1.0,60,1200,eff53cc4804cc7d6246a6e5086861ce2b846f62b,4c09860,unknown (not recorded),,inferred: cloud container (2 vCPU) + laptop Windows; see PROTOCOL.md deviations,
protocol_A.jsonl:388,A,inception,NbhdPenalty@b=0.25,0.09,1012081623,0,oom,"oom: evictable pool empty, pinned 0.67 GB at depth 52",,724647148,2,59,2.24,60,1200,eff53cc4804cc7d6246a6e5086861ce2b846f62b,4c09860,unknown (not recorded),,inferred: cloud container (2 vCPU) + laptop Windows; see PROTOCOL.md deviations,
protocol_A.jsonl:389,A,inception,TwoPhase@k=8,0.09,1012081623,0,oom,"oom: evictable pool empty, pinned 0.83 GB at depth 72",,830046580,72,79,2.1,60,1200,eff53cc4804cc7d6246a6e5086861ce2b846f62b,4c09860,unknown (not recorded),,inferred: cloud container (2 vCPU) + laptop Windows; see PROTOCOL.md deviations,
protocol_A.jsonl:390,A,inception,DTR,0.08,899628109,0,oom,"oom: evictable pool empty, pinned 0.59 GB at depth 1",,593681636,1,1,0.01,60,1200,eff53cc4804cc7d6246a6e5086861ce2b846f62b,4c09860,unknown (not recorded),,inferred: cloud container (2 vCPU) + laptop Windows; see PROTOCOL.md deviations,
protocol_A.jsonl:391,A,inception,NbhdPenalty@b=0.25,0.08,899628109,0,oom,"oom: evictable pool empty, pinned 0.59 GB at depth 1",,593681636,1,1,0.01,60,1200,eff53cc4804cc7d6246a6e5086861ce2b846f62b,4c09860,unknown (not recorded),,inferred: cloud container (2 vCPU) + laptop Windows; see PROTOCOL.md deviations,
protocol_A.jsonl:392,A,inception,TwoPhase@k=8,0.08,899628109,0,oom,"oom: evictable pool empty, pinned 0.59 GB at depth 1",,593681636,1,1,0.01,60,1200,eff53cc4804cc7d6246a6e5086861ce2b846f62b,4c09860,unknown (not recorded),,inferred: cloud container (2 vCPU) + laptop Windows; see PROTOCOL.md deviations,
protocol_A.jsonl:393,A,inception,DTR,0.07,787174595,0,oom,"oom: evictable pool empty, pinned 0.59 GB at depth 1",,593681636,1,1,0.01,60,1200,eff53cc4804cc7d6246a6e5086861ce2b846f62b,4c09860,unknown (not recorded),,inferred: cloud container (2 vCPU) + laptop Windows; see PROTOCOL.md deviations,
protocol_A.jsonl:394,A,inception,DTR,0.07,787174595,1,oom,"oom: evictable pool empty, pinned 0.59 GB at depth 1",,593681636,1,1,0.01,60,1200,eff53cc4804cc7d6246a6e5086861ce2b846f62b,4c09860,unknown (not recorded),,inferred: cloud container (2 vCPU) + laptop Windows; see PROTOCOL.md deviations,
protocol_A.jsonl:395,A,inception,DTR,0.07,787174595,2,oom,"oom: evictable pool empty, pinned 0.59 GB at depth 1",,593681636,1,1,0.01,60,1200,eff53cc4804cc7d6246a6e5086861ce2b846f62b,4c09860,unknown (not recorded),,inferred: cloud container (2 vCPU) + laptop Windows; see PROTOCOL.md deviations,
protocol_A.jsonl:396,A,inception,NbhdPenalty@b=0.25,0.07,787174595,0,oom,"oom: evictable pool empty, pinned 0.59 GB at depth 1",,593681636,1,1,0.01,60,1200,eff53cc4804cc7d6246a6e5086861ce2b846f62b,4c09860,unknown (not recorded),,inferred: cloud container (2 vCPU) + laptop Windows; see PROTOCOL.md deviations,
protocol_A.jsonl:397,A,inception,NbhdPenalty@b=0.25,0.07,787174595,1,oom,"oom: evictable pool empty, pinned 0.59 GB at depth 1",,593681636,1,1,0.01,60,1200,eff53cc4804cc7d6246a6e5086861ce2b846f62b,4c09860,unknown (not recorded),,inferred: cloud container (2 vCPU) + laptop Windows; see PROTOCOL.md deviations,
protocol_A.jsonl:398,A,inception,NbhdPenalty@b=0.25,0.07,787174595,2,oom,"oom: evictable pool empty, pinned 0.59 GB at depth 1",,593681636,1,1,0.01,60,1200,eff53cc4804cc7d6246a6e5086861ce2b846f62b,4c09860,unknown (not recorded),,inferred: cloud container (2 vCPU) + laptop Windows; see PROTOCOL.md deviations,
protocol_A.jsonl:399,A,inception,TwoPhase@k=8,0.07,787174595,0,oom,"oom: evictable pool empty, pinned 0.59 GB at depth 1",,593681636,1,1,0.01,60,1200,eff53cc4804cc7d6246a6e5086861ce2b846f62b,4c09860,unknown (not recorded),,inferred: cloud container (2 vCPU) + laptop Windows; see PROTOCOL.md deviations,
protocol_A.jsonl:400,A,inception,TwoPhase@k=8,0.07,787174595,1,oom,"oom: evictable pool empty, pinned 0.59 GB at depth 1",,593681636,1,1,0.01,60,1200,eff53cc4804cc7d6246a6e5086861ce2b846f62b,4c09860,unknown (not recorded),,inferred: cloud container (2 vCPU) + laptop Windows; see PROTOCOL.md deviations,
protocol_A.jsonl:401,A,inception,TwoPhase@k=8,0.07,787174595,2,oom,"oom: evictable pool empty, pinned 0.59 GB at depth 1",,593681636,1,1,0.01,60,1200,eff53cc4804cc7d6246a6e5086861ce2b846f62b,4c09860,unknown (not recorded),,inferred: cloud container (2 vCPU) + laptop Windows; see PROTOCOL.md deviations,
protocol_A.jsonl:402,A,inception,DTR,0.06,674721082,0,oom,"oom: evictable pool empty, pinned 0.42 GB at depth 1",,421510356,1,1,0.01,60,1200,eff53cc4804cc7d6246a6e5086861ce2b846f62b,4c09860,unknown (not recorded),,inferred: cloud container (2 vCPU) + laptop Windows; see PROTOCOL.md deviations,
protocol_A.jsonl:403,A,inception,NbhdPenalty@b=0.25,0.06,674721082,0,oom,"oom: evictable pool empty, pinned 0.42 GB at depth 1",,421510356,1,1,0.01,60,1200,eff53cc4804cc7d6246a6e5086861ce2b846f62b,4c09860,unknown (not recorded),,inferred: cloud container (2 vCPU) + laptop Windows; see PROTOCOL.md deviations,
protocol_A.jsonl:404,A,inception,TwoPhase@k=8,0.06,674721082,0,oom,"oom: evictable pool empty, pinned 0.42 GB at depth 1",,421510356,1,1,0.01,60,1200,eff53cc4804cc7d6246a6e5086861ce2b846f62b,4c09860,unknown (not recorded),,inferred: cloud container (2 vCPU) + laptop Windows; see PROTOCOL.md deviations,
protocol_A.jsonl:405,A,inception,DTR,0.05,562267568,0,oom,"oom: evictable pool empty, pinned 0.42 GB at depth 1",,421510356,1,1,0.01,60,1200,eff53cc4804cc7d6246a6e5086861ce2b846f62b,4c09860,unknown (not recorded),,inferred: cloud container (2 vCPU) + laptop Windows; see PROTOCOL.md deviations,
protocol_A.jsonl:406,A,inception,NbhdPenalty@b=0.25,0.05,562267568,0,oom,"oom: evictable pool empty, pinned 0.42 GB at depth 1",,421510356,1,1,0.01,60,1200,eff53cc4804cc7d6246a6e5086861ce2b846f62b,4c09860,unknown (not recorded),,inferred: cloud container (2 vCPU) + laptop Windows; see PROTOCOL.md deviations,
protocol_A.jsonl:407,A,inception,TwoPhase@k=8,0.05,562267568,0,oom,"oom: evictable pool empty, pinned 0.42 GB at depth 1",,421510356,1,1,0.01,60,1200,eff53cc4804cc7d6246a6e5086861ce2b846f62b,4c09860,unknown (not recorded),,inferred: cloud container (2 vCPU) + laptop Windows; see PROTOCOL.md deviations,
protocol_A.jsonl:408,A,transformer,DTR,0.6,5918643230,0,ok,ok,1.0442402411492533,766513720,1,4,2.03,60,1200,eff53cc4804cc7d6246a6e5086861ce2b846f62b,4c09860,unknown (not recorded),,inferred: cloud container (2 vCPU) + laptop Windows; see PROTOCOL.md deviations,
protocol_A.jsonl:409,A,transformer,NbhdPenalty@b=0.25,0.6,5918643230,0,ok,ok,1.0434881790942372,766513720,1,3,1.88,60,1200,eff53cc4804cc7d6246a6e5086861ce2b846f62b,4c09860,unknown (not recorded),,inferred: cloud container (2 vCPU) + laptop Windows; see PROTOCOL.md deviations,
protocol_A.jsonl:410,A,transformer,TwoPhase@k=8,0.6,5918643230,0,ok,ok,1.0709613211752889,766513720,1,6,3.21,60,1200,eff53cc4804cc7d6246a6e5086861ce2b846f62b,4c09860,unknown (not recorded),,inferred: cloud container (2 vCPU) + laptop Windows; see PROTOCOL.md deviations,
protocol_A.jsonl:411,A,transformer,DTR,0.59,5819999176,0,ok,ok,1.046720771040759,766513720,1,4,2.09,60,1200,eff53cc4804cc7d6246a6e5086861ce2b846f62b,4c09860,unknown (not recorded),,inferred: cloud container (2 vCPU) + laptop Windows; see PROTOCOL.md deviations,
protocol_A.jsonl:412,A,transformer,NbhdPenalty@b=0.25,0.59,5819999176,0,ok,ok,1.0438836302952361,766513720,1,4,1.97,60,1200,eff53cc4804cc7d6246a6e5086861ce2b846f62b,4c09860,unknown (not recorded),,inferred: cloud container (2 vCPU) + laptop Windows; see PROTOCOL.md deviations,
protocol_A.jsonl:413,A,transformer,TwoPhase@k=8,0.59,5819999176,0,ok,ok,1.0790518052692835,766513720,1,7,4.06,60,1200,eff53cc4804cc7d6246a6e5086861ce2b846f62b,4c09860,unknown (not recorded),,inferred: cloud container (2 vCPU) + laptop Windows; see PROTOCOL.md deviations,
protocol_A.jsonl:414,A,transformer,DTR,0.58,5721355122,0,ok,ok,1.046720771040759,766513720,1,4,2.19,60,1200,eff53cc4804cc7d6246a6e5086861ce2b846f62b,4c09860,unknown (not recorded),,inferred: cloud container (2 vCPU) + laptop Windows; see PROTOCOL.md deviations,
protocol_A.jsonl:415,A,transformer,NbhdPenalty@b=0.25,0.58,5721355122,0,ok,ok,1.0460079149315173,766513720,1,4,2.02,60,1200,eff53cc4804cc7d6246a6e5086861ce2b846f62b,4c09860,unknown (not recorded),,inferred: cloud container (2 vCPU) + laptop Windows; see PROTOCOL.md deviations,
protocol_A.jsonl:416,A,transformer,TwoPhase@k=8,0.58,5721355122,0,ok,ok,1.082531958275491,766513720,1,8,4.27,60,1200,eff53cc4804cc7d6246a6e5086861ce2b846f62b,4c09860,unknown (not recorded),,inferred: cloud container (2 vCPU) + laptop Windows; see PROTOCOL.md deviations,
protocol_A.jsonl:417,A,transformer,DTR,0.57,5622711068,0,ok,ok,1.0488396875284312,766513720,1,4,2.14,60,1200,eff53cc4804cc7d6246a6e5086861ce2b846f62b,4c09860,unknown (not recorded),,inferred: cloud container (2 vCPU) + laptop Windows; see PROTOCOL.md deviations,
protocol_A.jsonl:418,A,transformer,NbhdPenalty@b=0.25,0.57,5622711068,0,ok,ok,1.0463591576369256,766513720,1,4,2.05,60,1200,eff53cc4804cc7d6246a6e5086861ce2b846f62b,4c09860,unknown (not recorded),,inferred: cloud container (2 vCPU) + laptop Windows; see PROTOCOL.md deviations,
protocol_A.jsonl:419,A,transformer,TwoPhase@k=8,0.57,5622711068,0,ok,ok,1.087605977226062,766513720,1,7,4.9,60,1200,eff53cc4804cc7d6246a6e5086861ce2b846f62b,4c09860,unknown (not recorded),,inferred: cloud container (2 vCPU) + laptop Windows; see PROTOCOL.md deviations,
protocol_A.jsonl:420,A,transformer,DTR,0.56,5524067015,0,ok,ok,1.0491929247381437,766513720,1,4,2.29,60,1200,eff53cc4804cc7d6246a6e5086861ce2b846f62b,4c09860,unknown (not recorded),,inferred: cloud container (2 vCPU) + laptop Windows; see PROTOCOL.md deviations,
protocol_A.jsonl:421,A,transformer,NbhdPenalty@b=0.25,0.56,5524067015,0,ok,ok,1.0484834422732068,766513720,1,4,2.14,60,1200,eff53cc4804cc7d6246a6e5086861ce2b846f62b,4c09860,unknown (not recorded),,inferred: cloud container (2 vCPU) + laptop Windows; see PROTOCOL.md deviations,
protocol_A.jsonl:422,A,transformer,TwoPhase@k=8,0.56,5524067015,0,ok,ok,1.088318873152994,766513720,1,8,4.51,60,1200,eff53cc4804cc7d6246a6e5086861ce2b846f62b,4c09860,unknown (not recorded),,inferred: cloud container (2 vCPU) + laptop Windows; see PROTOCOL.md deviations,
protocol_A.jsonl:423,A,transformer,DTR,0.55,5425422961,0,ok,ok,1.0513118412258162,766513720,1,4,2.22,60,1200,eff53cc4804cc7d6246a6e5086861ce2b846f62b,4c09860,unknown (not recorded),,inferred: cloud container (2 vCPU) + laptop Windows; see PROTOCOL.md deviations,
protocol_A.jsonl:424,A,inception,NbhdPenalty@b=0.25,0.1,1124535136,0,oom,"oom: evictable pool empty, pinned 1.00 GB at depth 73",,1089528180,40,73,78.71,60,1200,eff53cc4804cc7d6246a6e5086861ce2b846f62b,4c09860,unknown (not recorded),,inferred: cloud container (2 vCPU) + laptop Windows; see PROTOCOL.md deviations,
protocol_A.jsonl:425,A,transformer,NbhdPenalty@b=0.25,0.55,5425422961,0,ok,ok,1.0497828744968338,766513720,1,4,2.64,60,1200,eff53cc4804cc7d6246a6e5086861ce2b846f62b,4c09860,unknown (not recorded),,inferred: cloud container (2 vCPU) + laptop Windows; see PROTOCOL.md deviations,
protocol_A.jsonl:426,A,transformer,DTR,0.54,5326778907,0,ok,ok,1.053790883383621,766513720,1,4,2.42,60,1200,eff53cc4804cc7d6246a6e5086861ce2b846f62b,4c09860,unknown (not recorded),,inferred: cloud container (2 vCPU) + laptop Windows; see PROTOCOL.md deviations,
protocol_A.jsonl:427,A,transformer,TwoPhase@k=8,0.55,5425422961,0,ok,ok,1.0946872819596853,766513720,1,8,3.92,60,1200,eff53cc4804cc7d6246a6e5086861ce2b846f62b,4c09860,unknown (not recorded),,inferred: cloud container (2 vCPU) + laptop Windows; see PROTOCOL.md deviations,
protocol_A.jsonl:428,A,transformer,DTR,0.54,5326778907,1,ok,ok,1.053790883383621,766513720,1,4,2.31,60,1200,eff53cc4804cc7d6246a6e5086861ce2b846f62b,4c09860,unknown (not recorded),,inferred: cloud container (2 vCPU) + laptop Windows; see PROTOCOL.md deviations,
protocol_A.jsonl:429,A,transformer,DTR,0.54,5326778907,2,ok,ok,1.053790883383621,766513720,1,4,2.31,60,1200,eff53cc4804cc7d6246a6e5086861ce2b846f62b,4c09860,unknown (not recorded),,inferred: cloud container (2 vCPU) + laptop Windows; see PROTOCOL.md deviations,
protocol_A.jsonl:430,A,transformer,NbhdPenalty@b=0.25,0.54,5326778907,0,ok,ok,1.0535301281892893,766513720,1,4,2.57,60,1200,eff53cc4804cc7d6246a6e5086861ce2b846f62b,4c09860,unknown (not recorded),,inferred: cloud container (2 vCPU) + laptop Windows; see PROTOCOL.md deviations,
protocol_A.jsonl:431,A,transformer,NbhdPenalty@b=0.25,0.54,5326778907,1,ok,ok,1.0535301281892893,766513720,1,4,2.61,60,1200,eff53cc4804cc7d6246a6e5086861ce2b846f62b,4c09860,unknown (not recorded),,inferred: cloud container (2 vCPU) + laptop Windows; see PROTOCOL.md deviations,
protocol_A.jsonl:432,A,transformer,NbhdPenalty@b=0.25,0.54,5326778907,2,ok,ok,1.0535301281892893,766513720,1,4,3.45,60,1200,eff53cc4804cc7d6246a6e5086861ce2b846f62b,4c09860,unknown (not recorded),,inferred: cloud container (2 vCPU) + laptop Windows; see PROTOCOL.md deviations,
protocol_A.jsonl:433,A,transformer,TwoPhase@k=8,0.54,5326778907,0,ok,ok,1.088345746474149,766513720,1,8,5.85,60,1200,eff53cc4804cc7d6246a6e5086861ce2b846f62b,4c09860,unknown (not recorded),,inferred: cloud container (2 vCPU) + laptop Windows; see PROTOCOL.md deviations,
protocol_A.jsonl:434,A,transformer,TwoPhase@k=8,0.54,5326778907,1,ok,ok,1.088345746474149,766513720,1,8,4.87,60,1200,eff53cc4804cc7d6246a6e5086861ce2b846f62b,4c09860,unknown (not recorded),,inferred: cloud container (2 vCPU) + laptop Windows; see PROTOCOL.md deviations,
protocol_A.jsonl:435,A,transformer,DTR,0.53,5228134853,0,ok,ok,1.053790883383621,766513720,1,4,2.28,60,1200,eff53cc4804cc7d6246a6e5086861ce2b846f62b,4c09860,unknown (not recorded),,inferred: cloud container (2 vCPU) + laptop Windows; see PROTOCOL.md deviations,
protocol_A.jsonl:436,A,transformer,TwoPhase@k=8,0.54,5326778907,2,ok,ok,1.088345746474149,766513720,1,8,4.55,60,1200,eff53cc4804cc7d6246a6e5086861ce2b846f62b,4c09860,unknown (not recorded),,inferred: cloud container (2 vCPU) + laptop Windows; see PROTOCOL.md deviations,
protocol_A.jsonl:437,A,transformer,NbhdPenalty@b=0.25,0.53,5228134853,0,ok,ok,1.0535301281892893,766513720,1,4,2.83,60,1200,eff53cc4804cc7d6246a6e5086861ce2b846f62b,4c09860,unknown (not recorded),,inferred: cloud container (2 vCPU) + laptop Windows; see PROTOCOL.md deviations,
protocol_A.jsonl:438,A,transformer,TwoPhase@k=8,0.53,5228134853,0,ok,ok,1.0885858507663808,766513720,1,7,4.72,60,1200,eff53cc4804cc7d6246a6e5086861ce2b846f62b,4c09860,unknown (not recorded),,inferred: cloud container (2 vCPU) + laptop Windows; see PROTOCOL.md deviations,
protocol_A.jsonl:439,A,transformer,DTR,0.52,5129490799,0,ok,ok,1.056270761712922,766513720,1,4,2.44,60,1200,eff53cc4804cc7d6246a6e5086861ce2b846f62b,4c09860,unknown (not recorded),,inferred: cloud container (2 vCPU) + laptop Windows; see PROTOCOL.md deviations,
protocol_A.jsonl:440,A,transformer,NbhdPenalty@b=0.25,0.52,5129490799,0,ok,ok,1.0551797895771173,766513720,1,5,2.75,60,1200,eff53cc4804cc7d6246a6e5086861ce2b846f62b,4c09860,unknown (not recorded),,inferred: cloud container (2 vCPU) + laptop Windows; see PROTOCOL.md deviations,
protocol_A.jsonl:441,A,transformer,TwoPhase@k=8,0.52,5129490799,0,ok,ok,1.092851494588497,766513720,1,8,4.34,60,1200,eff53cc4804cc7d6246a6e5086861ce2b846f62b,4c09860,unknown (not recorded),,inferred: cloud container (2 vCPU) + laptop Windows; see PROTOCOL.md deviations,
protocol_A.jsonl:442,A,transformer,DTR,0.51,5030846745,0,ok,ok,1.056270761712922,766513720,1,4,2.34,60,1200,eff53cc4804cc7d6246a6e5086861ce2b846f62b,4c09860,unknown (not recorded),,inferred: cloud container (2 vCPU) + laptop Windows; see PROTOCOL.md deviations,
protocol_A.jsonl:443,A,transformer,NbhdPenalty@b=0.25,0.51,5030846745,0,ok,ok,1.0572715467802225,766513720,1,4,3.41,60,1200,eff53cc4804cc7d6246a6e5086861ce2b846f62b,4c09860,unknown (not recorded),,inferred: cloud container (2 vCPU) + laptop Windows; see PROTOCOL.md deviations,
protocol_A.jsonl:444,A,transformer,TwoPhase@k=8,0.51,5030846745,0,ok,ok,1.0939887746981078,766513720,1,7,4.73,60,1200,eff53cc4804cc7d6246a6e5086861ce2b846f62b,4c09860,unknown (not recorded),,inferred: cloud container (2 vCPU) + laptop Windows; see PROTOCOL.md deviations,
protocol_A.jsonl:445,A,transformer,DTR,0.5,4932202692,0,ok,ok,1.0583950463492031,766513720,1,4,2.52,60,1200,eff53cc4804cc7d6246a6e5086861ce2b846f62b,4c09860,unknown (not recorded),,inferred: cloud container (2 vCPU) + laptop Windows; see PROTOCOL.md deviations,
protocol_A.jsonl:446,A,transformer,NbhdPenalty@b=0.25,0.5,4932202692,0,ok,ok,1.059484389579496,766513720,1,5,3.26,60,1200,eff53cc4804cc7d6246a6e5086861ce2b846f62b,4c09860,unknown (not recorded),,inferred: cloud container (2 vCPU) + laptop Windows; see PROTOCOL.md deviations,
protocol_A.jsonl:447,A,transformer,TwoPhase@k=8,0.5,4932202692,0,ok,ok,1.0955502760998463,766513720,1,8,4.64,60,1200,eff53cc4804cc7d6246a6e5086861ce2b846f62b,4c09860,unknown (not recorded),,inferred: cloud container (2 vCPU) + laptop Windows; see PROTOCOL.md deviations,
protocol_A.jsonl:448,A,transformer,DTR,0.49,4833558638,0,ok,ok,1.0587369318973936,766513720,1,4,2.52,60,1200,eff53cc4804cc7d6246a6e5086861ce2b846f62b,4c09860,unknown (not recorded),,inferred: cloud container (2 vCPU) + laptop Windows; see PROTOCOL.md deviations,
protocol_A.jsonl:449,A,transformer,DTR,0.49,4833558638,1,ok,ok,1.0587369318973936,766513720,1,4,2.44,60,1200,eff53cc4804cc7d6246a6e5086861ce2b846f62b,4c09860,unknown (not recorded),,inferred: cloud container (2 vCPU) + laptop Windows; see PROTOCOL.md deviations,
protocol_A.jsonl:450,A,transformer,DTR,0.49,4833558638,2,ok,ok,1.0587369318973936,766513720,1,4,2.53,60,1200,eff53cc4804cc7d6246a6e5086861ce2b846f62b,4c09860,unknown (not recorded),,inferred: cloud container (2 vCPU) + laptop Windows; see PROTOCOL.md deviations,
protocol_A.jsonl:451,A,transformer,NbhdPenalty@b=0.25,0.49,4833558638,0,ok,ok,1.061018543467586,766513720,1,4,3.17,60,1200,eff53cc4804cc7d6246a6e5086861ce2b846f62b,4c09860,unknown (not recorded),,inferred: cloud container (2 vCPU) + laptop Windows; see PROTOCOL.md deviations,
protocol_A.jsonl:452,A,transformer,NbhdPenalty@b=0.25,0.49,4833558638,1,ok,ok,1.061018543467586,766513720,1,4,3.15,60,1200,eff53cc4804cc7d6246a6e5086861ce2b846f62b,4c09860,unknown (not recorded),,inferred: cloud container (2 vCPU) + laptop Windows; see PROTOCOL.md deviations,
protocol_A.jsonl:453,A,transformer,NbhdPenalty@b=0.25,0.49,4833558638,2,ok,ok,1.061018543467586,766513720,1,4,3.2,60,1200,eff53cc4804cc7d6246a6e5086861ce2b846f62b,4c09860,unknown (not recorded),,inferred: cloud container (2 vCPU) + laptop Windows; see PROTOCOL.md deviations,
protocol_A.jsonl:454,A,transformer,TwoPhase@k=8,0.49,4833558638,0,ok,ok,1.0945342299977951,766513720,1,7,4.97,60,1200,eff53cc4804cc7d6246a6e5086861ce2b846f62b,4c09860,unknown (not recorded),,inferred: cloud container (2 vCPU) + laptop Windows; see PROTOCOL.md deviations,
protocol_A.jsonl:455,A,transformer,TwoPhase@k=8,0.49,4833558638,1,ok,ok,1.0945342299977951,766513720,1,7,4.92,60,1200,eff53cc4804cc7d6246a6e5086861ce2b846f62b,4c09860,unknown (not recorded),,inferred: cloud container (2 vCPU) + laptop Windows; see PROTOCOL.md deviations,
protocol_A.jsonl:456,A,transformer,TwoPhase@k=8,0.49,4833558638,2,ok,ok,1.0945342299977951,766513720,1,7,5.11,60,1200,eff53cc4804cc7d6246a6e5086861ce2b846f62b,4c09860,unknown (not recorded),,inferred: cloud container (2 vCPU) + laptop Windows; see PROTOCOL.md deviations,
protocol_A.jsonl:457,A,transformer,DTR,0.48,4734914584,0,ok,ok,1.0670991572484496,766513720,1,4,2.81,60,1200,eff53cc4804cc7d6246a6e5086861ce2b846f62b,4c09860,unknown (not recorded),,inferred: cloud container (2 vCPU) + laptop Windows; see PROTOCOL.md deviations,
protocol_A.jsonl:458,A,transformer,NbhdPenalty@b=0.25,0.48,4734914584,0,ok,ok,1.061625173218717,766513720,1,5,3.17,60,1200,eff53cc4804cc7d6246a6e5086861ce2b846f62b,4c09860,unknown (not recorded),,inferred: cloud container (2 vCPU) + laptop Windows; see PROTOCOL.md deviations,
protocol_A.jsonl:459,A,transformer,TwoPhase@k=8,0.48,4734914584,0,ok,ok,1.100488661518133,766513720,1,8,5.14,60,1200,eff53cc4804cc7d6246a6e5086861ce2b846f62b,4c09860,unknown (not recorded),,inferred: cloud container (2 vCPU) + laptop Windows; see PROTOCOL.md deviations,
protocol_A.jsonl:460,A,transformer,DTR,0.47,4636270530,0,ok,ok,1.069565327432921,766513720,1,4,2.87,60,1200,eff53cc4804cc7d6246a6e5086861ce2b846f62b,4c09860,unknown (not recorded),,inferred: cloud container (2 vCPU) + laptop Windows; see PROTOCOL.md deviations,
protocol_A.jsonl:461,A,transformer,NbhdPenalty@b=0.25,0.47,4636270530,0,ok,ok,1.0660877155193118,766513720,1,5,3.34,60,1200,eff53cc4804cc7d6246a6e5086861ce2b846f62b,4c09860,unknown (not recorded),,inferred: cloud container (2 vCPU) + laptop Windows; see PROTOCOL.md deviations,
protocol_A.jsonl:462,A,transformer,TwoPhase@k=8,0.47,4636270530,0,ok,ok,1.10013536277199,766513720,1,8,4.16,60,1200,eff53cc4804cc7d6246a6e5086861ce2b846f62b,4c09860,unknown (not recorded),,inferred: cloud container (2 vCPU) + laptop Windows; see PROTOCOL.md deviations,
protocol_A.jsonl:463,A,transformer,DTR,0.46,4537626476,0,ok,ok,1.069565327432921,766513720,1,4,2.93,60,1200,eff53cc4804cc7d6246a6e5086861ce2b846f62b,4c09860,unknown (not recorded),,inferred: cloud container (2 vCPU) + laptop Windows; see PROTOCOL.md deviations,
protocol_A.jsonl:464,A,transformer,NbhdPenalty@b=0.25,0.46,4537626476,0,ok,ok,1.07021163732232,766513720,1,6,3.86,60,1200,eff53cc4804cc7d6246a6e5086861ce2b846f62b,4c09860,unknown (not recorded),,inferred: cloud container (2 vCPU) + laptop Windows; see PROTOCOL.md deviations,
protocol_A.jsonl:465,A,transformer,TwoPhase@k=8,0.46,4537626476,0,ok,ok,1.0969441414056784,766513720,1,8,5.37,60,1200,eff53cc4804cc7d6246a6e5086861ce2b846f62b,4c09860,unknown (not recorded),,inferred: cloud container (2 vCPU) + laptop Windows; see PROTOCOL.md deviations,
protocol_A.jsonl:466,A,transformer,DTR,0.45,4438982422,0,ok,ok,1.0739040186177673,766513720,1,4,3.28,60,1200,eff53cc4804cc7d6246a6e5086861ce2b846f62b,4c09860,unknown (not recorded),,inferred: cloud container (2 vCPU) + laptop Windows; see PROTOCOL.md deviations,
protocol_A.jsonl:467,A,transformer,NbhdPenalty@b=0.25,0.45,4438982422,0,ok,ok,1.074409721383386,766513720,1,6,3.74,60,1200,eff53cc4804cc7d6246a6e5086861ce2b846f62b,4c09860,unknown (not recorded),,inferred: cloud container (2 vCPU) + laptop Windows; see PROTOCOL.md deviations,
protocol_A.jsonl:468,A,transformer,TwoPhase@k=8,0.45,4438982422,0,ok,ok,1.0992743233184434,766513720,1,8,4.15,60,1200,eff53cc4804cc7d6246a6e5086861ce2b846f62b,4c09860,unknown (not recorded),,inferred: cloud container (2 vCPU) + laptop Windows; see PROTOCOL.md deviations,
protocol_A.jsonl:469,A,transformer,DTR,0.44,4340338368,0,ok,ok,1.0739040186177673,766513720,1,4,3.06,60,1200,eff53cc4804cc7d6246a6e5086861ce2b846f62b,4c09860,unknown (not recorded),,inferred: cloud container (2 vCPU) + laptop Windows; see PROTOCOL.md deviations,
protocol_A.jsonl:470,A,transformer,NbhdPenalty@b=0.25,0.44,4340338368,0,ok,ok,1.0745670808954078,766513720,1,6,4.22,60,1200,eff53cc4804cc7d6246a6e5086861ce2b846f62b,4c09860,unknown (not recorded),,inferred: cloud container (2 vCPU) + laptop Windows; see PROTOCOL.md deviations,
protocol_A.jsonl:471,A,transformer,TwoPhase@k=8,0.44,4340338368,0,ok,ok,1.1009058386988697,766513720,1,8,4.0,60,1200,eff53cc4804cc7d6246a6e5086861ce2b846f62b,4c09860,unknown (not recorded),,inferred: cloud container (2 vCPU) + laptop Windows; see PROTOCOL.md deviations,
protocol_A.jsonl:472,A,transformer,DTR,0.43,4241694315,0,ok,ok,1.0807163874315997,766513720,1,4,3.37,60,1200,eff53cc4804cc7d6246a6e5086861ce2b846f62b,4c09860,unknown (not recorded),,inferred: cloud container (2 vCPU) + laptop Windows; see PROTOCOL.md deviations,
protocol_A.jsonl:473,A,transformer,NbhdPenalty@b=0.25,0.43,4241694315,0,ok,ok,1.0782943895448185,766513720,1,6,4.43,60,1200,eff53cc4804cc7d6246a6e5086861ce2b846f62b,4c09860,unknown (not recorded),,inferred: cloud container (2 vCPU) + laptop Windows; see PROTOCOL.md deviations,
protocol_A.jsonl:474,A,transformer,TwoPhase@k=8,0.43,4241694315,0,ok,ok,1.1030423835639698,766513720,1,8,4.84,60,1200,eff53cc4804cc7d6246a6e5086861ce2b846f62b,4c09860,unknown (not recorded),,inferred: cloud container (2 vCPU) + laptop Windows; see PROTOCOL.md deviations,
protocol_A.jsonl:475,A,transformer,DTR,0.42,4143050261,0,ok,ok,1.0807163874315997,766513720,1,4,3.5,60,1200,eff53cc4804cc7d6246a6e5086861ce2b846f62b,4c09860,unknown (not recorded),,inferred: cloud container (2 vCPU) + laptop Windows; see PROTOCOL.md deviations,
protocol_A.jsonl:476,A,transformer,NbhdPenalty@b=0.25,0.42,4143050261,0,ok,ok,1.078137030032797,766513720,1,6,4.5,60,1200,eff53cc4804cc7d6246a6e5086861ce2b846f62b,4c09860,unknown (not recorded),,inferred: cloud container (2 vCPU) + laptop Windows; see PROTOCOL.md deviations,
protocol_A.jsonl:477,A,transformer,TwoPhase@k=8,0.42,4143050261,0,ok,ok,1.1098860816604794,766513720,1,8,4.41,60,1200,eff53cc4804cc7d6246a6e5086861ce2b846f62b,4c09860,unknown (not recorded),,inferred: cloud container (2 vCPU) + laptop Windows; see PROTOCOL.md deviations,
protocol_A.jsonl:478,A,transformer,DTR,0.41,4044406207,0,ok,ok,1.0809434134224667,766513720,1,5,3.23,60,1200,eff53cc4804cc7d6246a6e5086861ce2b846f62b,4c09860,unknown (not recorded),,inferred: cloud container (2 vCPU) + laptop Windows; see PROTOCOL.md deviations,
protocol_A.jsonl:479,A,transformer,NbhdPenalty@b=0.25,0.41,4044406207,0,ok,ok,1.082633080729665,766513720,1,6,4.54,60,1200,eff53cc4804cc7d6246a6e5086861ce2b846f62b,4c09860,unknown (not recorded),,inferred: cloud container (2 vCPU) + laptop Windows; see PROTOCOL.md deviations,
protocol_A.jsonl:480,A,transformer,TwoPhase@k=8,0.41,4044406207,0,ok,ok,1.0998765514049025,766513720,1,8,4.42,60,1200,eff53cc4804cc7d6246a6e5086861ce2b846f62b,4c09860,unknown (not recorded),,inferred: cloud container (2 vCPU) + laptop Windows; see PROTOCOL.md deviations,
protocol_A.jsonl:481,A,transformer,DTR,0.4,3945762153,0,ok,ok,1.083190390841688,766513720,1,4,3.45,60,1200,eff53cc4804cc7d6246a6e5086861ce2b846f62b,4c09860,unknown (not recorded),,inferred: cloud container (2 vCPU) + laptop Windows; see PROTOCOL.md deviations,
protocol_A.jsonl:482,A,transformer,NbhdPenalty@b=0.25,0.4,3945762153,0,ok,ok,1.086594636851045,766513720,1,6,5.08,60,1200,eff53cc4804cc7d6246a6e5086861ce2b846f62b,4c09860,unknown (not recorded),,inferred: cloud container (2 vCPU) + laptop Windows; see PROTOCOL.md deviations,
protocol_A.jsonl:483,A,transformer,TwoPhase@k=8,0.4,3945762153,0,ok,ok,1.1117345165780192,766513720,1,8,4.69,60,1200,eff53cc4804cc7d6246a6e5086861ce2b846f62b,4c09860,unknown (not recorded),,inferred: cloud container (2 vCPU) + laptop Windows; see PROTOCOL.md deviations,
protocol_A.jsonl:484,A,transformer,DTR,0.39,3847118099,0,ok,ok,1.0895013065233923,766513720,1,6,3.8,60,1200,eff53cc4804cc7d6246a6e5086861ce2b846f62b,4c09860,unknown (not recorded),,inferred: cloud container (2 vCPU) + laptop Windows; see PROTOCOL.md deviations,
protocol_A.jsonl:485,A,transformer,NbhdPenalty@b=0.25,0.39,3847118099,0,ok,ok,1.0862125318158729,766513720,1,6,4.71,60,1200,eff53cc4804cc7d6246a6e5086861ce2b846f62b,4c09860,unknown (not recorded),,inferred: cloud container (2 vCPU) + laptop Windows; see PROTOCOL.md deviations,
protocol_A.jsonl:486,A,transformer,TwoPhase@k=8,0.39,3847118099,0,ok,ok,1.1113115839311412,766513720,1,8,4.91,60,1200,eff53cc4804cc7d6246a6e5086861ce2b846f62b,4c09860,unknown (not recorded),,inferred: cloud container (2 vCPU) + laptop Windows; see PROTOCOL.md deviations,
protocol_A.jsonl:487,A,transformer,DTR,0.38,3748474045,0,ok,ok,1.093326197472331,766513720,1,6,4.22,60,1200,eff53cc4804cc7d6246a6e5086861ce2b846f62b,4c09860,unknown (not recorded),,inferred: cloud container (2 vCPU) + laptop Windows; see PROTOCOL.md deviations,
protocol_A.jsonl:488,A,transformer,NbhdPenalty@b=0.25,0.38,3748474045,0,ok,ok,1.092517605156475,766513720,1,6,5.08,60,1200,eff53cc4804cc7d6246a6e5086861ce2b846f62b,4c09860,unknown (not recorded),,inferred: cloud container (2 vCPU) + laptop Windows; see PROTOCOL.md deviations,
protocol_A.jsonl:489,A,transformer,TwoPhase@k=8,0.38,3748474045,0,ok,ok,1.113360573315086,766513720,1,8,5.28,60,1200,eff53cc4804cc7d6246a6e5086861ce2b846f62b,4c09860,unknown (not recorded),,inferred: cloud container (2 vCPU) + laptop Windows; see PROTOCOL.md deviations,
protocol_A.jsonl:490,A,transformer,DTR,0.37,3649829992,0,ok,ok,1.098968961451618,766513720,1,7,4.37,60,1200,eff53cc4804cc7d6246a6e5086861ce2b846f62b,4c09860,unknown (not recorded),,inferred: cloud container (2 vCPU) + laptop Windows; see PROTOCOL.md deviations,
protocol_A.jsonl:491,A,transformer,NbhdPenalty@b=0.25,0.37,3649829992,0,ok,ok,1.0993180033246903,766513720,1,6,5.63,60,1200,eff53cc4804cc7d6246a6e5086861ce2b846f62b,4c09860,unknown (not recorded),,inferred: cloud container (2 vCPU) + laptop Windows; see PROTOCOL.md deviations,
protocol_A.jsonl:492,A,transformer,TwoPhase@k=8,0.37,3649829992,0,ok,ok,1.1183835025492264,766513720,1,8,4.51,60,1200,eff53cc4804cc7d6246a6e5086861ce2b846f62b,4c09860,unknown (not recorded),,inferred: cloud container (2 vCPU) + laptop Windows; see PROTOCOL.md deviations,
protocol_A.jsonl:493,A,transformer,DTR,0.36,3551185938,0,ok,ok,1.099575591202749,766513720,1,7,4.44,60,1200,eff53cc4804cc7d6246a6e5086861ce2b846f62b,4c09860,unknown (not recorded),,inferred: cloud container (2 vCPU) + laptop Windows; see PROTOCOL.md deviations,
protocol_A.jsonl:494,A,transformer,DTR,0.36,3551185938,1,ok,ok,1.099575591202749,766513720,1,7,4.27,60,1200,eff53cc4804cc7d6246a6e5086861ce2b846f62b,4c09860,unknown (not recorded),,inferred: cloud container (2 vCPU) + laptop Windows; see PROTOCOL.md deviations,
protocol_A.jsonl:495,A,transformer,DTR,0.36,3551185938,2,ok,ok,1.099575591202749,766513720,1,7,4.47,60,1200,eff53cc4804cc7d6246a6e5086861ce2b846f62b,4c09860,unknown (not recorded),,inferred: cloud container (2 vCPU) + laptop Windows; see PROTOCOL.md deviations,
protocol_A.jsonl:496,A,transformer,NbhdPenalty@b=0.25,0.36,3551185938,0,ok,ok,1.1049672901656047,766513720,1,6,5.71,60,1200,eff53cc4804cc7d6246a6e5086861ce2b846f62b,4c09860,unknown (not recorded),,inferred: cloud container (2 vCPU) + laptop Windows; see PROTOCOL.md deviations,
protocol_A.jsonl:497,A,transformer,NbhdPenalty@b=0.25,0.36,3551185938,1,ok,ok,1.1049672901656047,766513720,1,6,5.44,60,1200,eff53cc4804cc7d6246a6e5086861ce2b846f62b,4c09860,unknown (not recorded),,inferred: cloud container (2 vCPU) + laptop Windows; see PROTOCOL.md deviations,
protocol_A.jsonl:498,A,transformer,NbhdPenalty@b=0.25,0.36,3551185938,2,ok,ok,1.1049672901656047,766513720,1,6,5.74,60,1200,eff53cc4804cc7d6246a6e5086861ce2b846f62b,4c09860,unknown (not recorded),,inferred: cloud container (2 vCPU) + laptop Windows; see PROTOCOL.md deviations,
protocol_A.jsonl:499,A,transformer,TwoPhase@k=8,0.36,3551185938,0,ok,ok,1.1151919192039121,766513720,1,8,4.88,60,1200,eff53cc4804cc7d6246a6e5086861ce2b846f62b,4c09860,unknown (not recorded),,inferred: cloud container (2 vCPU) + laptop Windows; see PROTOCOL.md deviations,
protocol_A.jsonl:500,A,transformer,TwoPhase@k=8,0.36,3551185938,1,ok,ok,1.1151919192039121,766513720,1,8,4.97,60,1200,eff53cc4804cc7d6246a6e5086861ce2b846f62b,4c09860,unknown (not recorded),,inferred: cloud container (2 vCPU) + laptop Windows; see PROTOCOL.md deviations,
protocol_A.jsonl:501,A,transformer,TwoPhase@k=8,0.36,3551185938,2,ok,ok,1.1151919192039121,766513720,1,8,4.97,60,1200,eff53cc4804cc7d6246a6e5086861ce2b846f62b,4c09860,unknown (not recorded),,inferred: cloud container (2 vCPU) + laptop Windows; see PROTOCOL.md deviations,
protocol_A.jsonl:502,A,transformer,DTR,0.35,3452541884,0,ok,ok,1.101441516945696,766513720,1,7,4.48,60,1200,eff53cc4804cc7d6246a6e5086861ce2b846f62b,4c09860,unknown (not recorded),,inferred: cloud container (2 vCPU) + laptop Windows; see PROTOCOL.md deviations,
protocol_A.jsonl:503,A,transformer,NbhdPenalty@b=0.25,0.35,3452541884,0,ok,ok,1.1045868176557343,766513720,1,6,5.44,60,1200,eff53cc4804cc7d6246a6e5086861ce2b846f62b,4c09860,unknown (not recorded),,inferred: cloud container (2 vCPU) + laptop Windows; see PROTOCOL.md deviations,
protocol_A.jsonl:504,A,transformer,TwoPhase@k=8,0.35,3452541884,0,ok,ok,1.1193842152207263,766513720,1,8,5.69,60,1200,eff53cc4804cc7d6246a6e5086861ce2b846f62b,4c09860,unknown (not recorded),,inferred: cloud container (2 vCPU) + laptop Windows; see PROTOCOL.md deviations,
protocol_A.jsonl:505,A,transformer,DTR,0.34,3353897830,0,ok,ok,1.1020481466968268,766513720,1,7,4.85,60,1200,eff53cc4804cc7d6246a6e5086861ce2b846f62b,4c09860,unknown (not recorded),,inferred: cloud container (2 vCPU) + laptop Windows; see PROTOCOL.md deviations,
protocol_A.jsonl:506,A,transformer,NbhdPenalty@b=0.25,0.34,3353897830,0,ok,ok,1.1114493748582808,766513720,1,6,6.16,60,1200,eff53cc4804cc7d6246a6e5086861ce2b846f62b,4c09860,unknown (not recorded),,inferred: cloud container (2 vCPU) + laptop Windows; see PROTOCOL.md deviations,
protocol_A.jsonl:507,A,transformer,TwoPhase@k=8,0.34,3353897830,0,ok,ok,1.1214322779384245,766513720,1,8,6.18,60,1200,eff53cc4804cc7d6246a6e5086861ce2b846f62b,4c09860,unknown (not recorded),,inferred: cloud container (2 vCPU) + laptop Windows; see PROTOCOL.md deviations,
protocol_A.jsonl:508,A,transformer,DTR,0.33,3255253776,0,ok,ok,1.1052370767360518,766513720,1,7,4.85,60,1200,eff53cc4804cc7d6246a6e5086861ce2b846f62b,4c09860,unknown (not recorded),,inferred: cloud container (2 vCPU) + laptop Windows; see PROTOCOL.md deviations,
protocol_A.jsonl:509,A,transformer,NbhdPenalty@b=0.25,0.33,3255253776,0,ok,ok,1.1147642554914694,766513720,1,6,6.74,60,1200,eff53cc4804cc7d6246a6e5086861ce2b846f62b,4c09860,unknown (not recorded),,inferred: cloud container (2 vCPU) + laptop Windows; see PROTOCOL.md deviations,
protocol_A.jsonl:510,A,transformer,TwoPhase@k=8,0.33,3255253776,0,ok,ok,1.1231272699567512,766513720,1,8,5.07,60,1200,eff53cc4804cc7d6246a6e5086861ce2b846f62b,4c09860,unknown (not recorded),,inferred: cloud container (2 vCPU) + laptop Windows; see PROTOCOL.md deviations,
protocol_A.jsonl:511,A,transformer,DTR,0.32,3156609722,0,ok,ok,1.1127500486698867,766513720,1,7,5.41,60,1200,eff53cc4804cc7d6246a6e5086861ce2b846f62b,4c09860,unknown (not recorded),,inferred: cloud container (2 vCPU) + laptop Windows; see PROTOCOL.md deviations,
protocol_A.jsonl:512,A,transformer,NbhdPenalty@b=0.25,0.32,3156609722,0,ok,ok,1.1211732783422554,766513720,1,6,6.69,60,1200,eff53cc4804cc7d6246a6e5086861ce2b846f62b,4c09860,unknown (not recorded),,inferred: cloud container (2 vCPU) + laptop Windows; see PROTOCOL.md deviations,
protocol_A.jsonl:513,A,transformer,TwoPhase@k=8,0.32,3156609722,0,ok,ok,1.1201437449025664,766513720,1,8,5.9,60,1200,eff53cc4804cc7d6246a6e5086861ce2b846f62b,4c09860,unknown (not recorded),,inferred: cloud container (2 vCPU) + laptop Windows; see PROTOCOL.md deviations,
protocol_A.jsonl:514,A,transformer,DTR,0.31,3057965669,0,ok,ok,1.1159172925470644,766513720,1,7,5.35,60,1200,eff53cc4804cc7d6246a6e5086861ce2b846f62b,4c09860,unknown (not recorded),,inferred: cloud container (2 vCPU) + laptop Windows; see PROTOCOL.md deviations,
protocol_A.jsonl:515,A,transformer,NbhdPenalty@b=0.25,0.31,3057965669,0,ok,ok,1.1210175513555356,766513720,1,6,7.19,60,1200,eff53cc4804cc7d6246a6e5086861ce2b846f62b,4c09860,unknown (not recorded),,inferred: cloud container (2 vCPU) + laptop Windows; see PROTOCOL.md deviations,
protocol_A.jsonl:516,A,transformer,TwoPhase@k=8,0.31,3057965669,0,ok,ok,1.1204083479336961,766513720,1,8,7.07,60,1200,eff53cc4804cc7d6246a6e5086861ce2b846f62b,4c09860,unknown (not recorded),,inferred: cloud container (2 vCPU) + laptop Windows; see PROTOCOL.md deviations,
protocol_A.jsonl:517,A,transformer,DTR,0.3,2959321615,0,ok,ok,1.1234347892184322,766513720,1,7,6.06,60,1200,eff53cc4804cc7d6246a6e5086861ce2b846f62b,4c09860,unknown (not recorded),,inferred: cloud container (2 vCPU) + laptop Windows; see PROTOCOL.md deviations,
protocol_A.jsonl:518,A,transformer,NbhdPenalty@b=0.25,0.3,2959321615,0,ok,ok,1.121403131389133,766513720,1,7,6.48,60,1200,eff53cc4804cc7d6246a6e5086861ce2b846f62b,4c09860,unknown (not recorded),,inferred: cloud container (2 vCPU) + laptop Windows; see PROTOCOL.md deviations,
protocol_A.jsonl:519,A,transformer,TwoPhase@k=8,0.3,2959321615,0,ok,ok,1.1242840172971231,766513720,1,8,5.83,60,1200,eff53cc4804cc7d6246a6e5086861ce2b846f62b,4c09860,unknown (not recorded),,inferred: cloud container (2 vCPU) + laptop Windows; see PROTOCOL.md deviations,
protocol_A.jsonl:520,A,transformer,DTR,0.29,2860677561,0,ok,ok,1.124477096897124,766513720,1,7,5.96,60,1200,eff53cc4804cc7d6246a6e5086861ce2b846f62b,4c09860,unknown (not recorded),,inferred: cloud container (2 vCPU) + laptop Windows; see PROTOCOL.md deviations,
protocol_A.jsonl:521,A,transformer,NbhdPenalty@b=0.25,0.29,2860677561,0,ok,ok,1.1274431926623323,766513720,1,7,6.46,60,1200,eff53cc4804cc7d6246a6e5086861ce2b846f62b,4c09860,unknown (not recorded),,inferred: cloud container (2 vCPU) + laptop Windows; see PROTOCOL.md deviations,
protocol_A.jsonl:522,A,transformer,TwoPhase@k=8,0.29,2860677561,0,ok,ok,1.131832387157625,766513720,1,8,5.51,60,1200,eff53cc4804cc7d6246a6e5086861ce2b846f62b,4c09860,unknown (not recorded),,inferred: cloud container (2 vCPU) + laptop Windows; see PROTOCOL.md deviations,
protocol_A.jsonl:523,A,transformer,DTR,0.28,2762033507,0,ok,ok,1.1247018424202744,766513720,1,7,6.88,60,1200,eff53cc4804cc7d6246a6e5086861ce2b846f62b,4c09860,unknown (not recorded),,inferred: cloud container (2 vCPU) + laptop Windows; see PROTOCOL.md deviations,
protocol_A.jsonl:524,A,transformer,NbhdPenalty@b=0.25,0.28,2762033507,0,ok,ok,1.133670907470283,766513720,1,7,7.36,60,1200,eff53cc4804cc7d6246a6e5086861ce2b846f62b,4c09860,unknown (not recorded),,inferred: cloud container (2 vCPU) + laptop Windows; see PROTOCOL.md deviations,
protocol_A.jsonl:525,A,transformer,TwoPhase@k=8,0.28,2762033507,0,ok,ok,1.1364423671257793,766513720,1,7,7.4,60,1200,eff53cc4804cc7d6246a6e5086861ce2b846f62b,4c09860,unknown (not recorded),,inferred: cloud container (2 vCPU) + laptop Windows; see PROTOCOL.md deviations,
protocol_A.jsonl:526,A,transformer,DTR,0.27,2663389453,0,ok,ok,1.1291935059316305,766513720,1,7,6.89,60,1200,eff53cc4804cc7d6246a6e5086861ce2b846f62b,4c09860,unknown (not recorded),,inferred: cloud container (2 vCPU) + laptop Windows; see PROTOCOL.md deviations,
protocol_A.jsonl:527,A,transformer,NbhdPenalty@b=0.25,0.27,2663389453,0,ok,ok,1.134037997616426,766513720,1,7,8.12,60,1200,eff53cc4804cc7d6246a6e5086861ce2b846f62b,4c09860,unknown (not recorded),,inferred: cloud container (2 vCPU) + laptop Windows; see PROTOCOL.md deviations,
protocol_A.jsonl:528,A,transformer,TwoPhase@k=8,0.27,2663389453,0,ok,ok,1.1374584458059407,766513720,1,8,8.0,60,1200,eff53cc4804cc7d6246a6e5086861ce2b846f62b,4c09860,unknown (not recorded),,inferred: cloud container (2 vCPU) + laptop Windows; see PROTOCOL.md deviations,
protocol_A.jsonl:529,A,transformer,DTR,0.26,2564745399,0,ok,ok,1.1329067806551094,766513720,1,7,6.47,60,1200,eff53cc4804cc7d6246a6e5086861ce2b846f62b,4c09860,unknown (not recorded),,inferred: cloud container (2 vCPU) + laptop Windows; see PROTOCOL.md deviations,
protocol_A.jsonl:530,A,transformer,NbhdPenalty@b=0.25,0.26,2564745399,0,ok,ok,1.133783117341307,766513720,1,7,7.04,60,1200,eff53cc4804cc7d6246a6e5086861ce2b846f62b,4c09860,unknown (not recorded),,inferred: cloud container (2 vCPU) + laptop Windows; see PROTOCOL.md deviations,
protocol_A.jsonl:531,A,transformer,TwoPhase@k=8,0.26,2564745399,0,ok,ok,1.1427114669931002,766513720,1,8,7.71,60,1200,eff53cc4804cc7d6246a6e5086861ce2b846f62b,4c09860,unknown (not recorded),,inferred: cloud container (2 vCPU) + laptop Windows; see PROTOCOL.md deviations,
protocol_A.jsonl:532,A,transformer,DTR,0.25,2466101346,0,ok,ok,1.1365685240477745,766513720,1,7,7.43,60,1200,eff53cc4804cc7d6246a6e5086861ce2b846f62b,4c09860,unknown (not recorded),,inferred: cloud container (2 vCPU) + laptop Windows; see PROTOCOL.md deviations,
protocol_A.jsonl:533,A,transformer,NbhdPenalty@b=0.25,0.25,2466101346,0,ok,ok,1.1507523382449951,766513720,1,14,8.19,60,1200,eff53cc4804cc7d6246a6e5086861ce2b846f62b,4c09860,unknown (not recorded),,inferred: cloud container (2 vCPU) + laptop Windows; see PROTOCOL.md deviations,
protocol_A.jsonl:534,A,transformer,TwoPhase@k=8,0.25,2466101346,0,ok,ok,1.148970080328715,766513720,1,8,7.73,60,1200,eff53cc4804cc7d6246a6e5086861ce2b846f62b,4c09860,unknown (not recorded),,inferred: cloud container (2 vCPU) + laptop Windows; see PROTOCOL.md deviations,
protocol_A.jsonl:535,A,transformer,NbhdPenalty@b=0.25,0.24,2367457292,0,ok,ok,1.2072575030808577,766513720,1,33,6.58,60,1200,eff53cc4804cc7d6246a6e5086861ce2b846f62b,4c09860,unknown (not recorded),,inferred: cloud container (2 vCPU) + laptop Windows; see PROTOCOL.md deviations,
protocol_A.jsonl:536,A,transformer,DTR,0.24,2367457292,0,ok,ok,1.1954144442030687,766513720,1,30,10.84,60,1200,eff53cc4804cc7d6246a6e5086861ce2b846f62b,4c09860,unknown (not recorded),,inferred: cloud container (2 vCPU) + laptop Windows; see PROTOCOL.md deviations,
protocol_A.jsonl:537,A,transformer,TwoPhase@k=8,0.24,2367457292,0,ok,ok,1.1652711205716657,766513720,1,9,7.65,60,1200,eff53cc4804cc7d6246a6e5086861ce2b846f62b,4c09860,unknown (not recorded),,inferred: cloud container (2 vCPU) + laptop Windows; see PROTOCOL.md deviations,
protocol_A.jsonl:538,A,transformer,NbhdPenalty@b=0.25,0.23,2268813238,0,ok,ok,1.2167567877343328,766513720,1,33,9.08,60,1200,eff53cc4804cc7d6246a6e5086861ce2b846f62b,4c09860,unknown (not recorded),,inferred: cloud container (2 vCPU) + laptop Windows; see PROTOCOL.md deviations,
protocol_A.jsonl:539,A,transformer,DTR,0.23,2268813238,0,ok,ok,1.2169307331242547,766513720,1,30,13.78,60,1200,eff53cc4804cc7d6246a6e5086861ce2b846f62b,4c09860,unknown (not recorded),,inferred: cloud container (2 vCPU) + laptop Windows; see PROTOCOL.md deviations,
protocol_A.jsonl:540,A,transformer,TwoPhase@k=8,0.23,2268813238,0,ok,ok,1.1666931695626424,766513720,1,9,8.67,60,1200,eff53cc4804cc7d6246a6e5086861ce2b846f62b,4c09860,unknown (not recorded),,inferred: cloud container (2 vCPU) + laptop Windows; see PROTOCOL.md deviations,
protocol_A.jsonl:541,A,transformer,NbhdPenalty@b=0.25,0.22,2170169184,0,ok,ok,1.322797110356372,766513720,1,37,7.36,60,1200,eff53cc4804cc7d6246a6e5086861ce2b846f62b,4c09860,unknown (not recorded),,inferred: cloud container (2 vCPU) + laptop Windows; see PROTOCOL.md deviations,
protocol_A.jsonl:542,A,transformer,DTR,0.22,2170169184,0,ok,ok,1.2909261659193454,766513720,1,33,18.94,60,1200,eff53cc4804cc7d6246a6e5086861ce2b846f62b,4c09860,unknown (not recorded),,inferred: cloud container (2 vCPU) + laptop Windows; see PROTOCOL.md deviations,
protocol_A.jsonl:543,A,transformer,TwoPhase@k=8,0.22,2170169184,0,ok,ok,1.1741686658103354,766513720,1,12,7.82,60,1200,eff53cc4804cc7d6246a6e5086861ce2b846f62b,4c09860,unknown (not recorded),,inferred: cloud container (2 vCPU) + laptop Windows; see PROTOCOL.md deviations,
protocol_A.jsonl:544,A,transformer,NbhdPenalty@b=0.25,0.21,2071525130,0,ok,ok,1.3405009386875695,766513720,1,37,5.6,60,1200,eff53cc4804cc7d6246a6e5086861ce2b846f62b,4c09860,unknown (not recorded),,inferred: cloud container (2 vCPU) + laptop Windows; see PROTOCOL.md deviations,
protocol_A.jsonl:545,A,transformer,TwoPhase@k=8,0.21,2071525130,0,ok,ok,1.180809901811096,766513720,1,12,7.68,60,1200,eff53cc4804cc7d6246a6e5086861ce2b846f62b,4c09860,unknown (not recorded),,inferred: cloud container (2 vCPU) + laptop Windows; see PROTOCOL.md deviations,
protocol_A.jsonl:546,A,transformer,DTR,0.21,2071525130,0,ok,ok,1.3361466643066602,766513720,1,37,21.2,60,1200,eff53cc4804cc7d6246a6e5086861ce2b846f62b,4c09860,unknown (not recorded),,inferred: cloud container (2 vCPU) + laptop Windows; see PROTOCOL.md deviations,
protocol_A.jsonl:547,A,transformer,DTR,0.2,1972881076,0,ok,ok,1.3516564836060905,766513720,1,37,25.1,60,1200,eff53cc4804cc7d6246a6e5086861ce2b846f62b,4c09860,unknown (not recorded),,inferred: cloud container (2 vCPU) + laptop Windows; see PROTOCOL.md deviations,
protocol_A.jsonl:548,A,transformer,DTR,0.2,1972881076,1,ok,ok,1.3516564836060905,766513720,1,37,25.32,60,1200,eff53cc4804cc7d6246a6e5086861ce2b846f62b,4c09860,unknown (not recorded),,inferred: cloud container (2 vCPU) + laptop Windows; see PROTOCOL.md deviations,
protocol_A.jsonl:549,A,transformer,NbhdPenalty@b=0.25,0.2,1972881076,0,ok,ok,1.3771631023595754,766513720,1,41,5.95,60,1200,eff53cc4804cc7d6246a6e5086861ce2b846f62b,4c09860,unknown (not recorded),,inferred: cloud container (2 vCPU) + laptop Windows; see PROTOCOL.md deviations,
protocol_A.jsonl:550,A,transformer,NbhdPenalty@b=0.25,0.2,1972881076,1,ok,ok,1.3771631023595754,766513720,1,41,6.69,60,1200,eff53cc4804cc7d6246a6e5086861ce2b846f62b,4c09860,unknown (not recorded),,inferred: cloud container (2 vCPU) + laptop Windows; see PROTOCOL.md deviations,
protocol_A.jsonl:551,A,transformer,DTR,0.2,1972881076,2,ok,ok,1.3516564836060905,766513720,1,37,22.52,60,1200,eff53cc4804cc7d6246a6e5086861ce2b846f62b,4c09860,unknown (not recorded),,inferred: cloud container (2 vCPU) + laptop Windows; see PROTOCOL.md deviations,
protocol_A.jsonl:552,A,transformer,NbhdPenalty@b=0.25,0.2,1972881076,2,ok,ok,1.3771631023595754,766513720,1,41,6.94,60,1200,eff53cc4804cc7d6246a6e5086861ce2b846f62b,4c09860,unknown (not recorded),,inferred: cloud container (2 vCPU) + laptop Windows; see PROTOCOL.md deviations,
protocol_A.jsonl:553,A,transformer,TwoPhase@k=8,0.2,1972881076,0,ok,ok,1.1934648940709351,766513720,1,14,9.89,60,1200,eff53cc4804cc7d6246a6e5086861ce2b846f62b,4c09860,unknown (not recorded),,inferred: cloud container (2 vCPU) + laptop Windows; see PROTOCOL.md deviations,
protocol_A.jsonl:554,A,transformer,TwoPhase@k=8,0.2,1972881076,1,ok,ok,1.1934648940709351,766513720,1,14,9.98,60,1200,eff53cc4804cc7d6246a6e5086861ce2b846f62b,4c09860,unknown (not recorded),,inferred: cloud container (2 vCPU) + laptop Windows; see PROTOCOL.md deviations,
protocol_A.jsonl:555,A,transformer,TwoPhase@k=8,0.2,1972881076,2,ok,ok,1.1934648940709351,766513720,1,14,12.24,60,1200,eff53cc4804cc7d6246a6e5086861ce2b846f62b,4c09860,unknown (not recorded),,inferred: cloud container (2 vCPU) + laptop Windows; see PROTOCOL.md deviations,
protocol_A.jsonl:556,A,transformer,DTR,0.19,1874237022,0,ok,ok,1.3892213432752651,766513720,1,41,30.98,60,1200,eff53cc4804cc7d6246a6e5086861ce2b846f62b,4c09860,unknown (not recorded),,inferred: cloud container (2 vCPU) + laptop Windows; see PROTOCOL.md deviations,
protocol_A.jsonl:557,A,transformer,DTR,0.19,1874237022,1,ok,ok,1.3892213432752651,766513720,1,41,29.69,60,1200,eff53cc4804cc7d6246a6e5086861ce2b846f62b,4c09860,unknown (not recorded),,inferred: cloud container (2 vCPU) + laptop Windows; see PROTOCOL.md deviations,
protocol_A.jsonl:558,A,transformer,NbhdPenalty@b=0.25,0.19,1874237022,0,ok,ok,1.5256967446048242,1002977856,12,38,10.51,60,1200,eff53cc4804cc7d6246a6e5086861ce2b846f62b,4c09860,unknown (not recorded),,inferred: cloud container (2 vCPU) + laptop Windows; see PROTOCOL.md deviations,
protocol_A.jsonl:559,A,transformer,DTR,0.19,1874237022,2,ok,ok,1.3892213432752651,766513720,1,41,27.23,60,1200,eff53cc4804cc7d6246a6e5086861ce2b846f62b,4c09860,unknown (not recorded),,inferred: cloud container (2 vCPU) + laptop Windows; see PROTOCOL.md deviations,
protocol_A.jsonl:560,A,transformer,NbhdPenalty@b=0.25,0.19,1874237022,1,ok,ok,1.5256967446048242,1002977856,12,38,8.69,60,1200,eff53cc4804cc7d6246a6e5086861ce2b846f62b,4c09860,unknown (not recorded),,inferred: cloud container (2 vCPU) + laptop Windows; see PROTOCOL.md deviations,
protocol_A.jsonl:561,A,transformer,NbhdPenalty@b=0.25,0.19,1874237022,2,ok,ok,1.5256967446048242,1002977856,12,38,8.9,60,1200,eff53cc4804cc7d6246a6e5086861ce2b846f62b,4c09860,unknown (not recorded),,inferred: cloud container (2 vCPU) + laptop Windows; see PROTOCOL.md deviations,
protocol_A.jsonl:562,A,transformer,TwoPhase@k=8,0.19,1874237022,0,ok,ok,1.2161976966856167,766513720,1,29,10.93,60,1200,eff53cc4804cc7d6246a6e5086861ce2b846f62b,4c09860,unknown (not recorded),,inferred: cloud container (2 vCPU) + laptop Windows; see PROTOCOL.md deviations,
protocol_A.jsonl:563,A,transformer,TwoPhase@k=8,0.19,1874237022,1,ok,ok,1.2161976966856167,766513720,1,29,10.44,60,1200,eff53cc4804cc7d6246a6e5086861ce2b846f62b,4c09860,unknown (not recorded),,inferred: cloud container (2 vCPU) + laptop Windows; see PROTOCOL.md deviations,
protocol_A.jsonl:564,A,transformer,TwoPhase@k=8,0.19,1874237022,2,ok,ok,1.2161976966856167,766513720,1,29,10.14,60,1200,eff53cc4804cc7d6246a6e5086861ce2b846f62b,4c09860,unknown (not recorded),,inferred: cloud container (2 vCPU) + laptop Windows; see PROTOCOL.md deviations,
protocol_A.jsonl:565,A,transformer,NbhdPenalty@b=0.25,0.18,1775592969,0,ok,ok,1.4988886231078171,1042797120,13,38,10.28,60,1200,eff53cc4804cc7d6246a6e5086861ce2b846f62b,4c09860,unknown (not recorded),,inferred: cloud container (2 vCPU) + laptop Windows; see PROTOCOL.md deviations,
protocol_A.jsonl:566,A,transformer,DTR,0.18,1775592969,0,ok,ok,1.3973262413731444,766513720,1,41,29.69,60,1200,eff53cc4804cc7d6246a6e5086861ce2b846f62b,4c09860,unknown (not recorded),,inferred: cloud container (2 vCPU) + laptop Windows; see PROTOCOL.md deviations,
protocol_A.jsonl:567,A,transformer,TwoPhase@k=8,0.18,1775592969,0,ok,ok,1.3002317918064157,766513720,1,25,22.33,60,1200,eff53cc4804cc7d6246a6e5086861ce2b846f62b,4c09860,unknown (not recorded),,inferred: cloud container (2 vCPU) + laptop Windows; see PROTOCOL.md deviations,
protocol_A.jsonl:568,A,transformer,NbhdPenalty@b=0.25,0.17,1676948915,0,ok,ok,1.794383452711957,1030187584,13,45,13.16,60,1200,eff53cc4804cc7d6246a6e5086861ce2b846f62b,4c09860,unknown (not recorded),,inferred: cloud container (2 vCPU) + laptop Windows; see PROTOCOL.md deviations,
protocol_A.jsonl:569,A,transformer,DTR,0.17,1676948915,0,ok,ok,1.4243023030284199,766513720,1,38,22.22,60,1200,eff53cc4804cc7d6246a6e5086861ce2b846f62b,4c09860,unknown (not recorded),,inferred: cloud container (2 vCPU) + laptop Windows; see PROTOCOL.md deviations,
protocol_A.jsonl:570,A,transformer,DTR,0.16,1578304861,0,ok,ok,1.4568566276245043,766513720,1,41,14.35,60,1200,eff53cc4804cc7d6246a6e5086861ce2b846f62b,4c09860,unknown (not recorded),,inferred: cloud container (2 vCPU) + laptop Windows; see PROTOCOL.md deviations,
protocol_A.jsonl:571,A,transformer,NbhdPenalty@b=0.25,0.16,1578304861,0,ok,ok,1.7078284489419098,1017578048,13,45,9.15,60,1200,eff53cc4804cc7d6246a6e5086861ce2b846f62b,4c09860,unknown (not recorded),,inferred: cloud container (2 vCPU) + laptop Windows; see PROTOCOL.md deviations,
protocol_A.jsonl:572,A,transformer,TwoPhase@k=8,0.17,1676948915,0,ok,ok,1.407878392632818,766513720,1,35,30.88,60,1200,eff53cc4804cc7d6246a6e5086861ce2b846f62b,4c09860,unknown (not recorded),,inferred: cloud container (2 vCPU) + laptop Windows; see PROTOCOL.md deviations,
protocol_A.jsonl:573,A,transformer,TwoPhase@k=8,0.16,1578304861,0,ok,ok,1.4960912964327933,766513720,1,49,41.66,60,1200,eff53cc4804cc7d6246a6e5086861ce2b846f62b,4c09860,unknown (not recorded),,inferred: cloud container (2 vCPU) + laptop Windows; see PROTOCOL.md deviations,
protocol_A.jsonl:574,A,transformer,NbhdPenalty@b=0.25,0.15,1479660807,0,ok,ok,3.095953013938168,1057530432,13,94,94.04,60,1200,eff53cc4804cc7d6246a6e5086861ce2b846f62b,4c09860,unknown (not recorded),,inferred: cloud container (2 vCPU) + laptop Windows; see PROTOCOL.md deviations,
protocol_A.jsonl:575,A,transformer,DTR,0.15,1479660807,0,ok,ok,2.850089367910021,1032311360,13,118,130.71,60,1200,eff53cc4804cc7d6246a6e5086861ce2b846f62b,4c09860,unknown (not recorded),,inferred: cloud container (2 vCPU) + laptop Windows; see PROTOCOL.md deviations,
protocol_A.jsonl:576,A,transformer,TwoPhase@k=8,0.15,1479660807,0,ok,ok,1.697697539887172,766513720,1,45,63.51,60,1200,eff53cc4804cc7d6246a6e5086861ce2b846f62b,4c09860,unknown (not recorded),,inferred: cloud container (2 vCPU) + laptop Windows; see PROTOCOL.md deviations,
protocol_A.jsonl:577,A,transformer,DTR,0.14,1381016753,0,ok,ok,3.0720813276468943,1015587392,12,99,90.62,60,1200,eff53cc4804cc7d6246a6e5086861ce2b846f62b,4c09860,unknown (not recorded),,inferred: cloud container (2 vCPU) + laptop Windows; see PROTOCOL.md deviations,
protocol_A.jsonl:578,A,transformer,NbhdPenalty@b=0.25,0.14,1381016753,0,ok,ok,3.317606447291995,1057530432,13,113,95.29,60,1200,eff53cc4804cc7d6246a6e5086861ce2b846f62b,4c09860,unknown (not recorded),,inferred: cloud container (2 vCPU) + laptop Windows; see PROTOCOL.md deviations,
protocol_A.jsonl:579,A,transformer,TwoPhase@k=8,0.14,1381016753,0,ok,ok,1.8267120797801142,766513720,1,41,71.09,60,1200,eff53cc4804cc7d6246a6e5086861ce2b846f62b,4c09860,unknown (not recorded),,inferred: cloud container (2 vCPU) + laptop Windows; see PROTOCOL.md deviations,
protocol_A.jsonl:580,A,transformer,DTR,0.13,1282372699,0,ok,ok,6.065795030157158,1050602048,19,118,344.81,60,1200,eff53cc4804cc7d6246a6e5086861ce2b846f62b,4c09860,unknown (not recorded),,inferred: cloud container (2 vCPU) + laptop Windows; see PROTOCOL.md deviations,
protocol_A.jsonl:581,A,transformer,DTR,0.13,1282372699,1,ok,ok,6.065795030157158,1050602048,19,118,361.12,60,1200,eff53cc4804cc7d6246a6e5086861ce2b846f62b,4c09860,unknown (not recorded),,inferred: cloud container (2 vCPU) + laptop Windows; see PROTOCOL.md deviations,
protocol_A.jsonl:582,A,transformer,NbhdPenalty@b=0.25,0.13,1282372699,0,ok,ok,3.895266989884475,1044920896,13,83,89.76,60,1200,eff53cc4804cc7d6246a6e5086861ce2b846f62b,4c09860,unknown (not recorded),,inferred: cloud container (2 vCPU) + laptop Windows; see PROTOCOL.md deviations,
protocol_A.jsonl:583,A,transformer,NbhdPenalty@b=0.25,0.13,1282372699,1,ok,ok,3.895266989884475,1044920896,13,83,90.1,60,1200,eff53cc4804cc7d6246a6e5086861ce2b846f62b,4c09860,unknown (not recorded),,inferred: cloud container (2 vCPU) + laptop Windows; see PROTOCOL.md deviations,
protocol_A.jsonl:584,A,transformer,NbhdPenalty@b=0.25,0.13,1282372699,2,ok,ok,3.895266989884475,1044920896,13,83,92.12,60,1200,eff53cc4804cc7d6246a6e5086861ce2b846f62b,4c09860,unknown (not recorded),,inferred: cloud container (2 vCPU) + laptop Windows; see PROTOCOL.md deviations,
protocol_A.jsonl:585,A,transformer,DTR,0.13,1282372699,2,ok,ok,6.065795030157158,1050602048,19,118,356.37,60,1200,eff53cc4804cc7d6246a6e5086861ce2b846f62b,4c09860,unknown (not recorded),,inferred: cloud container (2 vCPU) + laptop Windows; see PROTOCOL.md deviations,
protocol_A.jsonl:586,A,transformer,TwoPhase@k=8,0.13,1282372699,0,ok,ok,2.3490142757930617,766513720,1,126,183.37,60,1200,eff53cc4804cc7d6246a6e5086861ce2b846f62b,4c09860,unknown (not recorded),,inferred: cloud container (2 vCPU) + laptop Windows; see PROTOCOL.md deviations,
protocol_A.jsonl:587,A,transformer,TwoPhase@k=8,0.13,1282372699,1,ok,ok,2.3490142757930617,766513720,1,126,184.57,60,1200,eff53cc4804cc7d6246a6e5086861ce2b846f62b,4c09860,unknown (not recorded),,inferred: cloud container (2 vCPU) + laptop Windows; see PROTOCOL.md deviations,
protocol_A.jsonl:588,A,transformer,TwoPhase@k=8,0.13,1282372699,2,ok,ok,2.3490142757930617,766513720,1,126,183.95,60,1200,eff53cc4804cc7d6246a6e5086861ce2b846f62b,4c09860,unknown (not recorded),,inferred: cloud container (2 vCPU) + laptop Windows; see PROTOCOL.md deviations,
protocol_A.jsonl:589,A,transformer,NbhdPenalty@b=0.25,0.12,1183728646,0,oom,"oom: evictable pool empty, pinned 1.17 GB at depth 30",,1174905408,30,98,149.6,60,1200,eff53cc4804cc7d6246a6e5086861ce2b846f62b,4c09860,unknown (not recorded),,inferred: cloud container (2 vCPU) + laptop Windows; see PROTOCOL.md deviations,
protocol_A.jsonl:590,A,transformer,DTR,0.12,1183728646,0,oom,"oom: evictable pool empty, pinned 1.02 GB at depth 59",,1020193344,59,177,334.35,60,1200,eff53cc4804cc7d6246a6e5086861ce2b846f62b,4c09860,unknown (not recorded),,inferred: cloud container (2 vCPU) + laptop Windows; see PROTOCOL.md deviations,
protocol_A.jsonl:591,A,transformer,DTR,0.11,1085084592,0,oom,"oom: evictable pool empty, pinned 0.88 GB at depth 14",,876882496,14,126,185.66,60,1200,eff53cc4804cc7d6246a6e5086861ce2b846f62b,4c09860,unknown (not recorded),,inferred: cloud container (2 vCPU) + laptop Windows; see PROTOCOL.md deviations,
protocol_A.jsonl:592,A,transformer,NbhdPenalty@b=0.25,0.11,1085084592,0,oom,"oom: evictable pool empty, pinned 0.88 GB at depth 11",,876876352,11,130,137.92,60,1200,eff53cc4804cc7d6246a6e5086861ce2b846f62b,4c09860,unknown (not recorded),,inferred: cloud container (2 vCPU) + laptop Windows; see PROTOCOL.md deviations,
protocol_A.jsonl:593,A,transformer,TwoPhase@k=8,0.12,1183728646,0,oom,"oom: evictable pool empty, pinned 1.02 GB at depth 62",,1021819456,62,193,573.61,60,1200,eff53cc4804cc7d6246a6e5086861ce2b846f62b,4c09860,unknown (not recorded),,inferred: cloud container (2 vCPU) + laptop Windows; see PROTOCOL.md deviations,
protocol_A.jsonl:594,A,transformer,TwoPhase@k=8,0.11,1085084592,0,oom,"oom: evictable pool empty, pinned 0.92 GB at depth 30",,920943168,30,161,315.24,60,1200,eff53cc4804cc7d6246a6e5086861ce2b846f62b,4c09860,unknown (not recorded),,inferred: cloud container (2 vCPU) + laptop Windows; see PROTOCOL.md deviations,
protocol_A.jsonl:595,A,transformer,DTR,0.1,986440538,0,oom,"oom: evictable pool empty, pinned 0.88 GB at depth 12",,876882496,12,134,182.51,60,1200,eff53cc4804cc7d6246a6e5086861ce2b846f62b,4c09860,unknown (not recorded),,inferred: cloud container (2 vCPU) + laptop Windows; see PROTOCOL.md deviations,
protocol_A.jsonl:596,A,transformer,NbhdPenalty@b=0.25,0.1,986440538,0,oom,"oom: evictable pool empty, pinned 0.88 GB at depth 9",,876876352,9,135,193.64,60,1200,eff53cc4804cc7d6246a6e5086861ce2b846f62b,4c09860,unknown (not recorded),,inferred: cloud container (2 vCPU) + laptop Windows; see PROTOCOL.md deviations,
protocol_A.jsonl:597,A,transformer,DTR,0.09,887796484,0,oom,"oom: evictable pool empty, pinned 0.77 GB at depth 1",,766513632,1,23,0.68,60,1200,eff53cc4804cc7d6246a6e5086861ce2b846f62b,4c09860,unknown (not recorded),,inferred: cloud container (2 vCPU) + laptop Windows; see PROTOCOL.md deviations,
protocol_A.jsonl:598,A,transformer,NbhdPenalty@b=0.25,0.09,887796484,0,oom,"oom: evictable pool empty, pinned 0.77 GB at depth 1",,766513632,1,24,0.75,60,1200,eff53cc4804cc7d6246a6e5086861ce2b846f62b,4c09860,unknown (not recorded),,inferred: cloud container (2 vCPU) + laptop Windows; see PROTOCOL.md deviations,
protocol_A.jsonl:599,A,transformer,TwoPhase@k=8,0.09,887796484,0,oom,"oom: evictable pool empty, pinned 0.77 GB at depth 1",,766513632,1,11,1.12,60,1200,eff53cc4804cc7d6246a6e5086861ce2b846f62b,4c09860,unknown (not recorded),,inferred: cloud container (2 vCPU) + laptop Windows; see PROTOCOL.md deviations,
protocol_A.jsonl:600,A,transformer,DTR,0.08,789152430,0,oom,"oom: evictable pool empty, pinned 0.60 GB at depth 2",,598741472,3,22,0.94,60,1200,eff53cc4804cc7d6246a6e5086861ce2b846f62b,4c09860,unknown (not recorded),,inferred: cloud container (2 vCPU) + laptop Windows; see PROTOCOL.md deviations,
protocol_A.jsonl:601,A,transformer,NbhdPenalty@b=0.25,0.08,789152430,0,oom,"oom: evictable pool empty, pinned 0.60 GB at depth 2",,598741472,3,23,0.83,60,1200,eff53cc4804cc7d6246a6e5086861ce2b846f62b,4c09860,unknown (not recorded),,inferred: cloud container (2 vCPU) + laptop Windows; see PROTOCOL.md deviations,
protocol_A.jsonl:602,A,transformer,TwoPhase@k=8,0.08,789152430,0,oom,"oom: evictable pool empty, pinned 0.60 GB at depth 2",,598741472,3,23,0.78,60,1200,eff53cc4804cc7d6246a6e5086861ce2b846f62b,4c09860,unknown (not recorded),,inferred: cloud container (2 vCPU) + laptop Windows; see PROTOCOL.md deviations,
protocol_A.jsonl:603,A,transformer,DTR,0.07,690508376,0,oom,"oom: evictable pool empty, pinned 0.60 GB at depth 3",,598741472,3,29,0.94,60,1200,eff53cc4804cc7d6246a6e5086861ce2b846f62b,4c09860,unknown (not recorded),,inferred: cloud container (2 vCPU) + laptop Windows; see PROTOCOL.md deviations,
protocol_A.jsonl:604,A,transformer,NbhdPenalty@b=0.25,0.07,690508376,0,oom,"oom: evictable pool empty, pinned 0.60 GB at depth 3",,598741472,3,23,0.91,60,1200,eff53cc4804cc7d6246a6e5086861ce2b846f62b,4c09860,unknown (not recorded),,inferred: cloud container (2 vCPU) + laptop Windows; see PROTOCOL.md deviations,
protocol_A.jsonl:605,A,transformer,TwoPhase@k=8,0.07,690508376,0,oom,"oom: evictable pool empty, pinned 0.61 GB at depth 70",,609227232,70,93,8.94,60,1200,eff53cc4804cc7d6246a6e5086861ce2b846f62b,4c09860,unknown (not recorded),,inferred: cloud container (2 vCPU) + laptop Windows; see PROTOCOL.md deviations,
protocol_A.jsonl:606,A,transformer,DTR,0.06,591864323,0,oom,"oom: evictable pool empty, pinned 0.43 GB at depth 1",,430968840,1,1,0.0,60,1200,eff53cc4804cc7d6246a6e5086861ce2b846f62b,4c09860,unknown (not recorded),,inferred: cloud container (2 vCPU) + laptop Windows; see PROTOCOL.md deviations,
protocol_A.jsonl:607,A,transformer,NbhdPenalty@b=0.25,0.06,591864323,0,oom,"oom: evictable pool empty, pinned 0.43 GB at depth 1",,430968840,1,1,0.0,60,1200,eff53cc4804cc7d6246a6e5086861ce2b846f62b,4c09860,unknown (not recorded),,inferred: cloud container (2 vCPU) + laptop Windows; see PROTOCOL.md deviations,
protocol_A.jsonl:608,A,transformer,TwoPhase@k=8,0.06,591864323,0,oom,"oom: evictable pool empty, pinned 0.43 GB at depth 1",,430968840,1,1,0.0,60,1200,eff53cc4804cc7d6246a6e5086861ce2b846f62b,4c09860,unknown (not recorded),,inferred: cloud container (2 vCPU) + laptop Windows; see PROTOCOL.md deviations,
protocol_A.jsonl:609,A,transformer,DTR,0.05,493220269,0,oom,"oom: evictable pool empty, pinned 0.43 GB at depth 1",,430968840,1,1,0.0,60,1200,eff53cc4804cc7d6246a6e5086861ce2b846f62b,4c09860,unknown (not recorded),,inferred: cloud container (2 vCPU) + laptop Windows; see PROTOCOL.md deviations,
protocol_A.jsonl:610,A,transformer,NbhdPenalty@b=0.25,0.05,493220269,0,oom,"oom: evictable pool empty, pinned 0.43 GB at depth 1",,430968840,1,1,0.0,60,1200,eff53cc4804cc7d6246a6e5086861ce2b846f62b,4c09860,unknown (not recorded),,inferred: cloud container (2 vCPU) + laptop Windows; see PROTOCOL.md deviations,
protocol_A.jsonl:611,A,transformer,TwoPhase@k=8,0.05,493220269,0,oom,"oom: evictable pool empty, pinned 0.43 GB at depth 1",,430968840,1,1,0.0,60,1200,eff53cc4804cc7d6246a6e5086861ce2b846f62b,4c09860,unknown (not recorded),,inferred: cloud container (2 vCPU) + laptop Windows; see PROTOCOL.md deviations,
protocol_A.jsonl:612,A,unet,DTR,0.6,5049458956,0,ok,ok,1.1308011748952553,1258878500,3,8,0.05,60,1200,eff53cc4804cc7d6246a6e5086861ce2b846f62b,4c09860,unknown (not recorded),,inferred: cloud container (2 vCPU) + laptop Windows; see PROTOCOL.md deviations,
protocol_A.jsonl:613,A,unet,NbhdPenalty@b=0.25,0.6,5049458956,0,ok,ok,1.1077316463096212,1258878500,3,5,0.04,60,1200,eff53cc4804cc7d6246a6e5086861ce2b846f62b,4c09860,unknown (not recorded),,inferred: cloud container (2 vCPU) + laptop Windows; see PROTOCOL.md deviations,
protocol_A.jsonl:614,A,unet,TwoPhase@k=8,0.6,5049458956,0,ok,ok,1.113050501034405,1258878500,3,7,0.05,60,1200,eff53cc4804cc7d6246a6e5086861ce2b846f62b,4c09860,unknown (not recorded),,inferred: cloud container (2 vCPU) + laptop Windows; see PROTOCOL.md deviations,
protocol_A.jsonl:615,A,unet,DTR,0.59,4965301307,0,ok,ok,1.1308011748952553,1258878500,3,8,0.05,60,1200,eff53cc4804cc7d6246a6e5086861ce2b846f62b,4c09860,unknown (not recorded),,inferred: cloud container (2 vCPU) + laptop Windows; see PROTOCOL.md deviations,
protocol_A.jsonl:616,A,unet,NbhdPenalty@b=0.25,0.59,4965301307,0,ok,ok,1.1200967173433036,1258878500,3,5,0.04,60,1200,eff53cc4804cc7d6246a6e5086861ce2b846f62b,4c09860,unknown (not recorded),,inferred: cloud container (2 vCPU) + laptop Windows; see PROTOCOL.md deviations,
protocol_A.jsonl:617,A,unet,TwoPhase@k=8,0.59,4965301307,0,ok,ok,1.1465466350433116,1258879012,3,9,0.04,60,1200,eff53cc4804cc7d6246a6e5086861ce2b846f62b,4c09860,unknown (not recorded),,inferred: cloud container (2 vCPU) + laptop Windows; see PROTOCOL.md deviations,
protocol_A.jsonl:618,A,unet,DTR,0.58,4881143658,0,ok,ok,1.1308011748952553,1258878500,3,8,0.05,60,1200,eff53cc4804cc7d6246a6e5086861ce2b846f62b,4c09860,unknown (not recorded),,inferred: cloud container (2 vCPU) + laptop Windows; see PROTOCOL.md deviations,
protocol_A.jsonl:619,A,unet,NbhdPenalty@b=0.25,0.58,4881143658,0,ok,ok,1.1216294057687581,1258878500,3,5,0.04,60,1200,eff53cc4804cc7d6246a6e5086861ce2b846f62b,4c09860,unknown (not recorded),,inferred: cloud container (2 vCPU) + laptop Windows; see PROTOCOL.md deviations,
protocol_A.jsonl:620,A,unet,TwoPhase@k=8,0.58,4881143658,0,ok,ok,1.147253339249916,1258879012,3,9,0.04,60,1200,eff53cc4804cc7d6246a6e5086861ce2b846f62b,4c09860,unknown (not recorded),,inferred: cloud container (2 vCPU) + laptop Windows; see PROTOCOL.md deviations,
protocol_A.jsonl:621,A,unet,DTR,0.57,4796986008,0,ok,ok,1.1308011748952553,1258878500,3,8,0.05,60,1200,eff53cc4804cc7d6246a6e5086861ce2b846f62b,4c09860,unknown (not recorded),,inferred: cloud container (2 vCPU) + laptop Windows; see PROTOCOL.md deviations,
protocol_A.jsonl:622,A,unet,NbhdPenalty@b=0.25,0.57,4796986008,0,ok,ok,1.1308011748952553,1258878500,3,8,0.05,60,1200,eff53cc4804cc7d6246a6e5086861ce2b846f62b,4c09860,unknown (not recorded),,inferred: cloud container (2 vCPU) + laptop Windows; see PROTOCOL.md deviations,
protocol_A.jsonl:623,A,unet,TwoPhase@k=8,0.57,4796986008,0,ok,ok,1.1673374329450823,1258879012,3,9,0.04,60,1200,eff53cc4804cc7d6246a6e5086861ce2b846f62b,4c09860,unknown (not recorded),,inferred: cloud container (2 vCPU) + laptop Windows; see PROTOCOL.md deviations,
protocol_A.jsonl:624,A,unet,DTR,0.56,4712828359,0,ok,ok,1.1489253040902854,1258878500,3,8,0.06,60,1200,eff53cc4804cc7d6246a6e5086861ce2b846f62b,4c09860,unknown (not recorded),,inferred: cloud container (2 vCPU) + laptop Windows; see PROTOCOL.md deviations,
protocol_A.jsonl:625,A,unet,NbhdPenalty@b=0.25,0.56,4712828359,0,ok,ok,1.1308011748952553,1258878500,3,8,0.05,60,1200,eff53cc4804cc7d6246a6e5086861ce2b846f62b,4c09860,unknown (not recorded),,inferred: cloud container (2 vCPU) + laptop Windows; see PROTOCOL.md deviations,
protocol_A.jsonl:626,A,unet,TwoPhase@k=8,0.56,4712828359,0,ok,ok,1.1572678680700208,1258879012,3,9,0.04,60,1200,eff53cc4804cc7d6246a6e5086861ce2b846f62b,4c09860,unknown (not recorded),,inferred: cloud container (2 vCPU) + laptop Windows; see PROTOCOL.md deviations,
protocol_A.jsonl:627,A,unet,DTR,0.55,4628670710,0,ok,ok,1.1521045000792274,1258878500,3,8,0.06,60,1200,eff53cc4804cc7d6246a6e5086861ce2b846f62b,4c09860,unknown (not recorded),,inferred: cloud container (2 vCPU) + laptop Windows; see PROTOCOL.md deviations,
protocol_A.jsonl:628,A,unet,NbhdPenalty@b=0.25,0.55,4628670710,0,ok,ok,1.1489253040902854,1258878500,3,8,0.06,60,1200,eff53cc4804cc7d6246a6e5086861ce2b846f62b,4c09860,unknown (not recorded),,inferred: cloud container (2 vCPU) + laptop Windows; see PROTOCOL.md deviations,
protocol_A.jsonl:629,A,unet,TwoPhase@k=8,0.55,4628670710,0,ok,ok,1.1767694126129313,1258879012,3,9,0.04,60,1200,eff53cc4804cc7d6246a6e5086861ce2b846f62b,4c09860,unknown (not recorded),,inferred: cloud container (2 vCPU) + laptop Windows; see PROTOCOL.md deviations,
protocol_A.jsonl:630,A,unet,DTR,0.54,4544513061,0,ok,ok,1.1521045000792274,1258878500,3,8,0.06,60,1200,eff53cc4804cc7d6246a6e5086861ce2b846f62b,4c09860,unknown (not recorded),,inferred: cloud container (2 vCPU) + laptop Windows; see PROTOCOL.md deviations,
protocol_A.jsonl:631,A,unet,NbhdPenalty@b=0.25,0.54,4544513061,0,ok,ok,1.1875291543369684,1258878500,3,8,0.06,60,1200,eff53cc4804cc7d6246a6e5086861ce2b846f62b,4c09860,unknown (not recorded),,inferred: cloud container (2 vCPU) + laptop Windows; see PROTOCOL.md deviations,
protocol_A.jsonl:632,A,unet,TwoPhase@k=8,0.54,4544513061,0,ok,ok,1.1995481088682456,1258878500,3,10,0.07,60,1200,eff53cc4804cc7d6246a6e5086861ce2b846f62b,4c09860,unknown (not recorded),,inferred: cloud container (2 vCPU) + laptop Windows; see PROTOCOL.md deviations,
protocol_A.jsonl:633,A,unet,DTR,0.53,4460355411,0,ok,ok,1.1562929653289487,1258878500,3,10,0.06,60,1200,eff53cc4804cc7d6246a6e5086861ce2b846f62b,4c09860,unknown (not recorded),,inferred: cloud container (2 vCPU) + laptop Windows; see PROTOCOL.md deviations,
protocol_A.jsonl:634,A,unet,NbhdPenalty@b=0.25,0.53,4460355411,0,ok,ok,1.1755403253604018,1258878500,3,8,0.06,60,1200,eff53cc4804cc7d6246a6e5086861ce2b846f62b,4c09860,unknown (not recorded),,inferred: cloud container (2 vCPU) + laptop Windows; see PROTOCOL.md deviations,
protocol_A.jsonl:635,A,unet,TwoPhase@k=8,0.53,4460355411,0,ok,ok,1.2021936876190462,1258878500,3,10,0.07,60,1200,eff53cc4804cc7d6246a6e5086861ce2b846f62b,4c09860,unknown (not recorded),,inferred: cloud container (2 vCPU) + laptop Windows; see PROTOCOL.md deviations,
protocol_A.jsonl:636,A,unet,DTR,0.52,4376197762,0,ok,ok,1.1562929653289487,1258878500,3,10,0.06,60,1200,eff53cc4804cc7d6246a6e5086861ce2b846f62b,4c09860,unknown (not recorded),,inferred: cloud container (2 vCPU) + laptop Windows; see PROTOCOL.md deviations,
protocol_A.jsonl:637,A,unet,DTR,0.52,4376197762,1,ok,ok,1.1562929653289487,1258878500,3,10,0.06,60,1200,eff53cc4804cc7d6246a6e5086861ce2b846f62b,4c09860,unknown (not recorded),,inferred: cloud container (2 vCPU) + laptop Windows; see PROTOCOL.md deviations,
protocol_A.jsonl:638,A,unet,DTR,0.52,4376197762,2,ok,ok,1.1562929653289487,1258878500,3,10,0.06,60,1200,eff53cc4804cc7d6246a6e5086861ce2b846f62b,4c09860,unknown (not recorded),,inferred: cloud container (2 vCPU) + laptop Windows; see PROTOCOL.md deviations,
protocol_A.jsonl:639,A,unet,NbhdPenalty@b=0.25,0.52,4376197762,0,ok,ok,1.1755403253604018,1258878500,3,8,0.06,60,1200,eff53cc4804cc7d6246a6e5086861ce2b846f62b,4c09860,unknown (not recorded),,inferred: cloud container (2 vCPU) + laptop Windows; see PROTOCOL.md deviations,
protocol_A.jsonl:640,A,unet,NbhdPenalty@b=0.25,0.52,4376197762,1,ok,ok,1.1755403253604018,1258878500,3,8,0.06,60,1200,eff53cc4804cc7d6246a6e5086861ce2b846f62b,4c09860,unknown (not recorded),,inferred: cloud container (2 vCPU) + laptop Windows; see PROTOCOL.md deviations,
protocol_A.jsonl:641,A,unet,NbhdPenalty@b=0.25,0.52,4376197762,2,ok,ok,1.1755403253604018,1258878500,3,8,0.06,60,1200,eff53cc4804cc7d6246a6e5086861ce2b846f62b,4c09860,unknown (not recorded),,inferred: cloud container (2 vCPU) + laptop Windows; see PROTOCOL.md deviations,
protocol_A.jsonl:642,A,unet,TwoPhase@k=8,0.52,4376197762,0,ok,ok,1.2274950113983631,1258878500,3,10,0.07,60,1200,eff53cc4804cc7d6246a6e5086861ce2b846f62b,4c09860,unknown (not recorded),,inferred: cloud container (2 vCPU) + laptop Windows; see PROTOCOL.md deviations,
protocol_A.jsonl:643,A,unet,TwoPhase@k=8,0.52,4376197762,1,ok,ok,1.2274950113983631,1258878500,3,10,0.07,60,1200,eff53cc4804cc7d6246a6e5086861ce2b846f62b,4c09860,unknown (not recorded),,inferred: cloud container (2 vCPU) + laptop Windows; see PROTOCOL.md deviations,
protocol_A.jsonl:644,A,unet,TwoPhase@k=8,0.52,4376197762,2,ok,ok,1.2274950113983631,1258878500,3,10,0.07,60,1200,eff53cc4804cc7d6246a6e5086861ce2b846f62b,4c09860,unknown (not recorded),,inferred: cloud container (2 vCPU) + laptop Windows; see PROTOCOL.md deviations,
protocol_A.jsonl:645,A,unet,DTR,0.51,4292040113,0,ok,ok,1.1562929653289487,1258878500,3,10,0.06,60,1200,eff53cc4804cc7d6246a6e5086861ce2b846f62b,4c09860,unknown (not recorded),,inferred: cloud container (2 vCPU) + laptop Windows; see PROTOCOL.md deviations,
protocol_A.jsonl:646,A,unet,DTR,0.51,4292040113,1,ok,ok,1.1562929653289487,1258878500,3,10,0.06,60,1200,eff53cc4804cc7d6246a6e5086861ce2b846f62b,4c09860,unknown (not recorded),,inferred: cloud container (2 vCPU) + laptop Windows; see PROTOCOL.md deviations,
protocol_A.jsonl:647,A,unet,DTR,0.51,4292040113,2,ok,ok,1.1562929653289487,1258878500,3,10,0.06,60,1200,eff53cc4804cc7d6246a6e5086861ce2b846f62b,4c09860,unknown (not recorded),,inferred: cloud container (2 vCPU) + laptop Windows; see PROTOCOL.md deviations,
protocol_A.jsonl:648,A,unet,NbhdPenalty@b=0.25,0.51,4292040113,0,ok,ok,1.181896160353432,1258878500,3,8,0.06,60,1200,eff53cc4804cc7d6246a6e5086861ce2b846f62b,4c09860,unknown (not recorded),,inferred: cloud container (2 vCPU) + laptop Windows; see PROTOCOL.md deviations,
protocol_A.jsonl:649,A,unet,NbhdPenalty@b=0.25,0.51,4292040113,1,ok,ok,1.181896160353432,1258878500,3,8,0.06,60,1200,eff53cc4804cc7d6246a6e5086861ce2b846f62b,4c09860,unknown (not recorded),,inferred: cloud container (2 vCPU) + laptop Windows; see PROTOCOL.md deviations,
protocol_A.jsonl:650,A,unet,NbhdPenalty@b=0.25,0.51,4292040113,2,ok,ok,1.181896160353432,1258878500,3,8,0.06,60,1200,eff53cc4804cc7d6246a6e5086861ce2b846f62b,4c09860,unknown (not recorded),,inferred: cloud container (2 vCPU) + laptop Windows; see PROTOCOL.md deviations,
protocol_A.jsonl:651,A,unet,TwoPhase@k=8,0.51,4292040113,0,ok,ok,1.2199918942890908,1258878500,3,10,0.07,60,1200,eff53cc4804cc7d6246a6e5086861ce2b846f62b,4c09860,unknown (not recorded),,inferred: cloud container (2 vCPU) + laptop Windows; see PROTOCOL.md deviations,
protocol_A.jsonl:652,A,unet,TwoPhase@k=8,0.51,4292040113,1,ok,ok,1.2199918942890908,1258878500,3,10,0.07,60,1200,eff53cc4804cc7d6246a6e5086861ce2b846f62b,4c09860,unknown (not recorded),,inferred: cloud container (2 vCPU) + laptop Windows; see PROTOCOL.md deviations,
protocol_A.jsonl:653,A,unet,TwoPhase@k=8,0.51,4292040113,2,ok,ok,1.2199918942890908,1258878500,3,10,0.07,60,1200,eff53cc4804cc7d6246a6e5086861ce2b846f62b,4c09860,unknown (not recorded),,inferred: cloud container (2 vCPU) + laptop Windows; see PROTOCOL.md deviations,
protocol_A.jsonl:654,A,unet,DTR,0.5,4207882464,0,ok,ok,1.1587467633235429,1258878500,3,10,0.06,60,1200,eff53cc4804cc7d6246a6e5086861ce2b846f62b,4c09860,unknown (not recorded),,inferred: cloud container (2 vCPU) + laptop Windows; see PROTOCOL.md deviations,
protocol_A.jsonl:655,A,unet,NbhdPenalty@b=0.25,0.5,4207882464,0,ok,ok,1.1875291543369684,1258878500,3,8,0.06,60,1200,eff53cc4804cc7d6246a6e5086861ce2b846f62b,4c09860,unknown (not recorded),,inferred: cloud container (2 vCPU) + laptop Windows; see PROTOCOL.md deviations,
protocol_A.jsonl:656,A,unet,TwoPhase@k=8,0.5,4207882464,0,ok,ok,1.257496009013011,1258878500,3,12,0.06,60,1200,eff53cc4804cc7d6246a6e5086861ce2b846f62b,4c09860,unknown (not recorded),,inferred: cloud container (2 vCPU) + laptop Windows; see PROTOCOL.md deviations,
protocol_A.jsonl:657,A,unet,DTR,0.49,4123724814,0,ok,ok,1.1603810028734445,1258878500,3,10,0.06,60,1200,eff53cc4804cc7d6246a6e5086861ce2b846f62b,4c09860,unknown (not recorded),,inferred: cloud container (2 vCPU) + laptop Windows; see PROTOCOL.md deviations,
protocol_A.jsonl:658,A,unet,DTR,0.49,4123724814,1,ok,ok,1.1603810028734445,1258878500,3,10,0.06,60,1200,eff53cc4804cc7d6246a6e5086861ce2b846f62b,4c09860,unknown (not recorded),,inferred: cloud container (2 vCPU) + laptop Windows; see PROTOCOL.md deviations,
protocol_A.jsonl:659,A,unet,DTR,0.49,4123724814,2,ok,ok,1.1603810028734445,1258878500,3,10,0.06,60,1200,eff53cc4804cc7d6246a6e5086861ce2b846f62b,4c09860,unknown (not recorded),,inferred: cloud container (2 vCPU) + laptop Windows; see PROTOCOL.md deviations,
protocol_A.jsonl:660,A,unet,NbhdPenalty@b=0.25,0.49,4123724814,0,ok,ok,1.1875291543369684,1258878500,3,8,0.06,60,1200,eff53cc4804cc7d6246a6e5086861ce2b846f62b,4c09860,unknown (not recorded),,inferred: cloud container (2 vCPU) + laptop Windows; see PROTOCOL.md deviations,
protocol_A.jsonl:661,A,unet,NbhdPenalty@b=0.25,0.49,4123724814,1,ok,ok,1.1875291543369684,1258878500,3,8,0.06,60,1200,eff53cc4804cc7d6246a6e5086861ce2b846f62b,4c09860,unknown (not recorded),,inferred: cloud container (2 vCPU) + laptop Windows; see PROTOCOL.md deviations,
protocol_A.jsonl:662,A,unet,NbhdPenalty@b=0.25,0.49,4123724814,2,ok,ok,1.1875291543369684,1258878500,3,8,0.06,60,1200,eff53cc4804cc7d6246a6e5086861ce2b846f62b,4c09860,unknown (not recorded),,inferred: cloud container (2 vCPU) + laptop Windows; see PROTOCOL.md deviations,
protocol_A.jsonl:663,A,unet,TwoPhase@k=8,0.49,4123724814,0,ok,ok,1.2630670150672252,1258878500,3,12,0.06,60,1200,eff53cc4804cc7d6246a6e5086861ce2b846f62b,4c09860,unknown (not recorded),,inferred: cloud container (2 vCPU) + laptop Windows; see PROTOCOL.md deviations,
protocol_A.jsonl:664,A,unet,TwoPhase@k=8,0.49,4123724814,1,ok,ok,1.2630670150672252,1258878500,3,12,0.06,60,1200,eff53cc4804cc7d6246a6e5086861ce2b846f62b,4c09860,unknown (not recorded),,inferred: cloud container (2 vCPU) + laptop Windows; see PROTOCOL.md deviations,
protocol_A.jsonl:665,A,unet,TwoPhase@k=8,0.49,4123724814,2,ok,ok,1.2630670150672252,1258878500,3,12,0.06,60,1200,eff53cc4804cc7d6246a6e5086861ce2b846f62b,4c09860,unknown (not recorded),,inferred: cloud container (2 vCPU) + laptop Windows; see PROTOCOL.md deviations,
protocol_A.jsonl:666,A,unet,DTR,0.48,4039567165,0,ok,ok,1.2176566296579752,1258878500,3,11,0.06,60,1200,eff53cc4804cc7d6246a6e5086861ce2b846f62b,4c09860,unknown (not recorded),,inferred: cloud container (2 vCPU) + laptop Windows; see PROTOCOL.md deviations,
protocol_A.jsonl:667,A,unet,NbhdPenalty@b=0.25,0.48,4039567165,0,ok,ok,1.203730129964763,1258878500,3,8,0.06,60,1200,eff53cc4804cc7d6246a6e5086861ce2b846f62b,4c09860,unknown (not recorded),,inferred: cloud container (2 vCPU) + laptop Windows; see PROTOCOL.md deviations,
protocol_A.jsonl:668,A,unet,TwoPhase@k=8,0.48,4039567165,0,ok,ok,1.2257753069845256,1258878500,3,10,0.07,60,1200,eff53cc4804cc7d6246a6e5086861ce2b846f62b,4c09860,unknown (not recorded),,inferred: cloud container (2 vCPU) + laptop Windows; see PROTOCOL.md deviations,
protocol_A.jsonl:669,A,unet,DTR,0.47,3955409516,0,ok,ok,1.2438822632579158,1258878500,3,11,0.07,60,1200,eff53cc4804cc7d6246a6e5086861ce2b846f62b,4c09860,unknown (not recorded),,inferred: cloud container (2 vCPU) + laptop Windows; see PROTOCOL.md deviations,
protocol_A.jsonl:670,A,unet,NbhdPenalty@b=0.25,0.47,3955409516,0,ok,ok,1.2201797189555228,1258878500,3,10,0.06,60,1200,eff53cc4804cc7d6246a6e5086861ce2b846f62b,4c09860,unknown (not recorded),,inferred: cloud container (2 vCPU) + laptop Windows; see PROTOCOL.md deviations,
protocol_A.jsonl:671,A,unet,TwoPhase@k=8,0.47,3955409516,0,ok,ok,1.3696719913613336,1258878500,3,14,0.1,60,1200,eff53cc4804cc7d6246a6e5086861ce2b846f62b,4c09860,unknown (not recorded),,inferred: cloud container (2 vCPU) + laptop Windows; see PROTOCOL.md deviations,
protocol_A.jsonl:672,A,unet,DTR,0.46,3871251866,0,ok,ok,1.282551731295619,1258878500,3,11,0.07,60,1200,eff53cc4804cc7d6246a6e5086861ce2b846f62b,4c09860,unknown (not recorded),,inferred: cloud container (2 vCPU) + laptop Windows; see PROTOCOL.md deviations,
protocol_A.jsonl:673,A,unet,NbhdPenalty@b=0.25,0.46,3871251866,0,ok,ok,1.2678198502947626,1258878500,3,10,0.06,60,1200,eff53cc4804cc7d6246a6e5086861ce2b846f62b,4c09860,unknown (not recorded),,inferred: cloud container (2 vCPU) + laptop Windows; see PROTOCOL.md deviations,
protocol_A.jsonl:674,A,unet,TwoPhase@k=8,0.46,3871251866,0,ok,ok,1.3337272537358698,1258878500,3,14,0.07,60,1200,eff53cc4804cc7d6246a6e5086861ce2b846f62b,4c09860,unknown (not recorded),,inferred: cloud container (2 vCPU) + laptop Windows; see PROTOCOL.md deviations,
protocol_A.jsonl:675,A,unet,DTR,0.45,3787094217,0,ok,ok,1.3232624336800145,1258878500,3,11,0.07,60,1200,eff53cc4804cc7d6246a6e5086861ce2b846f62b,4c09860,unknown (not recorded),,inferred: cloud container (2 vCPU) + laptop Windows; see PROTOCOL.md deviations,
protocol_A.jsonl:676,A,unet,NbhdPenalty@b=0.25,0.45,3787094217,0,ok,ok,1.2844868128640792,1258878500,3,10,0.07,60,1200,eff53cc4804cc7d6246a6e5086861ce2b846f62b,4c09860,unknown (not recorded),,inferred: cloud container (2 vCPU) + laptop Windows; see PROTOCOL.md deviations,
protocol_A.jsonl:677,A,unet,TwoPhase@k=8,0.45,3787094217,0,ok,ok,1.3452789301976034,1258878500,3,14,0.07,60,1200,eff53cc4804cc7d6246a6e5086861ce2b846f62b,4c09860,unknown (not recorded),,inferred: cloud container (2 vCPU) + laptop Windows; see PROTOCOL.md deviations,
protocol_A.jsonl:678,A,unet,DTR,0.44,3702936568,0,ok,ok,1.6160823820729382,3201365540,8,11,0.18,60,1200,eff53cc4804cc7d6246a6e5086861ce2b846f62b,4c09860,unknown (not recorded),,inferred: cloud container (2 vCPU) + laptop Windows; see PROTOCOL.md deviations,
protocol_A.jsonl:679,A,unet,NbhdPenalty@b=0.25,0.44,3702936568,0,ok,ok,1.3140406092201813,1258878500,3,10,0.07,60,1200,eff53cc4804cc7d6246a6e5086861ce2b846f62b,4c09860,unknown (not recorded),,inferred: cloud container (2 vCPU) + laptop Windows; see PROTOCOL.md deviations,
protocol_A.jsonl:680,A,unet,TwoPhase@k=8,0.44,3702936568,0,ok,ok,1.3452789301976034,1258878500,3,14,0.07,60,1200,eff53cc4804cc7d6246a6e5086861ce2b846f62b,4c09860,unknown (not recorded),,inferred: cloud container (2 vCPU) + laptop Windows; see PROTOCOL.md deviations,
protocol_A.jsonl:681,A,unet,DTR,0.43,3618778919,0,ok,ok,1.3272302309070814,1258878500,3,11,0.07,60,1200,eff53cc4804cc7d6246a6e5086861ce2b846f62b,4c09860,unknown (not recorded),,inferred: cloud container (2 vCPU) + laptop Windows; see PROTOCOL.md deviations,
protocol_A.jsonl:682,A,unet,NbhdPenalty@b=0.25,0.43,3618778919,0,ok,ok,1.3513957296083123,1258878500,3,17,0.07,60,1200,eff53cc4804cc7d6246a6e5086861ce2b846f62b,4c09860,unknown (not recorded),,inferred: cloud container (2 vCPU) + laptop Windows; see PROTOCOL.md deviations,
protocol_A.jsonl:683,A,unet,TwoPhase@k=8,0.43,3618778919,0,ok,ok,1.3795727630726873,1258878500,3,14,0.09,60,1200,eff53cc4804cc7d6246a6e5086861ce2b846f62b,4c09860,unknown (not recorded),,inferred: cloud container (2 vCPU) + laptop Windows; see PROTOCOL.md deviations,
protocol_A.jsonl:684,A,unet,DTR,0.42,3534621269,0,oom,"oom: evictable pool empty, pinned 3.20 GB at depth 8",,3201365540,8,17,0.12,60,1200,eff53cc4804cc7d6246a6e5086861ce2b846f62b,4c09860,unknown (not recorded),,inferred: cloud container (2 vCPU) + laptop Windows; see PROTOCOL.md deviations,
protocol_A.jsonl:685,A,unet,NbhdPenalty@b=0.25,0.42,3534621269,0,ok,ok,1.3828056281749976,1258878500,3,17,0.09,60,1200,eff53cc4804cc7d6246a6e5086861ce2b846f62b,4c09860,unknown (not recorded),,inferred: cloud container (2 vCPU) + laptop Windows; see PROTOCOL.md deviations,
protocol_A.jsonl:686,A,unet,TwoPhase@k=8,0.42,3534621269,0,ok,ok,1.3892154171566176,1258878500,3,15,0.07,60,1200,eff53cc4804cc7d6246a6e5086861ce2b846f62b,4c09860,unknown (not recorded),,inferred: cloud container (2 vCPU) + laptop Windows; see PROTOCOL.md deviations,
protocol_A.jsonl:687,A,unet,DTR,0.41,3450463620,0,oom,"oom: evictable pool empty, pinned 3.20 GB at depth 8",,3201365540,8,17,0.12,60,1200,eff53cc4804cc7d6246a6e5086861ce2b846f62b,4c09860,unknown (not recorded),,inferred: cloud container (2 vCPU) + laptop Windows; see PROTOCOL.md deviations,
protocol_A.jsonl:688,A,unet,NbhdPenalty@b=0.25,0.41,3450463620,0,ok,ok,1.4265849076617863,1258878500,3,17,0.1,60,1200,eff53cc4804cc7d6246a6e5086861ce2b846f62b,4c09860,unknown (not recorded),,inferred: cloud container (2 vCPU) + laptop Windows; see PROTOCOL.md deviations,
protocol_A.jsonl:689,A,unet,TwoPhase@k=8,0.41,3450463620,0,ok,ok,1.3985594048416272,1258878500,3,15,0.07,60,1200,eff53cc4804cc7d6246a6e5086861ce2b846f62b,4c09860,unknown (not recorded),,inferred: cloud container (2 vCPU) + laptop Windows; see PROTOCOL.md deviations,
protocol_A.jsonl:690,A,unet,DTR,0.4,3366305971,0,oom,"oom: evictable pool empty, pinned 3.20 GB at depth 8",,3201365540,8,17,0.1,60,1200,eff53cc4804cc7d6246a6e5086861ce2b846f62b,4c09860,unknown (not recorded),,inferred: cloud container (2 vCPU) + laptop Windows; see PROTOCOL.md deviations,
protocol_A.jsonl:691,A,unet,NbhdPenalty@b=0.25,0.4,3366305971,0,oom,"oom: evictable pool empty, pinned 3.20 GB at depth 8",,3201365540,8,17,0.12,60,1200,eff53cc4804cc7d6246a6e5086861ce2b846f62b,4c09860,unknown (not recorded),,inferred: cloud container (2 vCPU) + laptop Windows; see PROTOCOL.md deviations,
protocol_A.jsonl:692,A,unet,TwoPhase@k=8,0.4,3366305971,0,ok,ok,1.3827617872567832,1258878500,3,10,0.07,60,1200,eff53cc4804cc7d6246a6e5086861ce2b846f62b,4c09860,unknown (not recorded),,inferred: cloud container (2 vCPU) + laptop Windows; see PROTOCOL.md deviations,
protocol_A.jsonl:693,A,unet,DTR,0.39,3282148321,0,oom,"oom: evictable pool empty, pinned 3.20 GB at depth 8",,3201365540,8,15,0.14,60,1200,eff53cc4804cc7d6246a6e5086861ce2b846f62b,4c09860,unknown (not recorded),,inferred: cloud container (2 vCPU) + laptop Windows; see PROTOCOL.md deviations,
protocol_A.jsonl:694,A,unet,NbhdPenalty@b=0.25,0.39,3282148321,0,ok,ok,1.3949646999625702,1258878500,3,17,0.07,60,1200,eff53cc4804cc7d6246a6e5086861ce2b846f62b,4c09860,unknown (not recorded),,inferred: cloud container (2 vCPU) + laptop Windows; see PROTOCOL.md deviations,
protocol_A.jsonl:695,A,unet,TwoPhase@k=8,0.39,3282148321,0,ok,ok,1.4300288262480132,1258878500,3,15,0.07,60,1200,eff53cc4804cc7d6246a6e5086861ce2b846f62b,4c09860,unknown (not recorded),,inferred: cloud container (2 vCPU) + laptop Windows; see PROTOCOL.md deviations,
protocol_A.jsonl:696,A,unet,DTR,0.38,3197990672,0,oom,"oom: evictable pool empty, pinned 2.81 GB at depth 10",,2812868132,10,17,0.12,60,1200,eff53cc4804cc7d6246a6e5086861ce2b846f62b,4c09860,unknown (not recorded),,inferred: cloud container (2 vCPU) + laptop Windows; see PROTOCOL.md deviations,
protocol_A.jsonl:697,A,unet,NbhdPenalty@b=0.25,0.38,3197990672,0,oom,"oom: evictable pool empty, pinned 2.81 GB at depth 10",,2812868132,10,17,0.09,60,1200,eff53cc4804cc7d6246a6e5086861ce2b846f62b,4c09860,unknown (not recorded),,inferred: cloud container (2 vCPU) + laptop Windows; see PROTOCOL.md deviations,
protocol_A.jsonl:698,A,unet,TwoPhase@k=8,0.38,3197990672,0,ok,ok,1.4531594858399233,1258878500,3,16,0.1,60,1200,eff53cc4804cc7d6246a6e5086861ce2b846f62b,4c09860,unknown (not recorded),,inferred: cloud container (2 vCPU) + laptop Windows; see PROTOCOL.md deviations,
protocol_A.jsonl:699,A,unet,DTR,0.37,3113833023,0,oom,"oom: evictable pool empty, pinned 2.81 GB at depth 10",,2812868132,10,17,0.12,60,1200,eff53cc4804cc7d6246a6e5086861ce2b846f62b,4c09860,unknown (not recorded),,inferred: cloud container (2 vCPU) + laptop Windows; see PROTOCOL.md deviations,
protocol_A.jsonl:700,A,unet,NbhdPenalty@b=0.25,0.37,3113833023,0,oom,"oom: evictable pool empty, pinned 2.81 GB at depth 10",,2812868132,10,17,0.1,60,1200,eff53cc4804cc7d6246a6e5086861ce2b846f62b,4c09860,unknown (not recorded),,inferred: cloud container (2 vCPU) + laptop Windows; see PROTOCOL.md deviations,
protocol_A.jsonl:701,A,unet,TwoPhase@k=8,0.37,3113833023,0,ok,ok,1.3733994756623424,1258878500,3,16,0.11,60,1200,eff53cc4804cc7d6246a6e5086861ce2b846f62b,4c09860,unknown (not recorded),,inferred: cloud container (2 vCPU) + laptop Windows; see PROTOCOL.md deviations,
protocol_A.jsonl:702,A,unet,DTR,0.36,3029675374,0,oom,"oom: evictable pool empty, pinned 2.81 GB at depth 10",,2812868132,10,17,0.12,60,1200,eff53cc4804cc7d6246a6e5086861ce2b846f62b,4c09860,unknown (not recorded),,inferred: cloud container (2 vCPU) + laptop Windows; see PROTOCOL.md deviations,
protocol_A.jsonl:703,A,unet,NbhdPenalty@b=0.25,0.36,3029675374,0,oom,"oom: evictable pool empty, pinned 2.81 GB at depth 10",,2812868132,10,17,0.12,60,1200,eff53cc4804cc7d6246a6e5086861ce2b846f62b,4c09860,unknown (not recorded),,inferred: cloud container (2 vCPU) + laptop Windows; see PROTOCOL.md deviations,
protocol_A.jsonl:704,A,unet,TwoPhase@k=8,0.36,3029675374,0,ok,ok,1.3972663952651239,1258878500,3,16,0.1,60,1200,eff53cc4804cc7d6246a6e5086861ce2b846f62b,4c09860,unknown (not recorded),,inferred: cloud container (2 vCPU) + laptop Windows; see PROTOCOL.md deviations,
protocol_A.jsonl:705,A,unet,DTR,0.35,2945517724,0,oom,"oom: evictable pool empty, pinned 2.81 GB at depth 10",,2812868132,10,17,0.13,60,1200,eff53cc4804cc7d6246a6e5086861ce2b846f62b,4c09860,unknown (not recorded),,inferred: cloud container (2 vCPU) + laptop Windows; see PROTOCOL.md deviations,
protocol_A.jsonl:706,A,unet,NbhdPenalty@b=0.25,0.35,2945517724,0,oom,"oom: evictable pool empty, pinned 2.81 GB at depth 10",,2812868132,10,18,0.1,60,1200,eff53cc4804cc7d6246a6e5086861ce2b846f62b,4c09860,unknown (not recorded),,inferred: cloud container (2 vCPU) + laptop Windows; see PROTOCOL.md deviations,
protocol_A.jsonl:707,A,unet,TwoPhase@k=8,0.35,2945517724,0,oom,"oom: evictable pool empty, pinned 2.81 GB at depth 10",,2812868132,10,14,0.13,60,1200,eff53cc4804cc7d6246a6e5086861ce2b846f62b,4c09860,unknown (not recorded),,inferred: cloud container (2 vCPU) + laptop Windows; see PROTOCOL.md deviations,
protocol_A.jsonl:708,A,unet,DTR,0.34,2861360075,0,oom,"oom: evictable pool empty, pinned 2.81 GB at depth 10",,2812868132,10,17,0.13,60,1200,eff53cc4804cc7d6246a6e5086861ce2b846f62b,4c09860,unknown (not recorded),,inferred: cloud container (2 vCPU) + laptop Windows; see PROTOCOL.md deviations,
protocol_A.jsonl:709,A,unet,NbhdPenalty@b=0.25,0.34,2861360075,0,oom,"oom: evictable pool empty, pinned 2.81 GB at depth 10",,2812868132,10,17,0.09,60,1200,eff53cc4804cc7d6246a6e5086861ce2b846f62b,4c09860,unknown (not recorded),,inferred: cloud container (2 vCPU) + laptop Windows; see PROTOCOL.md deviations,
protocol_A.jsonl:710,A,unet,TwoPhase@k=8,0.34,2861360075,0,oom,"oom: evictable pool empty, pinned 2.72 GB at depth 16",,2715743780,16,23,0.11,60,1200,eff53cc4804cc7d6246a6e5086861ce2b846f62b,4c09860,unknown (not recorded),,inferred: cloud container (2 vCPU) + laptop Windows; see PROTOCOL.md deviations,
protocol_A.jsonl:711,A,unet,DTR,0.33,2777202426,0,oom,"oom: evictable pool empty, pinned 2.42 GB at depth 8",,2424370724,8,17,0.12,60,1200,eff53cc4804cc7d6246a6e5086861ce2b846f62b,4c09860,unknown (not recorded),,inferred: cloud container (2 vCPU) + laptop Windows; see PROTOCOL.md deviations,
protocol_A.jsonl:712,A,unet,NbhdPenalty@b=0.25,0.33,2777202426,0,oom,"oom: evictable pool empty, pinned 2.42 GB at depth 8",,2424370724,8,18,0.1,60,1200,eff53cc4804cc7d6246a6e5086861ce2b846f62b,4c09860,unknown (not recorded),,inferred: cloud container (2 vCPU) + laptop Windows; see PROTOCOL.md deviations,
protocol_A.jsonl:713,A,unet,TwoPhase@k=8,0.33,2777202426,0,oom,"oom: evictable pool empty, pinned 2.72 GB at depth 16",,2715743780,16,25,0.06,60,1200,eff53cc4804cc7d6246a6e5086861ce2b846f62b,4c09860,unknown (not recorded),,inferred: cloud container (2 vCPU) + laptop Windows; see PROTOCOL.md deviations,
protocol_A.jsonl:714,A,unet,DTR,0.32,2693044776,0,oom,"oom: evictable pool empty, pinned 2.42 GB at depth 8",,2424370724,8,17,0.1,60,1200,eff53cc4804cc7d6246a6e5086861ce2b846f62b,4c09860,unknown (not recorded),,inferred: cloud container (2 vCPU) + laptop Windows; see PROTOCOL.md deviations,
protocol_A.jsonl:715,A,unet,NbhdPenalty@b=0.25,0.32,2693044776,0,oom,"oom: evictable pool empty, pinned 2.42 GB at depth 8",,2424370724,8,19,0.1,60,1200,eff53cc4804cc7d6246a6e5086861ce2b846f62b,4c09860,unknown (not recorded),,inferred: cloud container (2 vCPU) + laptop Windows; see PROTOCOL.md deviations,
protocol_A.jsonl:716,A,unet,TwoPhase@k=8,0.32,2693044776,0,oom,"oom: evictable pool empty, pinned 1.94 GB at depth 13",,1938748964,14,21,0.09,60,1200,eff53cc4804cc7d6246a6e5086861ce2b846f62b,4c09860,unknown (not recorded),,inferred: cloud container (2 vCPU) + laptop Windows; see PROTOCOL.md deviations,
protocol_A.jsonl:717,A,unet,DTR,0.31,2608887127,0,oom,"oom: evictable pool empty, pinned 2.42 GB at depth 8",,2424370724,8,23,0.1,60,1200,eff53cc4804cc7d6246a6e5086861ce2b846f62b,4c09860,unknown (not recorded),,inferred: cloud container (2 vCPU) + laptop Windows; see PROTOCOL.md deviations,
protocol_A.jsonl:718,A,unet,DTR,0.31,2608887127,1,oom,"oom: evictable pool empty, pinned 2.42 GB at depth 8",,2424370724,8,23,0.1,60,1200,eff53cc4804cc7d6246a6e5086861ce2b846f62b,4c09860,unknown (not recorded),,inferred: cloud container (2 vCPU) + laptop Windows; see PROTOCOL.md deviations,
protocol_A.jsonl:719,A,unet,DTR,0.31,2608887127,2,oom,"oom: evictable pool empty, pinned 2.42 GB at depth 8",,2424370724,8,23,0.1,60,1200,eff53cc4804cc7d6246a6e5086861ce2b846f62b,4c09860,unknown (not recorded),,inferred: cloud container (2 vCPU) + laptop Windows; see PROTOCOL.md deviations,
protocol_A.jsonl:720,A,unet,NbhdPenalty@b=0.25,0.31,2608887127,0,oom,"oom: evictable pool empty, pinned 2.42 GB at depth 8",,2424370724,8,18,0.14,60,1200,eff53cc4804cc7d6246a6e5086861ce2b846f62b,4c09860,unknown (not recorded),,inferred: cloud container (2 vCPU) + laptop Windows; see PROTOCOL.md deviations,
protocol_A.jsonl:721,A,unet,NbhdPenalty@b=0.25,0.31,2608887127,1,oom,"oom: evictable pool empty, pinned 2.42 GB at depth 8",,2424370724,8,18,0.14,60,1200,eff53cc4804cc7d6246a6e5086861ce2b846f62b,4c09860,unknown (not recorded),,inferred: cloud container (2 vCPU) + laptop Windows; see PROTOCOL.md deviations,
protocol_A.jsonl:722,A,unet,NbhdPenalty@b=0.25,0.31,2608887127,2,oom,"oom: evictable pool empty, pinned 2.42 GB at depth 8",,2424370724,8,18,0.14,60,1200,eff53cc4804cc7d6246a6e5086861ce2b846f62b,4c09860,unknown (not recorded),,inferred: cloud container (2 vCPU) + laptop Windows; see PROTOCOL.md deviations,
protocol_A.jsonl:723,A,unet,TwoPhase@k=8,0.31,2608887127,0,oom,"oom: evictable pool empty, pinned 2.42 GB at depth 8",,2424370724,8,19,0.11,60,1200,eff53cc4804cc7d6246a6e5086861ce2b846f62b,4c09860,unknown (not recorded),,inferred: cloud container (2 vCPU) + laptop Windows; see PROTOCOL.md deviations,
protocol_A.jsonl:724,A,unet,TwoPhase@k=8,0.31,2608887127,1,oom,"oom: evictable pool empty, pinned 2.42 GB at depth 8",,2424370724,8,19,0.11,60,1200,eff53cc4804cc7d6246a6e5086861ce2b846f62b,4c09860,unknown (not recorded),,inferred: cloud container (2 vCPU) + laptop Windows; see PROTOCOL.md deviations,
protocol_A.jsonl:725,A,unet,TwoPhase@k=8,0.31,2608887127,2,oom,"oom: evictable pool empty, pinned 2.42 GB at depth 8",,2424370724,8,19,0.11,60,1200,eff53cc4804cc7d6246a6e5086861ce2b846f62b,4c09860,unknown (not recorded),,inferred: cloud container (2 vCPU) + laptop Windows; see PROTOCOL.md deviations,
protocol_A.jsonl:726,A,unet,DTR,0.3,2524729478,0,oom,"oom: evictable pool empty, pinned 2.42 GB at depth 8",,2424370724,8,23,0.1,60,1200,eff53cc4804cc7d6246a6e5086861ce2b846f62b,4c09860,unknown (not recorded),,inferred: cloud container (2 vCPU) + laptop Windows; see PROTOCOL.md deviations,
protocol_A.jsonl:727,A,transformer,TwoPhase@k=8,0.1,986440538,0,oom,"oom: evictable pool empty, pinned 0.88 GB at depth 12",,876882496,12,134,181.5,60,1200,eff53cc4804cc7d6246a6e5086861ce2b846f62b,4c09860,unknown (not recorded),,inferred: cloud container (2 vCPU) + laptop Windows; see PROTOCOL.md deviations,
protocol_A.jsonl:728,A,unet,NbhdPenalty@b=0.25,0.3,2524729478,0,oom,"oom: evictable pool empty, pinned 2.42 GB at depth 8",,2424370724,8,39,0.12,60,1200,eff53cc4804cc7d6246a6e5086861ce2b846f62b,4c09860,unknown (not recorded),,inferred: cloud container (2 vCPU) + laptop Windows; see PROTOCOL.md deviations,
protocol_A.jsonl:729,A,unet,TwoPhase@k=8,0.3,2524729478,0,oom,"oom: evictable pool empty, pinned 2.42 GB at depth 8",,2424370724,8,24,0.1,60,1200,eff53cc4804cc7d6246a6e5086861ce2b846f62b,4c09860,unknown (not recorded),,inferred: cloud container (2 vCPU) + laptop Windows; see PROTOCOL.md deviations,
protocol_A.jsonl:730,A,unet,DTR,0.29,2440571829,0,oom,"oom: evictable pool empty, pinned 2.42 GB at depth 8",,2424370724,8,23,0.11,60,1200,eff53cc4804cc7d6246a6e5086861ce2b846f62b,4c09860,unknown (not recorded),,inferred: cloud container (2 vCPU) + laptop Windows; see PROTOCOL.md deviations,
protocol_A.jsonl:731,A,unet,NbhdPenalty@b=0.25,0.29,2440571829,0,oom,"oom: evictable pool empty, pinned 2.42 GB at depth 8",,2424370724,8,23,0.12,60,1200,eff53cc4804cc7d6246a6e5086861ce2b846f62b,4c09860,unknown (not recorded),,inferred: cloud container (2 vCPU) + laptop Windows; see PROTOCOL.md deviations,
protocol_A.jsonl:732,A,unet,TwoPhase@k=8,0.29,2440571829,0,oom,"oom: evictable pool empty, pinned 2.42 GB at depth 8",,2424370724,8,24,0.1,60,1200,eff53cc4804cc7d6246a6e5086861ce2b846f62b,4c09860,unknown (not recorded),,inferred: cloud container (2 vCPU) + laptop Windows; see PROTOCOL.md deviations,
protocol_A.jsonl:733,A,unet,DTR,0.28,2356414179,0,oom,"oom: evictable pool empty, pinned 2.04 GB at depth 7",,2035873316,7,26,0.13,60,1200,eff53cc4804cc7d6246a6e5086861ce2b846f62b,4c09860,unknown (not recorded),,inferred: cloud container (2 vCPU) + laptop Windows; see PROTOCOL.md deviations,
protocol_A.jsonl:734,A,unet,NbhdPenalty@b=0.25,0.28,2356414179,0,oom,"oom: evictable pool empty, pinned 2.04 GB at depth 7",,2035873316,7,23,0.11,60,1200,eff53cc4804cc7d6246a6e5086861ce2b846f62b,4c09860,unknown (not recorded),,inferred: cloud container (2 vCPU) + laptop Windows; see PROTOCOL.md deviations,
protocol_A.jsonl:735,A,unet,TwoPhase@k=8,0.28,2356414179,0,oom,"oom: evictable pool empty, pinned 2.04 GB at depth 7",,2035873316,7,35,0.15,60,1200,eff53cc4804cc7d6246a6e5086861ce2b846f62b,4c09860,unknown (not recorded),,inferred: cloud container (2 vCPU) + laptop Windows; see PROTOCOL.md deviations,
protocol_A.jsonl:736,A,unet,DTR,0.27,2272256530,0,oom,"oom: evictable pool empty, pinned 2.04 GB at depth 7",,2035873316,7,26,0.16,60,1200,eff53cc4804cc7d6246a6e5086861ce2b846f62b,4c09860,unknown (not recorded),,inferred: cloud container (2 vCPU) + laptop Windows; see PROTOCOL.md deviations,
protocol_A.jsonl:737,A,unet,NbhdPenalty@b=0.25,0.27,2272256530,0,oom,"oom: evictable pool empty, pinned 2.04 GB at depth 7",,2035873316,7,26,0.12,60,1200,eff53cc4804cc7d6246a6e5086861ce2b846f62b,4c09860,unknown (not recorded),,inferred: cloud container (2 vCPU) + laptop Windows; see PROTOCOL.md deviations,
protocol_A.jsonl:738,A,unet,TwoPhase@k=8,0.27,2272256530,0,oom,"oom: evictable pool empty, pinned 2.04 GB at depth 7",,2035873316,7,26,0.13,60,1200,eff53cc4804cc7d6246a6e5086861ce2b846f62b,4c09860,unknown (not recorded),,inferred: cloud container (2 vCPU) + laptop Windows; see PROTOCOL.md deviations,
protocol_A.jsonl:739,A,unet,DTR,0.26,2188098881,0,oom,"oom: evictable pool empty, pinned 1.94 GB at depth 14",,1938748964,14,26,0.15,60,1200,eff53cc4804cc7d6246a6e5086861ce2b846f62b,4c09860,unknown (not recorded),,inferred: cloud container (2 vCPU) + laptop Windows; see PROTOCOL.md deviations,
protocol_A.jsonl:740,A,unet,NbhdPenalty@b=0.25,0.26,2188098881,0,oom,"oom: evictable pool empty, pinned 2.04 GB at depth 7",,2035873316,7,39,0.21,60,1200,eff53cc4804cc7d6246a6e5086861ce2b846f62b,4c09860,unknown (not recorded),,inferred: cloud container (2 vCPU) + laptop Windows; see PROTOCOL.md deviations,
protocol_A.jsonl:741,A,unet,TwoPhase@k=8,0.26,2188098881,0,oom,"oom: evictable pool empty, pinned 2.04 GB at depth 7",,2035873316,7,39,0.15,60,1200,eff53cc4804cc7d6246a6e5086861ce2b846f62b,4c09860,unknown (not recorded),,inferred: cloud container (2 vCPU) + laptop Windows; see PROTOCOL.md deviations,
protocol_A.jsonl:742,A,unet,DTR,0.25,2103941232,0,oom,"oom: evictable pool empty, pinned 2.04 GB at depth 7",,2035873316,7,43,0.21,60,1200,eff53cc4804cc7d6246a6e5086861ce2b846f62b,4c09860,unknown (not recorded),,inferred: cloud container (2 vCPU) + laptop Windows; see PROTOCOL.md deviations,
protocol_A.jsonl:743,A,unet,NbhdPenalty@b=0.25,0.25,2103941232,0,oom,"oom: evictable pool empty, pinned 2.04 GB at depth 7",,2035873316,7,28,0.14,60,1200,eff53cc4804cc7d6246a6e5086861ce2b846f62b,4c09860,unknown (not recorded),,inferred: cloud container (2 vCPU) + laptop Windows; see PROTOCOL.md deviations,
protocol_A.jsonl:744,A,unet,DTR,0.24,2019783582,0,oom,"oom: evictable pool empty, pinned 1.26 GB at depth 2",,1258878500,3,10,0.02,60,1200,eff53cc4804cc7d6246a6e5086861ce2b846f62b,4c09860,unknown (not recorded),,inferred: cloud container (2 vCPU) + laptop Windows; see PROTOCOL.md deviations,
protocol_A.jsonl:745,A,unet,DTR,0.24,2019783582,1,oom,"oom: evictable pool empty, pinned 1.26 GB at depth 2",,1258878500,3,10,0.02,60,1200,eff53cc4804cc7d6246a6e5086861ce2b846f62b,4c09860,unknown (not recorded),,inferred: cloud container (2 vCPU) + laptop Windows; see PROTOCOL.md deviations,
protocol_A.jsonl:746,A,unet,TwoPhase@k=8,0.25,2103941232,0,oom,"oom: evictable pool empty, pinned 2.04 GB at depth 7",,2035873316,7,43,0.14,60,1200,eff53cc4804cc7d6246a6e5086861ce2b846f62b,4c09860,unknown (not recorded),,inferred: cloud container (2 vCPU) + laptop Windows; see PROTOCOL.md deviations,
protocol_A.jsonl:747,A,unet,DTR,0.24,2019783582,2,oom,"oom: evictable pool empty, pinned 1.26 GB at depth 2",,1258878500,3,10,0.02,60,1200,eff53cc4804cc7d6246a6e5086861ce2b846f62b,4c09860,unknown (not recorded),,inferred: cloud container (2 vCPU) + laptop Windows; see PROTOCOL.md deviations,
protocol_A.jsonl:748,A,unet,NbhdPenalty@b=0.25,0.24,2019783582,0,oom,"oom: evictable pool empty, pinned 1.26 GB at depth 8",,1258879012,9,12,0.01,60,1200,eff53cc4804cc7d6246a6e5086861ce2b846f62b,4c09860,unknown (not recorded),,inferred: cloud container (2 vCPU) + laptop Windows; see PROTOCOL.md deviations,
protocol_A.jsonl:749,A,unet,NbhdPenalty@b=0.25,0.24,2019783582,1,oom,"oom: evictable pool empty, pinned 1.26 GB at depth 8",,1258879012,9,12,0.01,60,1200,eff53cc4804cc7d6246a6e5086861ce2b846f62b,4c09860,unknown (not recorded),,inferred: cloud container (2 vCPU) + laptop Windows; see PROTOCOL.md deviations,
protocol_A.jsonl:750,A,unet,NbhdPenalty@b=0.25,0.24,2019783582,2,oom,"oom: evictable pool empty, pinned 1.26 GB at depth 8",,1258879012,9,12,0.01,60,1200,eff53cc4804cc7d6246a6e5086861ce2b846f62b,4c09860,unknown (not recorded),,inferred: cloud container (2 vCPU) + laptop Windows; see PROTOCOL.md deviations,
protocol_A.jsonl:751,A,unet,TwoPhase@k=8,0.24,2019783582,1,oom,"oom: evictable pool empty, pinned 1.26 GB at depth 2",,1258878500,3,12,0.01,60,1200,eff53cc4804cc7d6246a6e5086861ce2b846f62b,4c09860,unknown (not recorded),,inferred: cloud container (2 vCPU) + laptop Windows; see PROTOCOL.md deviations,
protocol_A.jsonl:752,A,unet,TwoPhase@k=8,0.24,2019783582,0,oom,"oom: evictable pool empty, pinned 1.26 GB at depth 2",,1258878500,3,12,0.01,60,1200,eff53cc4804cc7d6246a6e5086861ce2b846f62b,4c09860,unknown (not recorded),,inferred: cloud container (2 vCPU) + laptop Windows; see PROTOCOL.md deviations,
protocol_A.jsonl:753,A,unet,TwoPhase@k=8,0.24,2019783582,2,oom,"oom: evictable pool empty, pinned 1.26 GB at depth 2",,1258878500,3,12,0.01,60,1200,eff53cc4804cc7d6246a6e5086861ce2b846f62b,4c09860,unknown (not recorded),,inferred: cloud container (2 vCPU) + laptop Windows; see PROTOCOL.md deviations,
protocol_A.jsonl:754,A,unet,DTR,0.23,1935625933,0,oom,"oom: evictable pool empty, pinned 1.26 GB at depth 6",,1258878500,7,14,0.02,60,1200,eff53cc4804cc7d6246a6e5086861ce2b846f62b,4c09860,unknown (not recorded),,inferred: cloud container (2 vCPU) + laptop Windows; see PROTOCOL.md deviations,
protocol_A.jsonl:755,A,unet,TwoPhase@k=8,0.23,1935625933,0,oom,"oom: evictable pool empty, pinned 1.26 GB at depth 6",,1258878500,40,50,0.03,60,1200,eff53cc4804cc7d6246a6e5086861ce2b846f62b,4c09860,unknown (not recorded),,inferred: cloud container (2 vCPU) + laptop Windows; see PROTOCOL.md deviations,
protocol_A.jsonl:756,A,unet,NbhdPenalty@b=0.25,0.23,1935625933,0,oom,"oom: evictable pool empty, pinned 1.26 GB at depth 2",,1258878500,14,22,0.03,60,1200,eff53cc4804cc7d6246a6e5086861ce2b846f62b,4c09860,unknown (not recorded),,inferred: cloud container (2 vCPU) + laptop Windows; see PROTOCOL.md deviations,
protocol_A.jsonl:757,A,unet,DTR,0.22,1851468284,0,oom,"oom: evictable pool empty, pinned 1.26 GB at depth 6",,1258878500,7,14,0.02,60,1200,eff53cc4804cc7d6246a6e5086861ce2b846f62b,4c09860,unknown (not recorded),,inferred: cloud container (2 vCPU) + laptop Windows; see PROTOCOL.md deviations,
protocol_A.jsonl:758,A,unet,NbhdPenalty@b=0.25,0.22,1851468284,0,oom,"oom: evictable pool empty, pinned 1.26 GB at depth 2",,1258878500,14,22,0.03,60,1200,eff53cc4804cc7d6246a6e5086861ce2b846f62b,4c09860,unknown (not recorded),,inferred: cloud container (2 vCPU) + laptop Windows; see PROTOCOL.md deviations,
protocol_A.jsonl:759,A,unet,TwoPhase@k=8,0.22,1851468284,0,oom,"oom: evictable pool empty, pinned 1.26 GB at depth 6",,1258878500,7,14,0.01,60,1200,eff53cc4804cc7d6246a6e5086861ce2b846f62b,4c09860,unknown (not recorded),,inferred: cloud container (2 vCPU) + laptop Windows; see PROTOCOL.md deviations,
protocol_A.jsonl:760,A,unet,DTR,0.21,1767310634,0,oom,"oom: evictable pool empty, pinned 1.26 GB at depth 2",,1258878500,14,22,0.03,60,1200,eff53cc4804cc7d6246a6e5086861ce2b846f62b,4c09860,unknown (not recorded),,inferred: cloud container (2 vCPU) + laptop Windows; see PROTOCOL.md deviations,
protocol_A.jsonl:761,A,unet,TwoPhase@k=8,0.21,1767310634,0,oom,"oom: evictable pool empty, pinned 1.26 GB at depth 6",,1258878500,18,26,0.01,60,1200,eff53cc4804cc7d6246a6e5086861ce2b846f62b,4c09860,unknown (not recorded),,inferred: cloud container (2 vCPU) + laptop Windows; see PROTOCOL.md deviations,
protocol_A.jsonl:762,A,unet,NbhdPenalty@b=0.25,0.21,1767310634,0,oom,"oom: evictable pool empty, pinned 1.26 GB at depth 2",,1258878500,25,33,0.04,60,1200,eff53cc4804cc7d6246a6e5086861ce2b846f62b,4c09860,unknown (not recorded),,inferred: cloud container (2 vCPU) + laptop Windows; see PROTOCOL.md deviations,
protocol_A.jsonl:763,A,unet,DTR,0.2,1683152985,0,oom,"oom: evictable pool empty, pinned 1.26 GB at depth 2",,1258878500,25,33,0.04,60,1200,eff53cc4804cc7d6246a6e5086861ce2b846f62b,4c09860,unknown (not recorded),,inferred: cloud container (2 vCPU) + laptop Windows; see PROTOCOL.md deviations,
protocol_A.jsonl:764,A,unet,NbhdPenalty@b=0.25,0.2,1683152985,0,oom,"oom: evictable pool empty, pinned 1.26 GB at depth 2",,1258878500,25,33,0.04,60,1200,eff53cc4804cc7d6246a6e5086861ce2b846f62b,4c09860,unknown (not recorded),,inferred: cloud container (2 vCPU) + laptop Windows; see PROTOCOL.md deviations,
protocol_A.jsonl:765,A,unet,DTR,0.19,1598995336,0,oom,"oom: evictable pool empty, pinned 0.87 GB at depth 1",,870381076,8,9,0.01,60,1200,eff53cc4804cc7d6246a6e5086861ce2b846f62b,4c09860,unknown (not recorded),,inferred: cloud container (2 vCPU) + laptop Windows; see PROTOCOL.md deviations,
protocol_A.jsonl:766,A,unet,TwoPhase@k=8,0.2,1683152985,0,oom,"oom: evictable pool empty, pinned 1.26 GB at depth 6",,1258878500,40,50,0.03,60,1200,eff53cc4804cc7d6246a6e5086861ce2b846f62b,4c09860,unknown (not recorded),,inferred: cloud container (2 vCPU) + laptop Windows; see PROTOCOL.md deviations,
protocol_A.jsonl:767,A,unet,NbhdPenalty@b=0.25,0.19,1598995336,0,oom,"oom: evictable pool empty, pinned 0.87 GB at depth 1",,870381076,8,9,0.01,60,1200,eff53cc4804cc7d6246a6e5086861ce2b846f62b,4c09860,unknown (not recorded),,inferred: cloud container (2 vCPU) + laptop Windows; see PROTOCOL.md deviations,
protocol_A.jsonl:768,A,unet,TwoPhase@k=8,0.19,1598995336,0,oom,"oom: evictable pool empty, pinned 0.87 GB at depth 1",,870381076,8,18,0.01,60,1200,eff53cc4804cc7d6246a6e5086861ce2b846f62b,4c09860,unknown (not recorded),,inferred: cloud container (2 vCPU) + laptop Windows; see PROTOCOL.md deviations,
protocol_A.jsonl:769,A,unet,DTR,0.18,1514837687,0,oom,"oom: evictable pool empty, pinned 0.87 GB at depth 1",,870381076,8,9,0.01,60,1200,eff53cc4804cc7d6246a6e5086861ce2b846f62b,4c09860,unknown (not recorded),,inferred: cloud container (2 vCPU) + laptop Windows; see PROTOCOL.md deviations,
protocol_A.jsonl:770,A,unet,NbhdPenalty@b=0.25,0.18,1514837687,0,oom,"oom: evictable pool empty, pinned 0.87 GB at depth 1",,870381076,8,9,0.02,60,1200,eff53cc4804cc7d6246a6e5086861ce2b846f62b,4c09860,unknown (not recorded),,inferred: cloud container (2 vCPU) + laptop Windows; see PROTOCOL.md deviations,
protocol_A.jsonl:771,A,unet,TwoPhase@k=8,0.18,1514837687,0,oom,"oom: evictable pool empty, pinned 0.87 GB at depth 1",,870381076,8,18,0.01,60,1200,eff53cc4804cc7d6246a6e5086861ce2b846f62b,4c09860,unknown (not recorded),,inferred: cloud container (2 vCPU) + laptop Windows; see PROTOCOL.md deviations,
protocol_A.jsonl:772,A,unet,DTR,0.17,1430680037,0,oom,"oom: evictable pool empty, pinned 0.87 GB at depth 1",,870381076,8,9,0.01,60,1200,eff53cc4804cc7d6246a6e5086861ce2b846f62b,4c09860,unknown (not recorded),,inferred: cloud container (2 vCPU) + laptop Windows; see PROTOCOL.md deviations,
protocol_A.jsonl:773,A,unet,NbhdPenalty@b=0.25,0.17,1430680037,0,oom,"oom: evictable pool empty, pinned 0.87 GB at depth 1",,870381076,8,9,0.02,60,1200,eff53cc4804cc7d6246a6e5086861ce2b846f62b,4c09860,unknown (not recorded),,inferred: cloud container (2 vCPU) + laptop Windows; see PROTOCOL.md deviations,
protocol_A.jsonl:774,A,unet,TwoPhase@k=8,0.17,1430680037,0,oom,"oom: evictable pool empty, pinned 0.87 GB at depth 1",,870381076,8,18,0.01,60,1200,eff53cc4804cc7d6246a6e5086861ce2b846f62b,4c09860,unknown (not recorded),,inferred: cloud container (2 vCPU) + laptop Windows; see PROTOCOL.md deviations,
protocol_A.jsonl:775,A,unet,DTR,0.16,1346522388,0,oom,"oom: evictable pool empty, pinned 0.87 GB at depth 1",,870381076,8,18,0.02,60,1200,eff53cc4804cc7d6246a6e5086861ce2b846f62b,4c09860,unknown (not recorded),,inferred: cloud container (2 vCPU) + laptop Windows; see PROTOCOL.md deviations,
protocol_A.jsonl:776,A,unet,NbhdPenalty@b=0.25,0.16,1346522388,0,oom,"oom: evictable pool empty, pinned 0.87 GB at depth 1",,870381076,8,9,0.02,60,1200,eff53cc4804cc7d6246a6e5086861ce2b846f62b,4c09860,unknown (not recorded),,inferred: cloud container (2 vCPU) + laptop Windows; see PROTOCOL.md deviations,
protocol_A.jsonl:777,A,unet,TwoPhase@k=8,0.16,1346522388,0,oom,"oom: evictable pool empty, pinned 0.87 GB at depth 1",,870381076,8,18,0.01,60,1200,eff53cc4804cc7d6246a6e5086861ce2b846f62b,4c09860,unknown (not recorded),,inferred: cloud container (2 vCPU) + laptop Windows; see PROTOCOL.md deviations,
protocol_A.jsonl:778,A,unet,DTR,0.15,1262364739,0,oom,"oom: evictable pool empty, pinned 0.87 GB at depth 1",,870381076,8,18,0.02,60,1200,eff53cc4804cc7d6246a6e5086861ce2b846f62b,4c09860,unknown (not recorded),,inferred: cloud container (2 vCPU) + laptop Windows; see PROTOCOL.md deviations,
protocol_A.jsonl:779,A,unet,TwoPhase@k=8,0.15,1262364739,0,oom,"oom: evictable pool empty, pinned 0.87 GB at depth 1",,870381076,8,18,0.01,60,1200,eff53cc4804cc7d6246a6e5086861ce2b846f62b,4c09860,unknown (not recorded),,inferred: cloud container (2 vCPU) + laptop Windows; see PROTOCOL.md deviations,
protocol_A.jsonl:780,A,unet,NbhdPenalty@b=0.25,0.15,1262364739,0,oom,"oom: evictable pool empty, pinned 0.87 GB at depth 1",,870381076,8,9,0.02,60,1200,eff53cc4804cc7d6246a6e5086861ce2b846f62b,4c09860,unknown (not recorded),,inferred: cloud container (2 vCPU) + laptop Windows; see PROTOCOL.md deviations,
protocol_A.jsonl:781,A,unet,NbhdPenalty@b=0.25,0.14,1178207089,0,oom,"oom: evictable pool empty, pinned 0.87 GB at depth 8",,870381076,8,18,0.02,60,1200,eff53cc4804cc7d6246a6e5086861ce2b846f62b,4c09860,unknown (not recorded),,inferred: cloud container (2 vCPU) + laptop Windows; see PROTOCOL.md deviations,
protocol_A.jsonl:782,A,unet,DTR,0.14,1178207089,0,oom,"oom: evictable pool empty, pinned 0.87 GB at depth 8",,870381076,8,18,0.02,60,1200,eff53cc4804cc7d6246a6e5086861ce2b846f62b,4c09860,unknown (not recorded),,inferred: cloud container (2 vCPU) + laptop Windows; see PROTOCOL.md deviations,
protocol_A.jsonl:783,A,unet,TwoPhase@k=8,0.14,1178207089,0,oom,"oom: evictable pool empty, pinned 0.87 GB at depth 8",,870381076,8,18,0.01,60,1200,eff53cc4804cc7d6246a6e5086861ce2b846f62b,4c09860,unknown (not recorded),,inferred: cloud container (2 vCPU) + laptop Windows; see PROTOCOL.md deviations,
protocol_A.jsonl:784,A,unet,DTR,0.13,1094049440,0,oom,"oom: evictable pool empty, pinned 0.87 GB at depth 8",,870381076,8,18,0.02,60,1200,eff53cc4804cc7d6246a6e5086861ce2b846f62b,4c09860,unknown (not recorded),,inferred: cloud container (2 vCPU) + laptop Windows; see PROTOCOL.md deviations,
protocol_A.jsonl:785,A,unet,NbhdPenalty@b=0.25,0.13,1094049440,0,oom,"oom: evictable pool empty, pinned 0.87 GB at depth 8",,870381076,8,9,0.01,60,1200,eff53cc4804cc7d6246a6e5086861ce2b846f62b,4c09860,unknown (not recorded),,inferred: cloud container (2 vCPU) + laptop Windows; see PROTOCOL.md deviations,
protocol_A.jsonl:786,A,unet,TwoPhase@k=8,0.13,1094049440,0,oom,"oom: evictable pool empty, pinned 0.87 GB at depth 8",,870381076,8,18,0.01,60,1200,eff53cc4804cc7d6246a6e5086861ce2b846f62b,4c09860,unknown (not recorded),,inferred: cloud container (2 vCPU) + laptop Windows; see PROTOCOL.md deviations,
protocol_A.jsonl:787,A,unet,NbhdPenalty@b=0.25,0.12,1009891791,0,oom,"oom: evictable pool empty, pinned 0.68 GB at depth 17",,676132356,17,18,0.01,60,1200,eff53cc4804cc7d6246a6e5086861ce2b846f62b,4c09860,unknown (not recorded),,inferred: cloud container (2 vCPU) + laptop Windows; see PROTOCOL.md deviations,
protocol_A.jsonl:788,A,unet,DTR,0.12,1009891791,0,oom,"oom: evictable pool empty, pinned 0.68 GB at depth 17",,676132356,17,18,0.01,60,1200,eff53cc4804cc7d6246a6e5086861ce2b846f62b,4c09860,unknown (not recorded),,inferred: cloud container (2 vCPU) + laptop Windows; see PROTOCOL.md deviations,
protocol_A.jsonl:789,A,unet,TwoPhase@k=8,0.12,1009891791,0,oom,"oom: evictable pool empty, pinned 0.68 GB at depth 17",,676132356,17,18,0.01,60,1200,eff53cc4804cc7d6246a6e5086861ce2b846f62b,4c09860,unknown (not recorded),,inferred: cloud container (2 vCPU) + laptop Windows; see PROTOCOL.md deviations,
protocol_A.jsonl:790,A,unet,DTR,0.11,925734142,0,oom,"oom: evictable pool empty, pinned 0.68 GB at depth 17",,676132356,17,18,0.01,60,1200,eff53cc4804cc7d6246a6e5086861ce2b846f62b,4c09860,unknown (not recorded),,inferred: cloud container (2 vCPU) + laptop Windows; see PROTOCOL.md deviations,
protocol_A.jsonl:791,A,unet,TwoPhase@k=8,0.11,925734142,0,oom,"oom: evictable pool empty, pinned 0.68 GB at depth 17",,676132356,17,18,0.01,60,1200,eff53cc4804cc7d6246a6e5086861ce2b846f62b,4c09860,unknown (not recorded),,inferred: cloud container (2 vCPU) + laptop Windows; see PROTOCOL.md deviations,
protocol_A.jsonl:792,A,unet,NbhdPenalty@b=0.25,0.11,925734142,0,oom,"oom: evictable pool empty, pinned 0.68 GB at depth 17",,676132356,17,18,0.01,60,1200,eff53cc4804cc7d6246a6e5086861ce2b846f62b,4c09860,unknown (not recorded),,inferred: cloud container (2 vCPU) + laptop Windows; see PROTOCOL.md deviations,
protocol_A.jsonl:793,A,unet,NbhdPenalty@b=0.25,0.1,841576492,0,oom,"oom: evictable pool empty, pinned 0.48 GB at depth 1",,481883540,1,1,0.0,60,1200,eff53cc4804cc7d6246a6e5086861ce2b846f62b,4c09860,unknown (not recorded),,inferred: cloud container (2 vCPU) + laptop Windows; see PROTOCOL.md deviations,
protocol_A.jsonl:794,A,unet,DTR,0.1,841576492,0,oom,"oom: evictable pool empty, pinned 0.48 GB at depth 1",,481883540,1,1,0.0,60,1200,eff53cc4804cc7d6246a6e5086861ce2b846f62b,4c09860,unknown (not recorded),,inferred: cloud container (2 vCPU) + laptop Windows; see PROTOCOL.md deviations,
protocol_A.jsonl:795,A,unet,TwoPhase@k=8,0.1,841576492,0,oom,"oom: evictable pool empty, pinned 0.48 GB at depth 1",,481883540,1,1,0.0,60,1200,eff53cc4804cc7d6246a6e5086861ce2b846f62b,4c09860,unknown (not recorded),,inferred: cloud container (2 vCPU) + laptop Windows; see PROTOCOL.md deviations,
protocol_A.jsonl:796,A,unet,DTR,0.09,757418843,0,oom,"oom: evictable pool empty, pinned 0.48 GB at depth 1",,481883540,1,1,0.0,60,1200,eff53cc4804cc7d6246a6e5086861ce2b846f62b,4c09860,unknown (not recorded),,inferred: cloud container (2 vCPU) + laptop Windows; see PROTOCOL.md deviations,
protocol_A.jsonl:797,A,unet,TwoPhase@k=8,0.09,757418843,0,oom,"oom: evictable pool empty, pinned 0.48 GB at depth 1",,481883540,1,1,0.0,60,1200,eff53cc4804cc7d6246a6e5086861ce2b846f62b,4c09860,unknown (not recorded),,inferred: cloud container (2 vCPU) + laptop Windows; see PROTOCOL.md deviations,
protocol_A.jsonl:798,A,unet,NbhdPenalty@b=0.25,0.09,757418843,0,oom,"oom: evictable pool empty, pinned 0.48 GB at depth 1",,481883540,1,1,0.0,60,1200,eff53cc4804cc7d6246a6e5086861ce2b846f62b,4c09860,unknown (not recorded),,inferred: cloud container (2 vCPU) + laptop Windows; see PROTOCOL.md deviations,
protocol_A.jsonl:799,A,unet,DTR,0.08,673261194,1,oom,"oom: evictable pool empty, pinned 0.48 GB at depth 1",,481883540,1,1,0.0,60,1200,eff53cc4804cc7d6246a6e5086861ce2b846f62b,4c09860,unknown (not recorded),,inferred: cloud container (2 vCPU) + laptop Windows; see PROTOCOL.md deviations,
protocol_A.jsonl:800,A,unet,DTR,0.08,673261194,0,oom,"oom: evictable pool empty, pinned 0.48 GB at depth 1",,481883540,1,1,0.0,60,1200,eff53cc4804cc7d6246a6e5086861ce2b846f62b,4c09860,unknown (not recorded),,inferred: cloud container (2 vCPU) + laptop Windows; see PROTOCOL.md deviations,
protocol_A.jsonl:801,A,unet,NbhdPenalty@b=0.25,0.08,673261194,0,oom,"oom: evictable pool empty, pinned 0.48 GB at depth 1",,481883540,1,1,0.0,60,1200,eff53cc4804cc7d6246a6e5086861ce2b846f62b,4c09860,unknown (not recorded),,inferred: cloud container (2 vCPU) + laptop Windows; see PROTOCOL.md deviations,
protocol_A.jsonl:802,A,unet,DTR,0.08,673261194,2,oom,"oom: evictable pool empty, pinned 0.48 GB at depth 1",,481883540,1,1,0.0,60,1200,eff53cc4804cc7d6246a6e5086861ce2b846f62b,4c09860,unknown (not recorded),,inferred: cloud container (2 vCPU) + laptop Windows; see PROTOCOL.md deviations,
protocol_A.jsonl:803,A,unet,NbhdPenalty@b=0.25,0.08,673261194,2,oom,"oom: evictable pool empty, pinned 0.48 GB at depth 1",,481883540,1,1,0.0,60,1200,eff53cc4804cc7d6246a6e5086861ce2b846f62b,4c09860,unknown (not recorded),,inferred: cloud container (2 vCPU) + laptop Windows; see PROTOCOL.md deviations,
protocol_A.jsonl:804,A,unet,NbhdPenalty@b=0.25,0.08,673261194,1,oom,"oom: evictable pool empty, pinned 0.48 GB at depth 1",,481883540,1,1,0.0,60,1200,eff53cc4804cc7d6246a6e5086861ce2b846f62b,4c09860,unknown (not recorded),,inferred: cloud container (2 vCPU) + laptop Windows; see PROTOCOL.md deviations,
protocol_A.jsonl:805,A,unet,TwoPhase@k=8,0.08,673261194,0,oom,"oom: evictable pool empty, pinned 0.48 GB at depth 1",,481883540,1,1,0.0,60,1200,eff53cc4804cc7d6246a6e5086861ce2b846f62b,4c09860,unknown (not recorded),,inferred: cloud container (2 vCPU) + laptop Windows; see PROTOCOL.md deviations,
protocol_A.jsonl:806,A,unet,TwoPhase@k=8,0.08,673261194,1,oom,"oom: evictable pool empty, pinned 0.48 GB at depth 1",,481883540,1,1,0.0,60,1200,eff53cc4804cc7d6246a6e5086861ce2b846f62b,4c09860,unknown (not recorded),,inferred: cloud container (2 vCPU) + laptop Windows; see PROTOCOL.md deviations,
protocol_A.jsonl:807,A,unet,DTR,0.07,589103544,0,oom,"oom: evictable pool empty, pinned 0.48 GB at depth 1",,481883540,1,1,0.0,60,1200,eff53cc4804cc7d6246a6e5086861ce2b846f62b,4c09860,unknown (not recorded),,inferred: cloud container (2 vCPU) + laptop Windows; see PROTOCOL.md deviations,
protocol_A.jsonl:808,A,unet,TwoPhase@k=8,0.08,673261194,2,oom,"oom: evictable pool empty, pinned 0.48 GB at depth 1",,481883540,1,1,0.0,60,1200,eff53cc4804cc7d6246a6e5086861ce2b846f62b,4c09860,unknown (not recorded),,inferred: cloud container (2 vCPU) + laptop Windows; see PROTOCOL.md deviations,
protocol_A.jsonl:809,A,unet,TwoPhase@k=8,0.07,589103544,0,oom,"oom: evictable pool empty, pinned 0.48 GB at depth 1",,481883540,1,1,0.0,60,1200,eff53cc4804cc7d6246a6e5086861ce2b846f62b,4c09860,unknown (not recorded),,inferred: cloud container (2 vCPU) + laptop Windows; see PROTOCOL.md deviations,
protocol_A.jsonl:810,A,unet,NbhdPenalty@b=0.25,0.07,589103544,0,oom,"oom: evictable pool empty, pinned 0.48 GB at depth 1",,481883540,1,1,0.0,60,1200,eff53cc4804cc7d6246a6e5086861ce2b846f62b,4c09860,unknown (not recorded),,inferred: cloud container (2 vCPU) + laptop Windows; see PROTOCOL.md deviations,
protocol_A.jsonl:811,A,unet,NbhdPenalty@b=0.25,0.06,504945895,0,oom,"oom: evictable pool empty, pinned 0.48 GB at depth 1",,481883540,1,1,0.0,60,1200,eff53cc4804cc7d6246a6e5086861ce2b846f62b,4c09860,unknown (not recorded),,inferred: cloud container (2 vCPU) + laptop Windows; see PROTOCOL.md deviations,
protocol_A.jsonl:812,A,unet,DTR,0.06,504945895,0,oom,"oom: evictable pool empty, pinned 0.48 GB at depth 1",,481883540,1,1,0.0,60,1200,eff53cc4804cc7d6246a6e5086861ce2b846f62b,4c09860,unknown (not recorded),,inferred: cloud container (2 vCPU) + laptop Windows; see PROTOCOL.md deviations,
protocol_A.jsonl:813,A,unet,TwoPhase@k=8,0.06,504945895,0,oom,"oom: evictable pool empty, pinned 0.48 GB at depth 1",,481883540,1,1,0.0,60,1200,eff53cc4804cc7d6246a6e5086861ce2b846f62b,4c09860,unknown (not recorded),,inferred: cloud container (2 vCPU) + laptop Windows; see PROTOCOL.md deviations,
protocol_A.jsonl:814,A,unet,DTR,0.05,420788246,0,oom,"oom: evictable pool empty, pinned 0.09 GB at depth 1",,93386132,1,1,0.0,60,1200,eff53cc4804cc7d6246a6e5086861ce2b846f62b,4c09860,unknown (not recorded),,inferred: cloud container (2 vCPU) + laptop Windows; see PROTOCOL.md deviations,
protocol_A.jsonl:815,A,unet,TwoPhase@k=8,0.05,420788246,0,oom,"oom: evictable pool empty, pinned 0.09 GB at depth 1",,93386132,1,1,0.0,60,1200,eff53cc4804cc7d6246a6e5086861ce2b846f62b,4c09860,unknown (not recorded),,inferred: cloud container (2 vCPU) + laptop Windows; see PROTOCOL.md deviations,
protocol_A.jsonl:816,A,unet,NbhdPenalty@b=0.25,0.05,420788246,0,oom,"oom: evictable pool empty, pinned 0.09 GB at depth 1",,93386132,1,1,0.0,60,1200,eff53cc4804cc7d6246a6e5086861ce2b846f62b,4c09860,unknown (not recorded),,inferred: cloud container (2 vCPU) + laptop Windows; see PROTOCOL.md deviations,
protocol_A.jsonl:817,A,treelstm,NbhdPenalty@b=0.25,0.6,102104164,0,ok,ok,1.1094995628383264,4160800,1,6,3.79,60,1200,eff53cc4804cc7d6246a6e5086861ce2b846f62b,4c09860,unknown (not recorded),,inferred: cloud container (2 vCPU) + laptop Windows; see PROTOCOL.md deviations,
protocol_A.jsonl:818,A,treelstm,DTR,0.6,102104164,0,ok,ok,1.0754453871915894,4160800,1,5,4.95,60,1200,eff53cc4804cc7d6246a6e5086861ce2b846f62b,4c09860,unknown (not recorded),,inferred: cloud container (2 vCPU) + laptop Windows; see PROTOCOL.md deviations,
protocol_A.jsonl:819,A,treelstm,TwoPhase@k=8,0.6,102104164,0,ok,ok,1.1128183697071476,4160800,1,6,2.98,60,1200,eff53cc4804cc7d6246a6e5086861ce2b846f62b,4c09860,unknown (not recorded),,inferred: cloud container (2 vCPU) + laptop Windows; see PROTOCOL.md deviations,
protocol_A.jsonl:820,A,treelstm,DTR,0.59,100402428,0,ok,ok,1.0809273368148025,4160800,1,5,4.04,60,1200,eff53cc4804cc7d6246a6e5086861ce2b846f62b,4c09860,unknown (not recorded),,inferred: cloud container (2 vCPU) + laptop Windows; see PROTOCOL.md deviations,
protocol_A.jsonl:821,A,treelstm,NbhdPenalty@b=0.25,0.59,100402428,0,ok,ok,1.1138766654661334,4160800,1,6,3.26,60,1200,eff53cc4804cc7d6246a6e5086861ce2b846f62b,4c09860,unknown (not recorded),,inferred: cloud container (2 vCPU) + laptop Windows; see PROTOCOL.md deviations,
protocol_A.jsonl:822,A,treelstm,TwoPhase@k=8,0.59,100402428,0,ok,ok,1.116948822986554,4160800,1,6,3.31,60,1200,eff53cc4804cc7d6246a6e5086861ce2b846f62b,4c09860,unknown (not recorded),,inferred: cloud container (2 vCPU) + laptop Windows; see PROTOCOL.md deviations,
protocol_A.jsonl:823,A,treelstm,DTR,0.58,98700692,0,ok,ok,1.085224192713255,4160800,1,5,4.51,60,1200,eff53cc4804cc7d6246a6e5086861ce2b846f62b,4c09860,unknown (not recorded),,inferred: cloud container (2 vCPU) + laptop Windows; see PROTOCOL.md deviations,
protocol_A.jsonl:824,A,treelstm,NbhdPenalty@b=0.25,0.58,98700692,0,ok,ok,1.1188899406604111,4160800,1,6,2.93,60,1200,eff53cc4804cc7d6246a6e5086861ce2b846f62b,4c09860,unknown (not recorded),,inferred: cloud container (2 vCPU) + laptop Windows; see PROTOCOL.md deviations,
protocol_A.jsonl:825,A,treelstm,TwoPhase@k=8,0.58,98700692,0,ok,ok,1.1206652532707617,4160800,1,6,2.87,60,1200,eff53cc4804cc7d6246a6e5086861ce2b846f62b,4c09860,unknown (not recorded),,inferred: cloud container (2 vCPU) + laptop Windows; see PROTOCOL.md deviations,
protocol_A.jsonl:826,A,treelstm,DTR,0.57,96998956,0,ok,ok,1.0891317162794347,4160800,1,5,3.97,60,1200,eff53cc4804cc7d6246a6e5086861ce2b846f62b,4c09860,unknown (not recorded),,inferred: cloud container (2 vCPU) + laptop Windows; see PROTOCOL.md deviations,
protocol_A.jsonl:827,A,treelstm,NbhdPenalty@b=0.25,0.57,96998956,0,ok,ok,1.1228559665738054,4160800,1,6,2.98,60,1200,eff53cc4804cc7d6246a6e5086861ce2b846f62b,4c09860,unknown (not recorded),,inferred: cloud container (2 vCPU) + laptop Windows; see PROTOCOL.md deviations,
protocol_A.jsonl:828,A,treelstm,TwoPhase@k=8,0.57,96998956,0,ok,ok,1.1252926901727975,4160800,1,6,2.93,60,1200,eff53cc4804cc7d6246a6e5086861ce2b846f62b,4c09860,unknown (not recorded),,inferred: cloud container (2 vCPU) + laptop Windows; see PROTOCOL.md deviations,
protocol_A.jsonl:829,A,treelstm,DTR,0.56,95297220,0,ok,ok,1.0931598215738996,4160800,1,5,3.43,60,1200,eff53cc4804cc7d6246a6e5086861ce2b846f62b,4c09860,unknown (not recorded),,inferred: cloud container (2 vCPU) + laptop Windows; see PROTOCOL.md deviations,
protocol_A.jsonl:830,A,treelstm,NbhdPenalty@b=0.25,0.56,95297220,0,ok,ok,1.1262496255733587,4160800,1,6,2.78,60,1200,eff53cc4804cc7d6246a6e5086861ce2b846f62b,4c09860,unknown (not recorded),,inferred: cloud container (2 vCPU) + laptop Windows; see PROTOCOL.md deviations,
protocol_A.jsonl:831,A,treelstm,TwoPhase@k=8,0.56,95297220,0,ok,ok,1.1286196138376998,4160800,1,6,2.89,60,1200,eff53cc4804cc7d6246a6e5086861ce2b846f62b,4c09860,unknown (not recorded),,inferred: cloud container (2 vCPU) + laptop Windows; see PROTOCOL.md deviations,
protocol_A.jsonl:832,A,treelstm,DTR,0.55,93595484,0,ok,ok,1.0971226854225629,4160800,1,5,3.57,60,1200,eff53cc4804cc7d6246a6e5086861ce2b846f62b,4c09860,unknown (not recorded),,inferred: cloud container (2 vCPU) + laptop Windows; see PROTOCOL.md deviations,
protocol_A.jsonl:833,A,treelstm,NbhdPenalty@b=0.25,0.55,93595484,0,ok,ok,1.130801753878625,4160800,1,6,2.75,60,1200,eff53cc4804cc7d6246a6e5086861ce2b846f62b,4c09860,unknown (not recorded),,inferred: cloud container (2 vCPU) + laptop Windows; see PROTOCOL.md deviations,
protocol_A.jsonl:834,A,treelstm,TwoPhase@k=8,0.55,93595484,0,ok,ok,1.1319595011380612,4160800,1,6,3.46,60,1200,eff53cc4804cc7d6246a6e5086861ce2b846f62b,4c09860,unknown (not recorded),,inferred: cloud container (2 vCPU) + laptop Windows; see PROTOCOL.md deviations,
protocol_A.jsonl:835,A,treelstm,DTR,0.54,91893748,0,ok,ok,1.102625499693371,4160800,1,6,4.46,60,1200,eff53cc4804cc7d6246a6e5086861ce2b846f62b,4c09860,unknown (not recorded),,inferred: cloud container (2 vCPU) + laptop Windows; see PROTOCOL.md deviations,
protocol_A.jsonl:836,A,treelstm,NbhdPenalty@b=0.25,0.54,91893748,0,ok,ok,1.134886925727133,4160800,1,6,2.72,60,1200,eff53cc4804cc7d6246a6e5086861ce2b846f62b,4c09860,unknown (not recorded),,inferred: cloud container (2 vCPU) + laptop Windows; see PROTOCOL.md deviations,
protocol_A.jsonl:837,A,treelstm,TwoPhase@k=8,0.54,91893748,0,ok,ok,1.1375822414859373,4160800,1,7,2.76,60,1200,eff53cc4804cc7d6246a6e5086861ce2b846f62b,4c09860,unknown (not recorded),,inferred: cloud container (2 vCPU) + laptop Windows; see PROTOCOL.md deviations,
protocol_A.jsonl:838,A,treelstm,DTR,0.53,90192012,0,ok,ok,1.1108750692956941,4160800,1,7,3.59,60,1200,eff53cc4804cc7d6246a6e5086861ce2b846f62b,4c09860,unknown (not recorded),,inferred: cloud container (2 vCPU) + laptop Windows; see PROTOCOL.md deviations,
protocol_A.jsonl:839,A,treelstm,NbhdPenalty@b=0.25,0.53,90192012,0,ok,ok,1.138881186139779,4160800,1,6,2.89,60,1200,eff53cc4804cc7d6246a6e5086861ce2b846f62b,4c09860,unknown (not recorded),,inferred: cloud container (2 vCPU) + laptop Windows; see PROTOCOL.md deviations,
protocol_A.jsonl:840,A,treelstm,TwoPhase@k=8,0.53,90192012,0,ok,ok,1.1404384988701055,4160800,1,6,3.09,60,1200,eff53cc4804cc7d6246a6e5086861ce2b846f62b,4c09860,unknown (not recorded),,inferred: cloud container (2 vCPU) + laptop Windows; see PROTOCOL.md deviations,
protocol_A.jsonl:841,A,treelstm,DTR,0.52,88490276,0,ok,ok,1.1146833405466032,4160800,1,7,3.61,60,1200,eff53cc4804cc7d6246a6e5086861ce2b846f62b,4c09860,unknown (not recorded),,inferred: cloud container (2 vCPU) + laptop Windows; see PROTOCOL.md deviations,
protocol_A.jsonl:842,A,treelstm,NbhdPenalty@b=0.25,0.52,88490276,0,ok,ok,1.1425655061131093,4160800,1,6,2.6,60,1200,eff53cc4804cc7d6246a6e5086861ce2b846f62b,4c09860,unknown (not recorded),,inferred: cloud container (2 vCPU) + laptop Windows; see PROTOCOL.md deviations,
protocol_A.jsonl:843,A,treelstm,TwoPhase@k=8,0.52,88490276,0,ok,ok,1.1439894394673416,4160800,1,7,2.84,60,1200,eff53cc4804cc7d6246a6e5086861ce2b846f62b,4c09860,unknown (not recorded),,inferred: cloud container (2 vCPU) + laptop Windows; see PROTOCOL.md deviations,
protocol_A.jsonl:844,A,treelstm,DTR,0.51,86788540,0,ok,ok,1.11733703490219,4160800,1,7,3.89,60,1200,eff53cc4804cc7d6246a6e5086861ce2b846f62b,4c09860,unknown (not recorded),,inferred: cloud container (2 vCPU) + laptop Windows; see PROTOCOL.md deviations,
protocol_A.jsonl:845,A,treelstm,NbhdPenalty@b=0.25,0.51,86788540,0,ok,ok,1.147194378808317,4160800,1,6,2.99,60,1200,eff53cc4804cc7d6246a6e5086861ce2b846f62b,4c09860,unknown (not recorded),,inferred: cloud container (2 vCPU) + laptop Windows; see PROTOCOL.md deviations,
protocol_A.jsonl:846,A,treelstm,TwoPhase@k=8,0.51,86788540,0,ok,ok,1.1481047463736926,4160800,1,7,3.08,60,1200,eff53cc4804cc7d6246a6e5086861ce2b846f62b,4c09860,unknown (not recorded),,inferred: cloud container (2 vCPU) + laptop Windows; see PROTOCOL.md deviations,
protocol_A.jsonl:847,A,treelstm,DTR,0.5,85086804,0,ok,ok,1.1230906067157342,4160800,1,7,4.31,60,1200,eff53cc4804cc7d6246a6e5086861ce2b846f62b,4c09860,unknown (not recorded),,inferred: cloud container (2 vCPU) + laptop Windows; see PROTOCOL.md deviations,
protocol_A.jsonl:848,A,treelstm,DTR,0.5,85086804,1,ok,ok,1.1230906067157342,4160800,1,7,4.35,60,1200,eff53cc4804cc7d6246a6e5086861ce2b846f62b,4c09860,unknown (not recorded),,inferred: cloud container (2 vCPU) + laptop Windows; see PROTOCOL.md deviations,
protocol_A.jsonl:849,A,treelstm,DTR,0.5,85086804,2,ok,ok,1.1230906067157342,4160800,1,7,3.56,60,1200,eff53cc4804cc7d6246a6e5086861ce2b846f62b,4c09860,unknown (not recorded),,inferred: cloud container (2 vCPU) + laptop Windows; see PROTOCOL.md deviations,
protocol_A.jsonl:850,A,treelstm,NbhdPenalty@b=0.25,0.5,85086804,0,ok,ok,1.1508472856188998,4160800,1,6,2.67,60,1200,eff53cc4804cc7d6246a6e5086861ce2b846f62b,4c09860,unknown (not recorded),,inferred: cloud container (2 vCPU) + laptop Windows; see PROTOCOL.md deviations,
protocol_A.jsonl:851,A,treelstm,NbhdPenalty@b=0.25,0.5,85086804,1,ok,ok,1.1508472856188998,4160800,1,6,2.62,60,1200,eff53cc4804cc7d6246a6e5086861ce2b846f62b,4c09860,unknown (not recorded),,inferred: cloud container (2 vCPU) + laptop Windows; see PROTOCOL.md deviations,
protocol_A.jsonl:852,A,treelstm,NbhdPenalty@b=0.25,0.5,85086804,2,ok,ok,1.1508472856188998,4160800,1,6,2.71,60,1200,eff53cc4804cc7d6246a6e5086861ce2b846f62b,4c09860,unknown (not recorded),,inferred: cloud container (2 vCPU) + laptop Windows; see PROTOCOL.md deviations,
protocol_A.jsonl:853,A,treelstm,TwoPhase@k=8,0.5,85086804,0,ok,ok,1.1515203655393305,4160800,1,7,3.35,60,1200,eff53cc4804cc7d6246a6e5086861ce2b846f62b,4c09860,unknown (not recorded),,inferred: cloud container (2 vCPU) + laptop Windows; see PROTOCOL.md deviations,
protocol_A.jsonl:854,A,treelstm,TwoPhase@k=8,0.5,85086804,1,ok,ok,1.1515203655393305,4160800,1,7,3.21,60,1200,eff53cc4804cc7d6246a6e5086861ce2b846f62b,4c09860,unknown (not recorded),,inferred: cloud container (2 vCPU) + laptop Windows; see PROTOCOL.md deviations,
protocol_A.jsonl:855,A,treelstm,TwoPhase@k=8,0.5,85086804,2,ok,ok,1.1515203655393305,4160800,1,7,2.79,60,1200,eff53cc4804cc7d6246a6e5086861ce2b846f62b,4c09860,unknown (not recorded),,inferred: cloud container (2 vCPU) + laptop Windows; see PROTOCOL.md deviations,
protocol_A.jsonl:856,A,treelstm,DTR,0.49,83385067,0,ok,ok,1.1284690215423088,4160800,1,7,3.66,60,1200,eff53cc4804cc7d6246a6e5086861ce2b846f62b,4c09860,unknown (not recorded),,inferred: cloud container (2 vCPU) + laptop Windows; see PROTOCOL.md deviations,
protocol_A.jsonl:857,A,treelstm,NbhdPenalty@b=0.25,0.49,83385067,0,ok,ok,1.155070725179792,4160800,1,6,2.57,60,1200,eff53cc4804cc7d6246a6e5086861ce2b846f62b,4c09860,unknown (not recorded),,inferred: cloud container (2 vCPU) + laptop Windows; see PROTOCOL.md deviations,
protocol_A.jsonl:858,A,treelstm,TwoPhase@k=8,0.49,83385067,0,ok,ok,1.15782187918403,4160800,1,7,2.65,60,1200,eff53cc4804cc7d6246a6e5086861ce2b846f62b,4c09860,unknown (not recorded),,inferred: cloud container (2 vCPU) + laptop Windows; see PROTOCOL.md deviations,
protocol_A.jsonl:859,A,treelstm,DTR,0.48,81683331,0,ok,ok,1.1330199879340257,4160800,1,7,3.26,60,1200,eff53cc4804cc7d6246a6e5086861ce2b846f62b,4c09860,unknown (not recorded),,inferred: cloud container (2 vCPU) + laptop Windows; see PROTOCOL.md deviations,
protocol_A.jsonl:860,A,treelstm,NbhdPenalty@b=0.25,0.48,81683331,0,ok,ok,1.162322235941286,4160800,1,6,2.38,60,1200,eff53cc4804cc7d6246a6e5086861ce2b846f62b,4c09860,unknown (not recorded),,inferred: cloud container (2 vCPU) + laptop Windows; see PROTOCOL.md deviations,
protocol_A.jsonl:861,A,treelstm,TwoPhase@k=8,0.48,81683331,0,ok,ok,1.1621022276106978,4160800,1,9,2.7,60,1200,eff53cc4804cc7d6246a6e5086861ce2b846f62b,4c09860,unknown (not recorded),,inferred: cloud container (2 vCPU) + laptop Windows; see PROTOCOL.md deviations,
protocol_A.jsonl:862,A,treelstm,DTR,0.47,79981595,0,ok,ok,1.1378399207136751,4160800,1,7,3.56,60,1200,eff53cc4804cc7d6246a6e5086861ce2b846f62b,4c09860,unknown (not recorded),,inferred: cloud container (2 vCPU) + laptop Windows; see PROTOCOL.md deviations,
protocol_A.jsonl:863,A,treelstm,NbhdPenalty@b=0.25,0.47,79981595,0,ok,ok,1.1650175765982378,4160800,1,6,2.55,60,1200,eff53cc4804cc7d6246a6e5086861ce2b846f62b,4c09860,unknown (not recorded),,inferred: cloud container (2 vCPU) + laptop Windows; see PROTOCOL.md deviations,
protocol_A.jsonl:864,A,treelstm,TwoPhase@k=8,0.47,79981595,0,ok,ok,1.1661096757421299,4160800,1,12,2.78,60,1200,eff53cc4804cc7d6246a6e5086861ce2b846f62b,4c09860,unknown (not recorded),,inferred: cloud container (2 vCPU) + laptop Windows; see PROTOCOL.md deviations,
protocol_A.jsonl:865,A,treelstm,DTR,0.46,78279859,0,ok,ok,1.142822513090865,4160800,1,7,3.82,60,1200,eff53cc4804cc7d6246a6e5086861ce2b846f62b,4c09860,unknown (not recorded),,inferred: cloud container (2 vCPU) + laptop Windows; see PROTOCOL.md deviations,
protocol_A.jsonl:866,A,treelstm,NbhdPenalty@b=0.25,0.46,78279859,0,ok,ok,1.168918950321988,4160800,1,6,2.43,60,1200,eff53cc4804cc7d6246a6e5086861ce2b846f62b,4c09860,unknown (not recorded),,inferred: cloud container (2 vCPU) + laptop Windows; see PROTOCOL.md deviations,
protocol_A.jsonl:867,A,treelstm,TwoPhase@k=8,0.46,78279859,0,ok,ok,1.1745271750498785,4160800,1,14,2.63,60,1200,eff53cc4804cc7d6246a6e5086861ce2b846f62b,4c09860,unknown (not recorded),,inferred: cloud container (2 vCPU) + laptop Windows; see PROTOCOL.md deviations,
protocol_A.jsonl:868,A,treelstm,DTR,0.45,76578123,0,ok,ok,1.1505267551675191,4160800,1,8,3.68,60,1200,eff53cc4804cc7d6246a6e5086861ce2b846f62b,4c09860,unknown (not recorded),,inferred: cloud container (2 vCPU) + laptop Windows; see PROTOCOL.md deviations,
protocol_A.jsonl:869,A,treelstm,NbhdPenalty@b=0.25,0.45,76578123,0,ok,ok,1.1723629118788497,4160800,1,6,2.43,60,1200,eff53cc4804cc7d6246a6e5086861ce2b846f62b,4c09860,unknown (not recorded),,inferred: cloud container (2 vCPU) + laptop Windows; see PROTOCOL.md deviations,
protocol_A.jsonl:870,A,treelstm,TwoPhase@k=8,0.45,76578123,0,ok,ok,1.1729772487699734,4160800,1,14,2.65,60,1200,eff53cc4804cc7d6246a6e5086861ce2b846f62b,4c09860,unknown (not recorded),,inferred: cloud container (2 vCPU) + laptop Windows; see PROTOCOL.md deviations,
protocol_A.jsonl:871,A,treelstm,DTR,0.44,74876387,0,ok,ok,1.1537864538342035,4160800,1,8,3.63,60,1200,eff53cc4804cc7d6246a6e5086861ce2b846f62b,4c09860,unknown (not recorded),,inferred: cloud container (2 vCPU) + laptop Windows; see PROTOCOL.md deviations,
protocol_A.jsonl:872,A,treelstm,DTR,0.44,74876387,1,ok,ok,1.1537864538342035,4160800,1,8,3.87,60,1200,eff53cc4804cc7d6246a6e5086861ce2b846f62b,4c09860,unknown (not recorded),,inferred: cloud container (2 vCPU) + laptop Windows; see PROTOCOL.md deviations,
protocol_A.jsonl:873,A,treelstm,DTR,0.44,74876387,2,ok,ok,1.1537864538342035,4160800,1,8,3.77,60,1200,eff53cc4804cc7d6246a6e5086861ce2b846f62b,4c09860,unknown (not recorded),,inferred: cloud container (2 vCPU) + laptop Windows; see PROTOCOL.md deviations,
protocol_A.jsonl:874,A,treelstm,NbhdPenalty@b=0.25,0.44,74876387,0,ok,ok,1.1759738238140025,4160800,1,6,2.5,60,1200,eff53cc4804cc7d6246a6e5086861ce2b846f62b,4c09860,unknown (not recorded),,inferred: cloud container (2 vCPU) + laptop Windows; see PROTOCOL.md deviations,
protocol_A.jsonl:875,A,treelstm,NbhdPenalty@b=0.25,0.44,74876387,1,ok,ok,1.1759738238140025,4160800,1,6,2.56,60,1200,eff53cc4804cc7d6246a6e5086861ce2b846f62b,4c09860,unknown (not recorded),,inferred: cloud container (2 vCPU) + laptop Windows; see PROTOCOL.md deviations,
protocol_A.jsonl:876,A,treelstm,NbhdPenalty@b=0.25,0.44,74876387,2,ok,ok,1.1759738238140025,4160800,1,6,2.52,60,1200,eff53cc4804cc7d6246a6e5086861ce2b846f62b,4c09860,unknown (not recorded),,inferred: cloud container (2 vCPU) + laptop Windows; see PROTOCOL.md deviations,
protocol_A.jsonl:877,A,treelstm,TwoPhase@k=8,0.44,74876387,0,ok,ok,1.1779522223140317,4160800,1,14,2.64,60,1200,eff53cc4804cc7d6246a6e5086861ce2b846f62b,4c09860,unknown (not recorded),,inferred: cloud container (2 vCPU) + laptop Windows; see PROTOCOL.md deviations,
protocol_A.jsonl:878,A,treelstm,TwoPhase@k=8,0.44,74876387,1,ok,ok,1.1779522223140317,4160800,1,14,2.61,60,1200,eff53cc4804cc7d6246a6e5086861ce2b846f62b,4c09860,unknown (not recorded),,inferred: cloud container (2 vCPU) + laptop Windows; see PROTOCOL.md deviations,
protocol_A.jsonl:879,A,treelstm,TwoPhase@k=8,0.44,74876387,2,ok,ok,1.1779522223140317,4160800,1,14,3.05,60,1200,eff53cc4804cc7d6246a6e5086861ce2b846f62b,4c09860,unknown (not recorded),,inferred: cloud container (2 vCPU) + laptop Windows; see PROTOCOL.md deviations,
protocol_A.jsonl:880,A,treelstm,DTR,0.43,73174651,0,ok,ok,1.1608910904236645,4160800,1,11,4.43,60,1200,eff53cc4804cc7d6246a6e5086861ce2b846f62b,4c09860,unknown (not recorded),,inferred: cloud container (2 vCPU) + laptop Windows; see PROTOCOL.md deviations,
protocol_A.jsonl:881,A,treelstm,DTR,0.43,73174651,1,ok,ok,1.1608910904236645,4160800,1,11,3.62,60,1200,eff53cc4804cc7d6246a6e5086861ce2b846f62b,4c09860,unknown (not recorded),,inferred: cloud container (2 vCPU) + laptop Windows; see PROTOCOL.md deviations,
protocol_A.jsonl:882,A,treelstm,DTR,0.43,73174651,2,ok,ok,1.1608910904236645,4160800,1,11,3.78,60,1200,eff53cc4804cc7d6246a6e5086861ce2b846f62b,4c09860,unknown (not recorded),,inferred: cloud container (2 vCPU) + laptop Windows; see PROTOCOL.md deviations,
protocol_A.jsonl:883,A,treelstm,NbhdPenalty@b=0.25,0.43,73174651,0,ok,ok,1.17891546524529,4160800,1,6,2.58,60,1200,eff53cc4804cc7d6246a6e5086861ce2b846f62b,4c09860,unknown (not recorded),,inferred: cloud container (2 vCPU) + laptop Windows; see PROTOCOL.md deviations,
protocol_A.jsonl:884,A,treelstm,NbhdPenalty@b=0.25,0.43,73174651,1,ok,ok,1.17891546524529,4160800,1,6,2.55,60,1200,eff53cc4804cc7d6246a6e5086861ce2b846f62b,4c09860,unknown (not recorded),,inferred: cloud container (2 vCPU) + laptop Windows; see PROTOCOL.md deviations,
protocol_A.jsonl:885,A,treelstm,NbhdPenalty@b=0.25,0.43,73174651,2,ok,ok,1.17891546524529,4160800,1,6,2.61,60,1200,eff53cc4804cc7d6246a6e5086861ce2b846f62b,4c09860,unknown (not recorded),,inferred: cloud container (2 vCPU) + laptop Windows; see PROTOCOL.md deviations,
protocol_A.jsonl:886,A,treelstm,TwoPhase@k=8,0.43,73174651,0,ok,ok,1.1834745982293833,4160800,1,14,2.68,60,1200,eff53cc4804cc7d6246a6e5086861ce2b846f62b,4c09860,unknown (not recorded),,inferred: cloud container (2 vCPU) + laptop Windows; see PROTOCOL.md deviations,
protocol_A.jsonl:887,A,treelstm,TwoPhase@k=8,0.43,73174651,1,ok,ok,1.1834745982293833,4160800,1,14,2.71,60,1200,eff53cc4804cc7d6246a6e5086861ce2b846f62b,4c09860,unknown (not recorded),,inferred: cloud container (2 vCPU) + laptop Windows; see PROTOCOL.md deviations,
protocol_A.jsonl:888,A,treelstm,TwoPhase@k=8,0.43,73174651,2,ok,ok,1.1834745982293833,4160800,1,14,2.67,60,1200,eff53cc4804cc7d6246a6e5086861ce2b846f62b,4c09860,unknown (not recorded),,inferred: cloud container (2 vCPU) + laptop Windows; see PROTOCOL.md deviations,
protocol_A.jsonl:889,A,treelstm,DTR,0.42,71472915,0,ok,ok,1.164919942662554,4160800,1,11,3.77,60,1200,eff53cc4804cc7d6246a6e5086861ce2b846f62b,4c09860,unknown (not recorded),,inferred: cloud container (2 vCPU) + laptop Windows; see PROTOCOL.md deviations,
protocol_A.jsonl:890,A,treelstm,DTR,0.42,71472915,1,ok,ok,1.164919942662554,4160800,1,11,3.64,60,1200,eff53cc4804cc7d6246a6e5086861ce2b846f62b,4c09860,unknown (not recorded),,inferred: cloud container (2 vCPU) + laptop Windows; see PROTOCOL.md deviations,
protocol_A.jsonl:891,A,treelstm,DTR,0.42,71472915,2,ok,ok,1.164919942662554,4160800,1,11,3.63,60,1200,eff53cc4804cc7d6246a6e5086861ce2b846f62b,4c09860,unknown (not recorded),,inferred: cloud container (2 vCPU) + laptop Windows; see PROTOCOL.md deviations,
protocol_A.jsonl:892,A,treelstm,NbhdPenalty@b=0.25,0.42,71472915,0,ok,ok,1.1830478605802006,4160800,1,6,2.8,60,1200,eff53cc4804cc7d6246a6e5086861ce2b846f62b,4c09860,unknown (not recorded),,inferred: cloud container (2 vCPU) + laptop Windows; see PROTOCOL.md deviations,
protocol_A.jsonl:893,A,treelstm,NbhdPenalty@b=0.25,0.42,71472915,1,ok,ok,1.1830478605802006,4160800,1,6,2.68,60,1200,eff53cc4804cc7d6246a6e5086861ce2b846f62b,4c09860,unknown (not recorded),,inferred: cloud container (2 vCPU) + laptop Windows; see PROTOCOL.md deviations,
protocol_A.jsonl:894,A,treelstm,NbhdPenalty@b=0.25,0.42,71472915,2,ok,ok,1.1830478605802006,4160800,1,6,2.7,60,1200,eff53cc4804cc7d6246a6e5086861ce2b846f62b,4c09860,unknown (not recorded),,inferred: cloud container (2 vCPU) + laptop Windows; see PROTOCOL.md deviations,
protocol_A.jsonl:895,A,treelstm,TwoPhase@k=8,0.42,71472915,0,ok,ok,1.1863575879245711,4160800,1,14,2.84,60,1200,eff53cc4804cc7d6246a6e5086861ce2b846f62b,4c09860,unknown (not recorded),,inferred: cloud container (2 vCPU) + laptop Windows; see PROTOCOL.md deviations,
protocol_A.jsonl:896,A,treelstm,TwoPhase@k=8,0.42,71472915,1,ok,ok,1.1863575879245711,4160800,1,14,2.76,60,1200,eff53cc4804cc7d6246a6e5086861ce2b846f62b,4c09860,unknown (not recorded),,inferred: cloud container (2 vCPU) + laptop Windows; see PROTOCOL.md deviations,
protocol_A.jsonl:897,A,treelstm,TwoPhase@k=8,0.42,71472915,2,ok,ok,1.1863575879245711,4160800,1,14,2.74,60,1200,eff53cc4804cc7d6246a6e5086861ce2b846f62b,4c09860,unknown (not recorded),,inferred: cloud container (2 vCPU) + laptop Windows; see PROTOCOL.md deviations,
protocol_A.jsonl:898,A,treelstm,DTR,0.41,69771179,0,ok,ok,1.1700478655266324,4160800,1,11,3.72,60,1200,eff53cc4804cc7d6246a6e5086861ce2b846f62b,4c09860,unknown (not recorded),,inferred: cloud container (2 vCPU) + laptop Windows; see PROTOCOL.md deviations,
protocol_A.jsonl:899,A,treelstm,NbhdPenalty@b=0.25,0.41,69771179,0,ok,ok,1.1885777723348583,4160800,1,6,2.85,60,1200,eff53cc4804cc7d6246a6e5086861ce2b846f62b,4c09860,unknown (not recorded),,inferred: cloud container (2 vCPU) + laptop Windows; see PROTOCOL.md deviations,
protocol_A.jsonl:900,A,treelstm,TwoPhase@k=8,0.41,69771179,0,ok,ok,1.1913394914530138,4160800,1,14,2.78,60,1200,eff53cc4804cc7d6246a6e5086861ce2b846f62b,4c09860,unknown (not recorded),,inferred: cloud container (2 vCPU) + laptop Windows; see PROTOCOL.md deviations,
protocol_A.jsonl:901,A,treelstm,DTR,0.4,68069443,0,ok,ok,1.1733112408197626,4160800,1,11,3.91,60,1200,eff53cc4804cc7d6246a6e5086861ce2b846f62b,4c09860,unknown (not recorded),,inferred: cloud container (2 vCPU) + laptop Windows; see PROTOCOL.md deviations,
protocol_A.jsonl:902,A,treelstm,NbhdPenalty@b=0.25,0.4,68069443,0,ok,ok,1.1908318348244944,4160800,1,6,2.7,60,1200,eff53cc4804cc7d6246a6e5086861ce2b846f62b,4c09860,unknown (not recorded),,inferred: cloud container (2 vCPU) + laptop Windows; see PROTOCOL.md deviations,
protocol_A.jsonl:903,A,treelstm,TwoPhase@k=8,0.4,68069443,0,ok,ok,1.193397995592895,4160800,1,14,2.67,60,1200,eff53cc4804cc7d6246a6e5086861ce2b846f62b,4c09860,unknown (not recorded),,inferred: cloud container (2 vCPU) + laptop Windows; see PROTOCOL.md deviations,
protocol_A.jsonl:904,A,treelstm,DTR,0.39,66367707,0,ok,ok,1.1794545765334694,4160800,1,11,4.04,60,1200,eff53cc4804cc7d6246a6e5086861ce2b846f62b,4c09860,unknown (not recorded),,inferred: cloud container (2 vCPU) + laptop Windows; see PROTOCOL.md deviations,
protocol_A.jsonl:905,A,treelstm,DTR,0.39,66367707,1,ok,ok,1.1794545765334694,4160800,1,11,3.92,60,1200,eff53cc4804cc7d6246a6e5086861ce2b846f62b,4c09860,unknown (not recorded),,inferred: cloud container (2 vCPU) + laptop Windows; see PROTOCOL.md deviations,
protocol_A.jsonl:906,A,treelstm,DTR,0.39,66367707,2,ok,ok,1.1794545765334694,4160800,1,11,3.91,60,1200,eff53cc4804cc7d6246a6e5086861ce2b846f62b,4c09860,unknown (not recorded),,inferred: cloud container (2 vCPU) + laptop Windows; see PROTOCOL.md deviations,
protocol_A.jsonl:907,A,treelstm,NbhdPenalty@b=0.25,0.39,66367707,0,ok,ok,1.191799899696983,4160800,1,6,2.9,60,1200,eff53cc4804cc7d6246a6e5086861ce2b846f62b,4c09860,unknown (not recorded),,inferred: cloud container (2 vCPU) + laptop Windows; see PROTOCOL.md deviations,
protocol_A.jsonl:908,A,treelstm,NbhdPenalty@b=0.25,0.39,66367707,1,ok,ok,1.191799899696983,4160800,1,6,3.0,60,1200,eff53cc4804cc7d6246a6e5086861ce2b846f62b,4c09860,unknown (not recorded),,inferred: cloud container (2 vCPU) + laptop Windows; see PROTOCOL.md deviations,
protocol_A.jsonl:909,A,treelstm,NbhdPenalty@b=0.25,0.39,66367707,2,ok,ok,1.191799899696983,4160800,1,6,2.8,60,1200,eff53cc4804cc7d6246a6e5086861ce2b846f62b,4c09860,unknown (not recorded),,inferred: cloud container (2 vCPU) + laptop Windows; see PROTOCOL.md deviations,
protocol_A.jsonl:910,A,treelstm,TwoPhase@k=8,0.39,66367707,0,ok,ok,1.194001443694184,4160800,1,14,2.94,60,1200,eff53cc4804cc7d6246a6e5086861ce2b846f62b,4c09860,unknown (not recorded),,inferred: cloud container (2 vCPU) + laptop Windows; see PROTOCOL.md deviations,
protocol_A.jsonl:911,A,treelstm,TwoPhase@k=8,0.39,66367707,1,ok,ok,1.194001443694184,4160800,1,14,2.85,60,1200,eff53cc4804cc7d6246a6e5086861ce2b846f62b,4c09860,unknown (not recorded),,inferred: cloud container (2 vCPU) + laptop Windows; see PROTOCOL.md deviations,
protocol_A.jsonl:912,A,treelstm,TwoPhase@k=8,0.39,66367707,2,ok,ok,1.194001443694184,4160800,1,14,2.89,60,1200,eff53cc4804cc7d6246a6e5086861ce2b846f62b,4c09860,unknown (not recorded),,inferred: cloud container (2 vCPU) + laptop Windows; see PROTOCOL.md deviations,
protocol_A.jsonl:913,A,treelstm,DTR,0.38,64665971,0,ok,ok,1.1860737822407357,4160800,1,11,3.86,60,1200,eff53cc4804cc7d6246a6e5086861ce2b846f62b,4c09860,unknown (not recorded),,inferred: cloud container (2 vCPU) + laptop Windows; see PROTOCOL.md deviations,
protocol_A.jsonl:914,A,treelstm,NbhdPenalty@b=0.25,0.38,64665971,0,ok,ok,1.199811177429079,4160800,1,6,2.6,60,1200,eff53cc4804cc7d6246a6e5086861ce2b846f62b,4c09860,unknown (not recorded),,inferred: cloud container (2 vCPU) + laptop Windows; see PROTOCOL.md deviations,
protocol_A.jsonl:915,A,treelstm,TwoPhase@k=8,0.38,64665971,0,ok,ok,1.1981529027106879,4160800,1,12,2.56,60,1200,eff53cc4804cc7d6246a6e5086861ce2b846f62b,4c09860,unknown (not recorded),,inferred: cloud container (2 vCPU) + laptop Windows; see PROTOCOL.md deviations,
protocol_A.jsonl:916,A,treelstm,DTR,0.37,62964234,0,ok,ok,1.1911372852978797,4160800,1,11,4.41,60,1200,eff53cc4804cc7d6246a6e5086861ce2b846f62b,4c09860,unknown (not recorded),,inferred: cloud container (2 vCPU) + laptop Windows; see PROTOCOL.md deviations,
protocol_A.jsonl:917,A,treelstm,NbhdPenalty@b=0.25,0.37,62964234,0,ok,ok,1.2023474355223465,4160800,1,9,2.83,60,1200,eff53cc4804cc7d6246a6e5086861ce2b846f62b,4c09860,unknown (not recorded),,inferred: cloud container (2 vCPU) + laptop Windows; see PROTOCOL.md deviations,
protocol_A.jsonl:918,A,treelstm,TwoPhase@k=8,0.37,62964234,0,ok,ok,1.1988678862133413,4160800,1,14,3.27,60,1200,eff53cc4804cc7d6246a6e5086861ce2b846f62b,4c09860,unknown (not recorded),,inferred: cloud container (2 vCPU) + laptop Windows; see PROTOCOL.md deviations,
protocol_A.jsonl:919,A,treelstm,DTR,0.36,61262498,0,ok,ok,1.194878854411668,4160800,1,12,4.4,60,1200,eff53cc4804cc7d6246a6e5086861ce2b846f62b,4c09860,unknown (not recorded),,inferred: cloud container (2 vCPU) + laptop Windows; see PROTOCOL.md deviations,
protocol_A.jsonl:920,A,treelstm,NbhdPenalty@b=0.25,0.36,61262498,0,ok,ok,1.20752737891591,4160800,1,9,2.9,60,1200,eff53cc4804cc7d6246a6e5086861ce2b846f62b,4c09860,unknown (not recorded),,inferred: cloud container (2 vCPU) + laptop Windows; see PROTOCOL.md deviations,
protocol_A.jsonl:921,A,treelstm,TwoPhase@k=8,0.36,61262498,0,ok,ok,1.1999225136452638,4160800,1,14,4.11,60,1200,eff53cc4804cc7d6246a6e5086861ce2b846f62b,4c09860,unknown (not recorded),,inferred: cloud container (2 vCPU) + laptop Windows; see PROTOCOL.md deviations,
protocol_A.jsonl:922,A,treelstm,DTR,0.35,59560762,0,ok,ok,1.2034011251240466,4160800,1,12,4.92,60,1200,eff53cc4804cc7d6246a6e5086861ce2b846f62b,4c09860,unknown (not recorded),,inferred: cloud container (2 vCPU) + laptop Windows; see PROTOCOL.md deviations,
protocol_A.jsonl:923,A,treelstm,NbhdPenalty@b=0.25,0.35,59560762,0,ok,ok,1.2109251046128864,4160800,1,9,2.88,60,1200,eff53cc4804cc7d6246a6e5086861ce2b846f62b,4c09860,unknown (not recorded),,inferred: cloud container (2 vCPU) + laptop Windows; see PROTOCOL.md deviations,
protocol_A.jsonl:924,A,treelstm,TwoPhase@k=8,0.35,59560762,0,ok,ok,1.2068130012681788,4160800,1,17,3.16,60,1200,eff53cc4804cc7d6246a6e5086861ce2b846f62b,4c09860,unknown (not recorded),,inferred: cloud container (2 vCPU) + laptop Windows; see PROTOCOL.md deviations,
protocol_A.jsonl:925,A,treelstm,DTR,0.34,57859026,0,ok,ok,1.2082813114206177,4160800,1,12,4.56,60,1200,eff53cc4804cc7d6246a6e5086861ce2b846f62b,4c09860,unknown (not recorded),,inferred: cloud container (2 vCPU) + laptop Windows; see PROTOCOL.md deviations,
protocol_A.jsonl:926,A,treelstm,NbhdPenalty@b=0.25,0.34,57859026,0,ok,ok,1.2141343264352296,4160800,1,9,3.38,60,1200,eff53cc4804cc7d6246a6e5086861ce2b846f62b,4c09860,unknown (not recorded),,inferred: cloud container (2 vCPU) + laptop Windows; see PROTOCOL.md deviations,
protocol_A.jsonl:927,A,treelstm,TwoPhase@k=8,0.34,57859026,0,ok,ok,1.2121373622165565,4160800,1,14,3.66,60,1200,eff53cc4804cc7d6246a6e5086861ce2b846f62b,4c09860,unknown (not recorded),,inferred: cloud container (2 vCPU) + laptop Windows; see PROTOCOL.md deviations,
protocol_A.jsonl:928,A,treelstm,DTR,0.33,56157290,0,ok,ok,1.2130290478719337,4160800,1,12,4.38,60,1200,eff53cc4804cc7d6246a6e5086861ce2b846f62b,4c09860,unknown (not recorded),,inferred: cloud container (2 vCPU) + laptop Windows; see PROTOCOL.md deviations,
protocol_A.jsonl:929,A,treelstm,NbhdPenalty@b=0.25,0.33,56157290,0,ok,ok,1.2191579094625675,4160800,1,9,3.56,60,1200,eff53cc4804cc7d6246a6e5086861ce2b846f62b,4c09860,unknown (not recorded),,inferred: cloud container (2 vCPU) + laptop Windows; see PROTOCOL.md deviations,
protocol_A.jsonl:930,A,treelstm,TwoPhase@k=8,0.33,56157290,0,ok,ok,1.2135901525237276,4160800,1,14,4.43,60,1200,eff53cc4804cc7d6246a6e5086861ce2b846f62b,4c09860,unknown (not recorded),,inferred: cloud container (2 vCPU) + laptop Windows; see PROTOCOL.md deviations,
protocol_A.jsonl:931,A,treelstm,DTR,0.32,54455554,0,ok,ok,1.2199552477377293,4160800,1,12,4.66,60,1200,eff53cc4804cc7d6246a6e5086861ce2b846f62b,4c09860,unknown (not recorded),,inferred: cloud container (2 vCPU) + laptop Windows; see PROTOCOL.md deviations,
protocol_A.jsonl:932,A,treelstm,NbhdPenalty@b=0.25,0.32,54455554,0,ok,ok,1.2209034521879047,4160800,1,9,3.91,60,1200,eff53cc4804cc7d6246a6e5086861ce2b846f62b,4c09860,unknown (not recorded),,inferred: cloud container (2 vCPU) + laptop Windows; see PROTOCOL.md deviations,
protocol_A.jsonl:933,A,treelstm,TwoPhase@k=8,0.32,54455554,0,ok,ok,1.2268214430680786,4160800,1,18,3.48,60,1200,eff53cc4804cc7d6246a6e5086861ce2b846f62b,4c09860,unknown (not recorded),,inferred: cloud container (2 vCPU) + laptop Windows; see PROTOCOL.md deviations,
protocol_A.jsonl:934,A,treelstm,DTR,0.31,52753818,0,ok,ok,1.2230425848287354,4160800,1,12,4.54,60,1200,eff53cc4804cc7d6246a6e5086861ce2b846f62b,4c09860,unknown (not recorded),,inferred: cloud container (2 vCPU) + laptop Windows; see PROTOCOL.md deviations,
protocol_A.jsonl:935,A,treelstm,NbhdPenalty@b=0.25,0.31,52753818,0,ok,ok,1.225601516834982,4160800,1,9,4.26,60,1200,eff53cc4804cc7d6246a6e5086861ce2b846f62b,4c09860,unknown (not recorded),,inferred: cloud container (2 vCPU) + laptop Windows; see PROTOCOL.md deviations,
protocol_A.jsonl:936,A,treelstm,TwoPhase@k=8,0.31,52753818,0,ok,ok,1.23204310745745,4160800,1,16,5.04,60,1200,eff53cc4804cc7d6246a6e5086861ce2b846f62b,4c09860,unknown (not recorded),,inferred: cloud container (2 vCPU) + laptop Windows; see PROTOCOL.md deviations,
protocol_A.jsonl:937,A,treelstm,NbhdPenalty@b=0.25,0.3,51052082,0,ok,ok,1.2316355828787457,4160800,1,9,5.68,60,1200,eff53cc4804cc7d6246a6e5086861ce2b846f62b,4c09860,unknown (not recorded),,inferred: cloud container (2 vCPU) + laptop Windows; see PROTOCOL.md deviations,
protocol_A.jsonl:938,A,treelstm,DTR,0.3,51052082,0,ok,ok,1.4013691673890172,5600804,67,69,12.66,60,1200,eff53cc4804cc7d6246a6e5086861ce2b846f62b,4c09860,unknown (not recorded),,inferred: cloud container (2 vCPU) + laptop Windows; see PROTOCOL.md deviations,
protocol_A.jsonl:939,A,treelstm,TwoPhase@k=8,0.3,51052082,0,ok,ok,1.2415560837577666,4160800,1,17,5.18,60,1200,eff53cc4804cc7d6246a6e5086861ce2b846f62b,4c09860,unknown (not recorded),,inferred: cloud container (2 vCPU) + laptop Windows; see PROTOCOL.md deviations,
protocol_A.jsonl:940,A,treelstm,DTR,0.29,49350346,0,ok,ok,1.2594996889889403,4160800,1,18,4.83,60,1200,eff53cc4804cc7d6246a6e5086861ce2b846f62b,4c09860,unknown (not recorded),,inferred: cloud container (2 vCPU) + laptop Windows; see PROTOCOL.md deviations,
protocol_A.jsonl:941,A,treelstm,NbhdPenalty@b=0.25,0.29,49350346,0,ok,ok,1.2599247833603888,4160800,1,14,7.28,60,1200,eff53cc4804cc7d6246a6e5086861ce2b846f62b,4c09860,unknown (not recorded),,inferred: cloud container (2 vCPU) + laptop Windows; see PROTOCOL.md deviations,
protocol_A.jsonl:942,A,treelstm,TwoPhase@k=8,0.29,49350346,0,ok,ok,1.2567766034963042,4160800,1,28,6.37,60,1200,eff53cc4804cc7d6246a6e5086861ce2b846f62b,4c09860,unknown (not recorded),,inferred: cloud container (2 vCPU) + laptop Windows; see PROTOCOL.md deviations,
protocol_A.jsonl:943,A,treelstm,DTR,0.28,47648610,0,ok,ok,1.2802517803586348,4160800,1,18,6.19,60,1200,eff53cc4804cc7d6246a6e5086861ce2b846f62b,4c09860,unknown (not recorded),,inferred: cloud container (2 vCPU) + laptop Windows; see PROTOCOL.md deviations,
protocol_A.jsonl:944,A,treelstm,NbhdPenalty@b=0.25,0.28,47648610,0,ok,ok,1.2591371636621298,4160800,1,14,7.58,60,1200,eff53cc4804cc7d6246a6e5086861ce2b846f62b,4c09860,unknown (not recorded),,inferred: cloud container (2 vCPU) + laptop Windows; see PROTOCOL.md deviations,
protocol_A.jsonl:945,A,treelstm,TwoPhase@k=8,0.28,47648610,0,ok,ok,1.3060375966010775,4160800,1,26,4.14,60,1200,eff53cc4804cc7d6246a6e5086861ce2b846f62b,4c09860,unknown (not recorded),,inferred: cloud container (2 vCPU) + laptop Windows; see PROTOCOL.md deviations,
protocol_A.jsonl:946,A,treelstm,NbhdPenalty@b=0.25,0.27,45946874,0,ok,ok,1.2726164480548454,4160800,1,14,9.07,60,1200,eff53cc4804cc7d6246a6e5086861ce2b846f62b,4c09860,unknown (not recorded),,inferred: cloud container (2 vCPU) + laptop Windows; see PROTOCOL.md deviations,
protocol_A.jsonl:947,A,treelstm,DTR,0.27,45946874,0,ok,ok,1.4502516505562926,5600804,62,64,14.12,60,1200,eff53cc4804cc7d6246a6e5086861ce2b846f62b,4c09860,unknown (not recorded),,inferred: cloud container (2 vCPU) + laptop Windows; see PROTOCOL.md deviations,
protocol_A.jsonl:948,A,treelstm,TwoPhase@k=8,0.27,45946874,0,ok,ok,1.3229499620602028,4160800,1,29,5.21,60,1200,eff53cc4804cc7d6246a6e5086861ce2b846f62b,4c09860,unknown (not recorded),,inferred: cloud container (2 vCPU) + laptop Windows; see PROTOCOL.md deviations,
protocol_A.jsonl:949,A,treelstm,NbhdPenalty@b=0.25,0.26,44245138,0,ok,ok,1.3019595954190464,4160800,1,14,9.82,60,1200,eff53cc4804cc7d6246a6e5086861ce2b846f62b,4c09860,unknown (not recorded),,inferred: cloud container (2 vCPU) + laptop Windows; see PROTOCOL.md deviations,
protocol_A.jsonl:950,A,treelstm,DTR,0.26,44245138,0,ok,ok,1.5509339577301826,5600804,62,64,15.55,60,1200,eff53cc4804cc7d6246a6e5086861ce2b846f62b,4c09860,unknown (not recorded),,inferred: cloud container (2 vCPU) + laptop Windows; see PROTOCOL.md deviations,
protocol_A.jsonl:951,A,treelstm,TwoPhase@k=8,0.26,44245138,0,ok,ok,1.3197714064561825,4160800,1,29,6.33,60,1200,eff53cc4804cc7d6246a6e5086861ce2b846f62b,4c09860,unknown (not recorded),,inferred: cloud container (2 vCPU) + laptop Windows; see PROTOCOL.md deviations,
protocol_A.jsonl:952,A,treelstm,DTR,0.25,42543402,0,ok,ok,1.5663825693978595,5480804,61,61,15.42,60,1200,eff53cc4804cc7d6246a6e5086861ce2b846f62b,4c09860,unknown (not recorded),,inferred: cloud container (2 vCPU) + laptop Windows; see PROTOCOL.md deviations,
protocol_A.jsonl:953,A,treelstm,NbhdPenalty@b=0.25,0.25,42543402,0,ok,ok,1.5019074470790705,5240804,59,61,11.7,60,1200,eff53cc4804cc7d6246a6e5086861ce2b846f62b,4c09860,unknown (not recorded),,inferred: cloud container (2 vCPU) + laptop Windows; see PROTOCOL.md deviations,
protocol_A.jsonl:954,A,treelstm,TwoPhase@k=8,0.25,42543402,0,ok,ok,1.3352049713433942,4160800,1,29,5.84,60,1200,eff53cc4804cc7d6246a6e5086861ce2b846f62b,4c09860,unknown (not recorded),,inferred: cloud container (2 vCPU) + laptop Windows; see PROTOCOL.md deviations,
protocol_A.jsonl:955,A,treelstm,DTR,0.24,40841665,0,ok,ok,1.5990313857083902,5600804,62,62,8.81,60,1200,eff53cc4804cc7d6246a6e5086861ce2b846f62b,4c09860,unknown (not recorded),,inferred: cloud container (2 vCPU) + laptop Windows; see PROTOCOL.md deviations,
protocol_A.jsonl:956,A,treelstm,NbhdPenalty@b=0.25,0.24,40841665,0,ok,ok,1.4795019444291275,5360804,64,66,13.2,60,1200,eff53cc4804cc7d6246a6e5086861ce2b846f62b,4c09860,unknown (not recorded),,inferred: cloud container (2 vCPU) + laptop Windows; see PROTOCOL.md deviations,
protocol_A.jsonl:957,A,treelstm,DTR,0.23,39139929,0,ok,ok,1.6001998308718637,5480804,56,56,13.12,60,1200,eff53cc4804cc7d6246a6e5086861ce2b846f62b,4c09860,unknown (not recorded),,inferred: cloud container (2 vCPU) + laptop Windows; see PROTOCOL.md deviations,
protocol_A.jsonl:958,A,treelstm,NbhdPenalty@b=0.25,0.23,39139929,0,ok,ok,1.7332128971208878,5480804,73,75,26.84,60,1200,eff53cc4804cc7d6246a6e5086861ce2b846f62b,4c09860,unknown (not recorded),,inferred: cloud container (2 vCPU) + laptop Windows; see PROTOCOL.md deviations,
protocol_A.jsonl:959,A,treelstm,TwoPhase@k=8,0.23,39139929,0,ok,ok,1.3934480375495935,4160800,1,28,5.56,60,1200,eff53cc4804cc7d6246a6e5086861ce2b846f62b,4c09860,unknown (not recorded),,inferred: cloud container (2 vCPU) + laptop Windows; see PROTOCOL.md deviations,
protocol_A.jsonl:960,A,treelstm,DTR,0.22,37438193,0,ok,ok,1.6353735102234948,5360804,53,56,14.66,60,1200,eff53cc4804cc7d6246a6e5086861ce2b846f62b,4c09860,unknown (not recorded),,inferred: cloud container (2 vCPU) + laptop Windows; see PROTOCOL.md deviations,
protocol_A.jsonl:961,A,treelstm,NbhdPenalty@b=0.25,0.22,37438193,0,ok,ok,1.762875670303777,5600804,68,70,28.09,60,1200,eff53cc4804cc7d6246a6e5086861ce2b846f62b,4c09860,unknown (not recorded),,inferred: cloud container (2 vCPU) + laptop Windows; see PROTOCOL.md deviations,
protocol_A.jsonl:962,A,treelstm,TwoPhase@k=8,0.24,,0,timeout,timeout after 1200.0 s (20-min limit),,,,,1200.0,60,1200,eff53cc4804cc7d6246a6e5086861ce2b846f62b,4c09860,unknown (not recorded),,inferred: cloud container (2 vCPU) + laptop Windows; see PROTOCOL.md deviations,
protocol_A.jsonl:963,A,treelstm,DTR,0.21,35736457,0,ok,ok,1.5603832860661369,5360804,64,67,11.39,60,1200,eff53cc4804cc7d6246a6e5086861ce2b846f62b,4c09860,unknown (not recorded),,inferred: cloud container (2 vCPU) + laptop Windows; see PROTOCOL.md deviations,
protocol_A.jsonl:964,A,treelstm,NbhdPenalty@b=0.25,0.21,35736457,0,ok,ok,2.051226021299602,5360804,53,55,22.84,60,1200,eff53cc4804cc7d6246a6e5086861ce2b846f62b,4c09860,unknown (not recorded),,inferred: cloud container (2 vCPU) + laptop Windows; see PROTOCOL.md deviations,
protocol_A.jsonl:965,A,treelstm,TwoPhase@k=8,0.22,,0,timeout,timeout after 1200.0 s (20-min limit),,,,,1200.0,60,1200,eff53cc4804cc7d6246a6e5086861ce2b846f62b,4c09860,unknown (not recorded),,inferred: cloud container (2 vCPU) + laptop Windows; see PROTOCOL.md deviations,
protocol_A.jsonl:966,A,treelstm,DTR,0.2,34034721,0,ok,ok,1.5295188618904074,4160800,1,30,9.09,60,1200,eff53cc4804cc7d6246a6e5086861ce2b846f62b,4c09860,unknown (not recorded),,inferred: cloud container (2 vCPU) + laptop Windows; see PROTOCOL.md deviations,
protocol_A.jsonl:967,A,treelstm,NbhdPenalty@b=0.25,0.2,34034721,0,ok,ok,2.1500045497214844,5360804,53,56,23.76,60,1200,eff53cc4804cc7d6246a6e5086861ce2b846f62b,4c09860,unknown (not recorded),,inferred: cloud container (2 vCPU) + laptop Windows; see PROTOCOL.md deviations,
protocol_A.jsonl:968,A,treelstm,TwoPhase@k=8,0.21,,0,timeout,timeout after 1200.0 s (20-min limit),,,,,1200.0,60,1200,eff53cc4804cc7d6246a6e5086861ce2b846f62b,4c09860,unknown (not recorded),,inferred: cloud container (2 vCPU) + laptop Windows; see PROTOCOL.md deviations,
protocol_A.jsonl:969,A,treelstm,DTR,0.19,32332985,0,ok,ok,1.5435418388304405,4160800,1,30,9.32,60,1200,eff53cc4804cc7d6246a6e5086861ce2b846f62b,4c09860,unknown (not recorded),,inferred: cloud container (2 vCPU) + laptop Windows; see PROTOCOL.md deviations,
protocol_A.jsonl:970,A,treelstm,NbhdPenalty@b=0.25,0.19,32332985,0,ok,ok,2.3535578772211263,5240804,66,69,25.25,60,1200,eff53cc4804cc7d6246a6e5086861ce2b846f62b,4c09860,unknown (not recorded),,inferred: cloud container (2 vCPU) + laptop Windows; see PROTOCOL.md deviations,
protocol_A.jsonl:971,A,treelstm,TwoPhase@k=8,0.2,,0,timeout,timeout after 1200.0 s (20-min limit),,,,,1200.0,60,1200,eff53cc4804cc7d6246a6e5086861ce2b846f62b,4c09860,unknown (not recorded),,inferred: cloud container (2 vCPU) + laptop Windows; see PROTOCOL.md deviations,
protocol_A.jsonl:972,A,treelstm,DTR,0.18,30631249,0,ok,ok,1.8693191349268126,5000804,59,61,15.48,60,1200,eff53cc4804cc7d6246a6e5086861ce2b846f62b,4c09860,unknown (not recorded),,inferred: cloud container (2 vCPU) + laptop Windows; see PROTOCOL.md deviations,
protocol_A.jsonl:973,A,treelstm,NbhdPenalty@b=0.25,0.18,30631249,0,ok,ok,2.4151683597794262,5240804,66,69,29.43,60,1200,eff53cc4804cc7d6246a6e5086861ce2b846f62b,4c09860,unknown (not recorded),,inferred: cloud container (2 vCPU) + laptop Windows; see PROTOCOL.md deviations,
protocol_A.jsonl:974,A,treelstm,TwoPhase@k=8,0.19,32332985,0,ok,ok,17.74228346653787,7280804,83,166,851.11,60,1200,eff53cc4804cc7d6246a6e5086861ce2b846f62b,4c09860,unknown (not recorded),,inferred: cloud container (2 vCPU) + laptop Windows; see PROTOCOL.md deviations,
protocol_A.jsonl:975,A,treelstm,DTR,0.17,28929513,0,ok,ok,1.9156063347925085,5000804,59,61,12.16,60,1200,eff53cc4804cc7d6246a6e5086861ce2b846f62b,4c09860,unknown (not recorded),,inferred: cloud container (2 vCPU) + laptop Windows; see PROTOCOL.md deviations,
protocol_A.jsonl:976,A,treelstm,DTR,0.17,28929513,1,ok,ok,1.9156063347925085,5000804,59,61,12.58,60,1200,eff53cc4804cc7d6246a6e5086861ce2b846f62b,4c09860,unknown (not recorded),,inferred: cloud container (2 vCPU) + laptop Windows; see PROTOCOL.md deviations,
protocol_A.jsonl:977,A,treelstm,DTR,0.17,28929513,2,ok,ok,1.9156063347925085,5000804,59,61,12.01,60,1200,eff53cc4804cc7d6246a6e5086861ce2b846f62b,4c09860,unknown (not recorded),,inferred: cloud container (2 vCPU) + laptop Windows; see PROTOCOL.md deviations,
protocol_A.jsonl:978,A,treelstm,NbhdPenalty@b=0.25,0.17,28929513,0,ok,ok,2.4278930726149826,5360804,70,70,30.23,60,1200,eff53cc4804cc7d6246a6e5086861ce2b846f62b,4c09860,unknown (not recorded),,inferred: cloud container (2 vCPU) + laptop Windows; see PROTOCOL.md deviations,
protocol_A.jsonl:979,A,treelstm,NbhdPenalty@b=0.25,0.17,28929513,1,ok,ok,2.4278930726149826,5360804,70,70,30.52,60,1200,eff53cc4804cc7d6246a6e5086861ce2b846f62b,4c09860,unknown (not recorded),,inferred: cloud container (2 vCPU) + laptop Windows; see PROTOCOL.md deviations,
protocol_A.jsonl:980,A,treelstm,NbhdPenalty@b=0.25,0.17,28929513,2,ok,ok,2.4278930726149826,5360804,70,70,30.79,60,1200,eff53cc4804cc7d6246a6e5086861ce2b846f62b,4c09860,unknown (not recorded),,inferred: cloud container (2 vCPU) + laptop Windows; see PROTOCOL.md deviations,
protocol_A.jsonl:981,A,treelstm,TwoPhase@k=8,0.17,28929513,0,ok,ok,1.6724687124069095,4640800,35,37,16.94,60,1200,eff53cc4804cc7d6246a6e5086861ce2b846f62b,4c09860,unknown (not recorded),,inferred: cloud container (2 vCPU) + laptop Windows; see PROTOCOL.md deviations,
protocol_A.jsonl:982,A,treelstm,TwoPhase@k=8,0.17,28929513,1,ok,ok,1.6724687124069095,4640800,35,37,17.82,60,1200,eff53cc4804cc7d6246a6e5086861ce2b846f62b,4c09860,unknown (not recorded),,inferred: cloud container (2 vCPU) + laptop Windows; see PROTOCOL.md deviations,
protocol_A.jsonl:983,A,treelstm,TwoPhase@k=8,0.17,28929513,2,ok,ok,1.6724687124069095,4640800,35,37,17.46,60,1200,eff53cc4804cc7d6246a6e5086861ce2b846f62b,4c09860,unknown (not recorded),,inferred: cloud container (2 vCPU) + laptop Windows; see PROTOCOL.md deviations,
protocol_A.jsonl:984,A,treelstm,DTR,0.16,27227777,0,ok,ok,1.9123559895298974,5000804,59,61,12.37,60,1200,eff53cc4804cc7d6246a6e5086861ce2b846f62b,4c09860,unknown (not recorded),,inferred: cloud container (2 vCPU) + laptop Windows; see PROTOCOL.md deviations,
protocol_A.jsonl:985,A,treelstm,NbhdPenalty@b=0.25,0.16,27227777,0,ok,ok,2.1651479018015736,5600804,65,67,27.82,60,1200,eff53cc4804cc7d6246a6e5086861ce2b846f62b,4c09860,unknown (not recorded),,inferred: cloud container (2 vCPU) + laptop Windows; see PROTOCOL.md deviations,
protocol_A.jsonl:986,A,treelstm,TwoPhase@k=8,0.18,,0,timeout,timeout after 1200.0 s (20-min limit),,,,,1200.0,60,1200,eff53cc4804cc7d6246a6e5086861ce2b846f62b,4c09860,unknown (not recorded),,inferred: cloud container (2 vCPU) + laptop Windows; see PROTOCOL.md deviations,
protocol_A.jsonl:987,A,treelstm,DTR,0.15,25526041,0,ok,ok,1.8973147530520398,5480800,46,51,8.87,60,1200,eff53cc4804cc7d6246a6e5086861ce2b846f62b,4c09860,unknown (not recorded),,inferred: cloud container (2 vCPU) + laptop Windows; see PROTOCOL.md deviations,
protocol_A.jsonl:988,A,treelstm,NbhdPenalty@b=0.25,0.15,25526041,0,ok,ok,2.363624563423433,4880804,64,66,28.59,60,1200,eff53cc4804cc7d6246a6e5086861ce2b846f62b,4c09860,unknown (not recorded),,inferred: cloud container (2 vCPU) + laptop Windows; see PROTOCOL.md deviations,
protocol_A.jsonl:989,A,treelstm,TwoPhase@k=8,0.16,,0,timeout,timeout after 1200.0 s (20-min limit),,,,,1200.0,60,1200,eff53cc4804cc7d6246a6e5086861ce2b846f62b,4c09860,unknown (not recorded),,inferred: cloud container (2 vCPU) + laptop Windows; see PROTOCOL.md deviations,
protocol_A.jsonl:990,A,treelstm,DTR,0.14,23824305,0,ok,ok,1.9227625852417127,5000800,42,51,13.42,60,1200,eff53cc4804cc7d6246a6e5086861ce2b846f62b,4c09860,unknown (not recorded),,inferred: cloud container (2 vCPU) + laptop Windows; see PROTOCOL.md deviations,
protocol_A.jsonl:991,A,treelstm,NbhdPenalty@b=0.25,0.14,23824305,0,ok,ok,2.5546101360092845,4400800,32,47,31.51,60,1200,eff53cc4804cc7d6246a6e5086861ce2b846f62b,4c09860,unknown (not recorded),,inferred: cloud container (2 vCPU) + laptop Windows; see PROTOCOL.md deviations,
protocol_A.jsonl:992,A,treelstm,TwoPhase@k=8,0.15,,0,timeout,timeout after 1200.0 s (20-min limit),,,,,1200.0,60,1200,eff53cc4804cc7d6246a6e5086861ce2b846f62b,4c09860,unknown (not recorded),,inferred: cloud container (2 vCPU) + laptop Windows; see PROTOCOL.md deviations,
protocol_A.jsonl:993,A,treelstm,DTR,0.13,22122569,0,ok,ok,2.094751111976165,5000800,42,47,15.21,60,1200,eff53cc4804cc7d6246a6e5086861ce2b846f62b,4c09860,unknown (not recorded),,inferred: cloud container (2 vCPU) + laptop Windows; see PROTOCOL.md deviations,
protocol_A.jsonl:994,A,treelstm,NbhdPenalty@b=0.25,0.13,22122569,0,ok,ok,2.7154619039586825,4520800,32,42,31.06,60,1200,eff53cc4804cc7d6246a6e5086861ce2b846f62b,4c09860,unknown (not recorded),,inferred: cloud container (2 vCPU) + laptop Windows; see PROTOCOL.md deviations,
protocol_A.jsonl:995,A,treelstm,TwoPhase@k=8,0.14,,0,timeout,timeout after 1200.0 s (20-min limit),,,,,1200.0,60,1200,eff53cc4804cc7d6246a6e5086861ce2b846f62b,4c09860,unknown (not recorded),,inferred: cloud container (2 vCPU) + laptop Windows; see PROTOCOL.md deviations,
protocol_A.jsonl:996,A,treelstm,DTR,0.12,20420832,0,ok,ok,2.0987502275275713,4880804,59,59,14.94,60,1200,eff53cc4804cc7d6246a6e5086861ce2b846f62b,4c09860,unknown (not recorded),,inferred: cloud container (2 vCPU) + laptop Windows; see PROTOCOL.md deviations,
protocol_A.jsonl:997,A,treelstm,NbhdPenalty@b=0.25,0.12,20420832,0,ok,ok,2.9387301572968685,5120800,41,43,41.97,60,1200,eff53cc4804cc7d6246a6e5086861ce2b846f62b,4c09860,unknown (not recorded),,inferred: cloud container (2 vCPU) + laptop Windows; see PROTOCOL.md deviations,
protocol_A.jsonl:998,A,treelstm,TwoPhase@k=8,0.13,,0,timeout,timeout after 1200.0 s (20-min limit),,,,,1200.0,60,1200,eff53cc4804cc7d6246a6e5086861ce2b846f62b,4c09860,unknown (not recorded),,inferred: cloud container (2 vCPU) + laptop Windows; see PROTOCOL.md deviations,
protocol_A.jsonl:999,A,treelstm,DTR,0.11,18719096,0,ok,ok,2.626903957188731,6200800,38,59,17.81,60,1200,eff53cc4804cc7d6246a6e5086861ce2b846f62b,4c09860,unknown (not recorded),,inferred: cloud container (2 vCPU) + laptop Windows; see PROTOCOL.md deviations,
protocol_A.jsonl:1000,A,treelstm,NbhdPenalty@b=0.25,0.11,18719096,0,ok,ok,4.345646266773426,6560800,48,55,59.74,60,1200,eff53cc4804cc7d6246a6e5086861ce2b846f62b,4c09860,unknown (not recorded),,inferred: cloud container (2 vCPU) + laptop Windows; see PROTOCOL.md deviations,
protocol_A.jsonl:1001,A,treelstm,TwoPhase@k=8,0.12,,0,timeout,timeout after 1200.0 s (20-min limit),,,,,1200.0,60,1200,eff53cc4804cc7d6246a6e5086861ce2b846f62b,4c09860,unknown (not recorded),,inferred: cloud container (2 vCPU) + laptop Windows; see PROTOCOL.md deviations,
protocol_A.jsonl:1002,A,treelstm,TwoPhase@k=8,0.11,,0,timeout,timeout after 1200.0 s (20-min limit),,,,,1200.0,60,1200,eff53cc4804cc7d6246a6e5086861ce2b846f62b,9e3dcfe,unknown (not recorded),,inferred: cloud container (2 vCPU) + laptop Windows; see PROTOCOL.md deviations,
protocol_A.jsonl:1003,A,treelstm,NbhdPenalty@b=0.25,0.1,17017360,0,ok,ok,3.6216637934757756,5480800,26,44,39.64,60,1200,eff53cc4804cc7d6246a6e5086861ce2b846f62b,9e3dcfe,unknown (not recorded),,inferred: cloud container (2 vCPU) + laptop Windows; see PROTOCOL.md deviations,
protocol_A.jsonl:1004,A,treelstm,DTR,0.1,,0,timeout,timeout after 1197.6 s (20-min limit),,,,,1197.6,60,1200,eff53cc4804cc7d6246a6e5086861ce2b846f62b,9e3dcfe,unknown (not recorded),,inferred: cloud container (2 vCPU) + laptop Windows; see PROTOCOL.md deviations,
protocol_A.jsonl:1005,A,treelstm,TwoPhase@k=8,0.1,,0,timeout,timeout after 1197.6 s (20-min limit),,,,,1197.6,60,1200,eff53cc4804cc7d6246a6e5086861ce2b846f62b,9e3dcfe,unknown (not recorded),,inferred: cloud container (2 vCPU) + laptop Windows; see PROTOCOL.md deviations,
protocol_A.jsonl:1006,A,treelstm,NbhdPenalty@b=0.25,0.09,15315624,0,ok,ok,4.445499299648309,6800800,57,65,63.79,60,1200,eff53cc4804cc7d6246a6e5086861ce2b846f62b,9e3dcfe,unknown (not recorded),,inferred: cloud container (2 vCPU) + laptop Windows; see PROTOCOL.md deviations,
protocol_A.jsonl:1007,A,treelstm,DTR,0.09,,0,timeout,timeout after 1200.0 s (20-min limit),,,,,1200.0,60,1200,eff53cc4804cc7d6246a6e5086861ce2b846f62b,9e3dcfe,unknown (not recorded),,inferred: cloud container (2 vCPU) + laptop Windows; see PROTOCOL.md deviations,
protocol_A.jsonl:1008,A,treelstm,TwoPhase@k=8,0.09,,0,timeout,timeout after 1200.0 s (20-min limit),,,,,1200.0,60,1200,eff53cc4804cc7d6246a6e5086861ce2b846f62b,9e3dcfe,unknown (not recorded),,inferred: cloud container (2 vCPU) + laptop Windows; see PROTOCOL.md deviations,
protocol_A.jsonl:1009,A,treelstm,NbhdPenalty@b=0.25,0.08,13613888,0,ok,ok,4.124715891388703,5720800,24,49,51.89,60,1200,eff53cc4804cc7d6246a6e5086861ce2b846f62b,9e3dcfe,unknown (not recorded),,inferred: cloud container (2 vCPU) + laptop Windows; see PROTOCOL.md deviations,
protocol_A.jsonl:1010,A,treelstm,DTR,0.08,,0,timeout,timeout after 1200.0 s (20-min limit),,,,,1200.0,60,1200,eff53cc4804cc7d6246a6e5086861ce2b846f62b,9e3dcfe,unknown (not recorded),,inferred: cloud container (2 vCPU) + laptop Windows; see PROTOCOL.md deviations,
protocol_A.jsonl:1011,A,treelstm,TwoPhase@k=8,0.08,,0,timeout,timeout after 1200.0 s (20-min limit),,,,,1200.0,60,1200,eff53cc4804cc7d6246a6e5086861ce2b846f62b,9e3dcfe,unknown (not recorded),,inferred: cloud container (2 vCPU) + laptop Windows; see PROTOCOL.md deviations,
protocol_A.jsonl:1012,A,treelstm,NbhdPenalty@b=0.25,0.07,11912152,0,ok,ok,4.7397148242541025,5480800,26,49,76.64,60,1200,eff53cc4804cc7d6246a6e5086861ce2b846f62b,9e3dcfe,unknown (not recorded),,inferred: cloud container (2 vCPU) + laptop Windows; see PROTOCOL.md deviations,
protocol_A.jsonl:1013,A,treelstm,TwoPhase@k=8,0.07,,0,error,error: process died / bad script (),,,,,,60,1200,eff53cc4804cc7d6246a6e5086861ce2b846f62b,9e3dcfe,unknown (not recorded),,inferred: cloud container (2 vCPU) + laptop Windows; see PROTOCOL.md deviations,interrupted (host sleep/kill); rerun
protocol_A.jsonl:1014,A,treelstm,NbhdPenalty@b=0.25,0.06,,0,error,error: process died / bad script (~~~~~~~~~~~~~~~~^^^^^^^^^^^^^^^^^^^ ValueError: size not valid: 536870912 bytes ),,,,,,60,1200,eff53cc4804cc7d6246a6e5086861ce2b846f62b,9e3dcfe,unknown (not recorded),,inferred: cloud container (2 vCPU) + laptop Windows; see PROTOCOL.md deviations,interrupted (host sleep/kill); rerun
protocol_A.jsonl:1015,A,treelstm,TwoPhase@k=8,0.06,,0,error,error: process died / bad script (~~~~~~~~~~~~~~~~^^^^^^^^^^^^^^^^^^^ ValueError: size not valid: 536870912 bytes ),,,,,,60,1200,eff53cc4804cc7d6246a6e5086861ce2b846f62b,9e3dcfe,unknown (not recorded),,inferred: cloud container (2 vCPU) + laptop Windows; see PROTOCOL.md deviations,interrupted (host sleep/kill); rerun
protocol_A.jsonl:1016,A,treelstm,DTR,0.07,,0,error,error: process died / bad script (~~~~~~~~~~~~~~~~^^^^^^^^^^^^^^^^^^^ ValueError: size not valid: 536870912 bytes ),,,,,,60,1200,eff53cc4804cc7d6246a6e5086861ce2b846f62b,9e3dcfe,unknown (not recorded),,inferred: cloud container (2 vCPU) + laptop Windows; see PROTOCOL.md deviations,interrupted (host sleep/kill); rerun
protocol_A.jsonl:1017,A,treelstm,DTR,0.06,,0,error,error: process died / bad script (~~~~~~~~~~~~~~~~^^^^^^^^^^^^^^^^^^^ ValueError: size not valid: 536870912 bytes ),,,,,,60,1200,eff53cc4804cc7d6246a6e5086861ce2b846f62b,9e3dcfe,unknown (not recorded),,inferred: cloud container (2 vCPU) + laptop Windows; see PROTOCOL.md deviations,interrupted (host sleep/kill); rerun
protocol_A.jsonl:1018,A,unrollgan,DTR,0.6,,0,error,error: process died / bad script (~~~~~~~~~~~~~~~~^^^^^^^^^^^^^^^^^^^ ValueError: size not valid: 536870912 bytes ),,,,,,60,1200,eff53cc4804cc7d6246a6e5086861ce2b846f62b,9e3dcfe,unknown (not recorded),,inferred: cloud container (2 vCPU) + laptop Windows; see PROTOCOL.md deviations,interrupted (host sleep/kill); rerun
protocol_A.jsonl:1019,A,treelstm,DTR,0.05,,0,error,error: process died / bad script (~~~~~~~~~~~~~~~~^^^^^^^^^^^^^^^^^^^ ValueError: size not valid: 536870912 bytes ),,,,,,60,1200,eff53cc4804cc7d6246a6e5086861ce2b846f62b,9e3dcfe,unknown (not recorded),,inferred: cloud container (2 vCPU) + laptop Windows; see PROTOCOL.md deviations,interrupted (host sleep/kill); rerun
protocol_A.jsonl:1020,A,treelstm,NbhdPenalty@b=0.25,0.05,,0,error,error: process died / bad script (~~~~~~~~~~~~~~~~^^^^^^^^^^^^^^^^^^^ ValueError: size not valid: 536870912 bytes ),,,,,,60,1200,eff53cc4804cc7d6246a6e5086861ce2b846f62b,9e3dcfe,unknown (not recorded),,inferred: cloud container (2 vCPU) + laptop Windows; see PROTOCOL.md deviations,interrupted (host sleep/kill); rerun
protocol_A.jsonl:1021,A,treelstm,TwoPhase@k=8,0.05,,0,error,error: process died / bad script (~~~~~~~~~~~~~~~~^^^^^^^^^^^^^^^^^^^ ValueError: size not valid: 536870912 bytes ),,,,,,60,1200,eff53cc4804cc7d6246a6e5086861ce2b846f62b,9e3dcfe,unknown (not recorded),,inferred: cloud container (2 vCPU) + laptop Windows; see PROTOCOL.md deviations,interrupted (host sleep/kill); rerun
protocol_A.jsonl:1022,A,unrollgan,DTR,0.59,,0,error,error: process died / bad script (~~~~~~~~~~~~~~~~^^^^^^^^^^^^^^^^^^^ ValueError: size not valid: 536870912 bytes ),,,,,,60,1200,eff53cc4804cc7d6246a6e5086861ce2b846f62b,9e3dcfe,unknown (not recorded),,inferred: cloud container (2 vCPU) + laptop Windows; see PROTOCOL.md deviations,interrupted (host sleep/kill); rerun
protocol_A.jsonl:1023,A,unrollgan,TwoPhase@k=8,0.6,,0,error,error: process died / bad script (~~~~~~~~~~~~~~~~^^^^^^^^^^^^^^^^^^^ ValueError: size not valid: 536870912 bytes ),,,,,,60,1200,eff53cc4804cc7d6246a6e5086861ce2b846f62b,9e3dcfe,unknown (not recorded),,inferred: cloud container (2 vCPU) + laptop Windows; see PROTOCOL.md deviations,interrupted (host sleep/kill); rerun
protocol_A.jsonl:1024,A,unrollgan,NbhdPenalty@b=0.25,0.6,,0,error,error: process died / bad script (~~~~~~~~~~~~~~~~^^^^^^^^^^^^^^^^^^^ ValueError: size not valid: 536870912 bytes ),,,,,,60,1200,eff53cc4804cc7d6246a6e5086861ce2b846f62b,9e3dcfe,unknown (not recorded),,inferred: cloud container (2 vCPU) + laptop Windows; see PROTOCOL.md deviations,interrupted (host sleep/kill); rerun
protocol_A.jsonl:1025,A,unrollgan,NbhdPenalty@b=0.25,0.59,,0,error,error: process died / bad script (~~~~~~~~~~~~~~~~^^^^^^^^^^^^^^^^^^^ ValueError: size not valid: 536870912 bytes ),,,,,,60,1200,eff53cc4804cc7d6246a6e5086861ce2b846f62b,9e3dcfe,unknown (not recorded),,inferred: cloud container (2 vCPU) + laptop Windows; see PROTOCOL.md deviations,interrupted (host sleep/kill); rerun
protocol_A.jsonl:1026,A,unrollgan,NbhdPenalty@b=0.25,0.58,,0,error,error: process died / bad script (~~~~~~~~~~~~~~~~^^^^^^^^^^^^^^^^^^^ ValueError: size not valid: 536870912 bytes ),,,,,,60,1200,eff53cc4804cc7d6246a6e5086861ce2b846f62b,9e3dcfe,unknown (not recorded),,inferred: cloud container (2 vCPU) + laptop Windows; see PROTOCOL.md deviations,interrupted (host sleep/kill); rerun
protocol_A.jsonl:1027,A,unrollgan,TwoPhase@k=8,0.59,,0,error,error: process died / bad script (~~~~~~~~~~~~~~~~^^^^^^^^^^^^^^^^^^^ ValueError: size not valid: 536870912 bytes ),,,,,,60,1200,eff53cc4804cc7d6246a6e5086861ce2b846f62b,9e3dcfe,unknown (not recorded),,inferred: cloud container (2 vCPU) + laptop Windows; see PROTOCOL.md deviations,interrupted (host sleep/kill); rerun
protocol_A.jsonl:1028,A,unrollgan,DTR,0.58,,0,error,error: process died / bad script (~~~~~~~~~~~~~~~~^^^^^^^^^^^^^^^^^^^ ValueError: size not valid: 536870912 bytes ),,,,,,60,1200,eff53cc4804cc7d6246a6e5086861ce2b846f62b,9e3dcfe,unknown (not recorded),,inferred: cloud container (2 vCPU) + laptop Windows; see PROTOCOL.md deviations,interrupted (host sleep/kill); rerun
protocol_A.jsonl:1029,A,unrollgan,TwoPhase@k=8,0.58,,0,error,error: process died / bad script (~~~~~~~~~~~~~~~~^^^^^^^^^^^^^^^^^^^ ValueError: size not valid: 536870912 bytes ),,,,,,60,1200,eff53cc4804cc7d6246a6e5086861ce2b846f62b,9e3dcfe,unknown (not recorded),,inferred: cloud container (2 vCPU) + laptop Windows; see PROTOCOL.md deviations,interrupted (host sleep/kill); rerun
protocol_A.jsonl:1030,A,unrollgan,TwoPhase@k=8,0.57,,0,error,error: process died / bad script (~~~~~~~~~~~~~~~~^^^^^^^^^^^^^^^^^^^ ValueError: size not valid: 536870912 bytes ),,,,,,60,1200,eff53cc4804cc7d6246a6e5086861ce2b846f62b,9e3dcfe,unknown (not recorded),,inferred: cloud container (2 vCPU) + laptop Windows; see PROTOCOL.md deviations,interrupted (host sleep/kill); rerun
protocol_A.jsonl:1031,A,unrollgan,NbhdPenalty@b=0.25,0.57,,0,error,error: process died / bad script (~~~~~~~~~~~~~~~~^^^^^^^^^^^^^^^^^^^ ValueError: size not valid: 536870912 bytes ),,,,,,60,1200,eff53cc4804cc7d6246a6e5086861ce2b846f62b,9e3dcfe,unknown (not recorded),,inferred: cloud container (2 vCPU) + laptop Windows; see PROTOCOL.md deviations,interrupted (host sleep/kill); rerun
protocol_A.jsonl:1032,A,unrollgan,DTR,0.57,,0,error,error: process died / bad script (~~~~~~~~~~~~~~~~^^^^^^^^^^^^^^^^^^^ ValueError: size not valid: 536870912 bytes ),,,,,,60,1200,eff53cc4804cc7d6246a6e5086861ce2b846f62b,9e3dcfe,unknown (not recorded),,inferred: cloud container (2 vCPU) + laptop Windows; see PROTOCOL.md deviations,interrupted (host sleep/kill); rerun
protocol_A.jsonl:1033,A,unrollgan,DTR,0.56,,0,error,error: process died / bad script (~~~~~~~~~~~~~~~~^^^^^^^^^^^^^^^^^^^ ValueError: size not valid: 536870912 bytes ),,,,,,60,1200,eff53cc4804cc7d6246a6e5086861ce2b846f62b,9e3dcfe,unknown (not recorded),,inferred: cloud container (2 vCPU) + laptop Windows; see PROTOCOL.md deviations,interrupted (host sleep/kill); rerun
protocol_A.jsonl:1034,A,unrollgan,TwoPhase@k=8,0.56,,0,error,error: process died / bad script (~~~~~~~~~~~~~~~~^^^^^^^^^^^^^^^^^^^ ValueError: size not valid: 536870912 bytes ),,,,,,60,1200,eff53cc4804cc7d6246a6e5086861ce2b846f62b,9e3dcfe,unknown (not recorded),,inferred: cloud container (2 vCPU) + laptop Windows; see PROTOCOL.md deviations,interrupted (host sleep/kill); rerun
protocol_A.jsonl:1035,A,unrollgan,NbhdPenalty@b=0.25,0.56,,0,error,error: process died / bad script (~~~~~~~~~~~~~~~~^^^^^^^^^^^^^^^^^^^ ValueError: size not valid: 536870912 bytes ),,,,,,60,1200,eff53cc4804cc7d6246a6e5086861ce2b846f62b,9e3dcfe,unknown (not recorded),,inferred: cloud container (2 vCPU) + laptop Windows; see PROTOCOL.md deviations,interrupted (host sleep/kill); rerun
protocol_A.jsonl:1036,A,unrollgan,DTR,0.55,,0,error,error: process died / bad script (~~~~~~~~~~~~~~~~^^^^^^^^^^^^^^^^^^^ ValueError: size not valid: 536870912 bytes ),,,,,,60,1200,eff53cc4804cc7d6246a6e5086861ce2b846f62b,9e3dcfe,unknown (not recorded),,inferred: cloud container (2 vCPU) + laptop Windows; see PROTOCOL.md deviations,interrupted (host sleep/kill); rerun
protocol_A.jsonl:1037,A,unrollgan,DTR,0.55,,1,error,error: process died / bad script (~~~~~~~~~~~~~~~~^^^^^^^^^^^^^^^^^^^ ValueError: size not valid: 536870912 bytes ),,,,,,60,1200,eff53cc4804cc7d6246a6e5086861ce2b846f62b,9e3dcfe,unknown (not recorded),,inferred: cloud container (2 vCPU) + laptop Windows; see PROTOCOL.md deviations,interrupted (host sleep/kill); rerun
protocol_A.jsonl:1038,A,unrollgan,NbhdPenalty@b=0.25,0.55,,1,error,error: process died / bad script (~~~~~~~~~~~~~~~~^^^^^^^^^^^^^^^^^^^ ValueError: size not valid: 536870912 bytes ),,,,,,60,1200,eff53cc4804cc7d6246a6e5086861ce2b846f62b,9e3dcfe,unknown (not recorded),,inferred: cloud container (2 vCPU) + laptop Windows; see PROTOCOL.md deviations,interrupted (host sleep/kill); rerun
protocol_A.jsonl:1039,A,unrollgan,DTR,0.55,,2,error,error: process died / bad script (~~~~~~~~~~~~~~~~^^^^^^^^^^^^^^^^^^^ ValueError: size not valid: 536870912 bytes ),,,,,,60,1200,eff53cc4804cc7d6246a6e5086861ce2b846f62b,9e3dcfe,unknown (not recorded),,inferred: cloud container (2 vCPU) + laptop Windows; see PROTOCOL.md deviations,interrupted (host sleep/kill); rerun
protocol_A.jsonl:1040,A,unrollgan,NbhdPenalty@b=0.25,0.55,,0,error,error: process died / bad script (~~~~~~~~~~~~~~~~^^^^^^^^^^^^^^^^^^^ ValueError: size not valid: 536870912 bytes ),,,,,,60,1200,eff53cc4804cc7d6246a6e5086861ce2b846f62b,9e3dcfe,unknown (not recorded),,inferred: cloud container (2 vCPU) + laptop Windows; see PROTOCOL.md deviations,interrupted (host sleep/kill); rerun
protocol_A.jsonl:1041,A,unrollgan,NbhdPenalty@b=0.25,0.55,,2,error,error: process died / bad script (~~~~~~~~~~~~~~~~^^^^^^^^^^^^^^^^^^^ ValueError: size not valid: 536870912 bytes ),,,,,,60,1200,eff53cc4804cc7d6246a6e5086861ce2b846f62b,9e3dcfe,unknown (not recorded),,inferred: cloud container (2 vCPU) + laptop Windows; see PROTOCOL.md deviations,interrupted (host sleep/kill); rerun
protocol_A.jsonl:1042,A,unrollgan,TwoPhase@k=8,0.55,,2,error,error: process died / bad script (~~~~~~~~~~~~~~~~^^^^^^^^^^^^^^^^^^^ ValueError: size not valid: 536870912 bytes ),,,,,,60,1200,eff53cc4804cc7d6246a6e5086861ce2b846f62b,9e3dcfe,unknown (not recorded),,inferred: cloud container (2 vCPU) + laptop Windows; see PROTOCOL.md deviations,interrupted (host sleep/kill); rerun
protocol_A.jsonl:1043,A,unrollgan,TwoPhase@k=8,0.55,,0,error,error: process died / bad script (~~~~~~~~~~~~~~~~^^^^^^^^^^^^^^^^^^^ ValueError: size not valid: 536870912 bytes ),,,,,,60,1200,eff53cc4804cc7d6246a6e5086861ce2b846f62b,9e3dcfe,unknown (not recorded),,inferred: cloud container (2 vCPU) + laptop Windows; see PROTOCOL.md deviations,interrupted (host sleep/kill); rerun
protocol_A.jsonl:1044,A,unrollgan,TwoPhase@k=8,0.55,,1,error,error: process died / bad script (~~~~~~~~~~~~~~~~^^^^^^^^^^^^^^^^^^^ ValueError: size not valid: 536870912 bytes ),,,,,,60,1200,eff53cc4804cc7d6246a6e5086861ce2b846f62b,9e3dcfe,unknown (not recorded),,inferred: cloud container (2 vCPU) + laptop Windows; see PROTOCOL.md deviations,interrupted (host sleep/kill); rerun
protocol_A.jsonl:1045,A,unrollgan,DTR,0.54,,0,error,error: process died / bad script (~~~~~~~~~~~~~~~~^^^^^^^^^^^^^^^^^^^ ValueError: size not valid: 536870912 bytes ),,,,,,60,1200,eff53cc4804cc7d6246a6e5086861ce2b846f62b,9e3dcfe,unknown (not recorded),,inferred: cloud container (2 vCPU) + laptop Windows; see PROTOCOL.md deviations,interrupted (host sleep/kill); rerun
protocol_A.jsonl:1046,A,unrollgan,DTR,0.54,,1,error,error: process died / bad script (~~~~~~~~~~~~~~~~^^^^^^^^^^^^^^^^^^^ ValueError: size not valid: 536870912 bytes ),,,,,,60,1200,eff53cc4804cc7d6246a6e5086861ce2b846f62b,9e3dcfe,unknown (not recorded),,inferred: cloud container (2 vCPU) + laptop Windows; see PROTOCOL.md deviations,interrupted (host sleep/kill); rerun
protocol_A.jsonl:1047,A,unrollgan,NbhdPenalty@b=0.25,0.54,,0,error,error: process died / bad script (~~~~~~~~~~~~~~~~^^^^^^^^^^^^^^^^^^^ ValueError: size not valid: 536870912 bytes ),,,,,,60,1200,eff53cc4804cc7d6246a6e5086861ce2b846f62b,9e3dcfe,unknown (not recorded),,inferred: cloud container (2 vCPU) + laptop Windows; see PROTOCOL.md deviations,interrupted (host sleep/kill); rerun
protocol_A.jsonl:1048,A,unrollgan,NbhdPenalty@b=0.25,0.54,,1,error,error: process died / bad script (~~~~~~~~~~~~~~~~^^^^^^^^^^^^^^^^^^^ ValueError: size not valid: 536870912 bytes ),,,,,,60,1200,eff53cc4804cc7d6246a6e5086861ce2b846f62b,9e3dcfe,unknown (not recorded),,inferred: cloud container (2 vCPU) + laptop Windows; see PROTOCOL.md deviations,interrupted (host sleep/kill); rerun
protocol_A.jsonl:1049,A,unrollgan,DTR,0.54,,2,error,error: process died / bad script (~~~~~~~~~~~~~~~~^^^^^^^^^^^^^^^^^^^ ValueError: size not valid: 536870912 bytes ),,,,,,60,1200,eff53cc4804cc7d6246a6e5086861ce2b846f62b,9e3dcfe,unknown (not recorded),,inferred: cloud container (2 vCPU) + laptop Windows; see PROTOCOL.md deviations,interrupted (host sleep/kill); rerun
protocol_A.jsonl:1050,A,unrollgan,TwoPhase@k=8,0.54,,2,error,error: process died / bad script (~~~~~~~~~~~~~~~~^^^^^^^^^^^^^^^^^^^ ValueError: size not valid: 536870912 bytes ),,,,,,60,1200,eff53cc4804cc7d6246a6e5086861ce2b846f62b,9e3dcfe,unknown (not recorded),,inferred: cloud container (2 vCPU) + laptop Windows; see PROTOCOL.md deviations,interrupted (host sleep/kill); rerun
protocol_A.jsonl:1051,A,unrollgan,TwoPhase@k=8,0.54,,0,error,error: process died / bad script (~~~~~~~~~~~~~~~~^^^^^^^^^^^^^^^^^^^ ValueError: size not valid: 536870912 bytes ),,,,,,60,1200,eff53cc4804cc7d6246a6e5086861ce2b846f62b,9e3dcfe,unknown (not recorded),,inferred: cloud container (2 vCPU) + laptop Windows; see PROTOCOL.md deviations,interrupted (host sleep/kill); rerun
protocol_A.jsonl:1052,A,unrollgan,NbhdPenalty@b=0.25,0.54,,2,error,error: process died / bad script (~~~~~~~~~~~~~~~~^^^^^^^^^^^^^^^^^^^ ValueError: size not valid: 536870912 bytes ),,,,,,60,1200,eff53cc4804cc7d6246a6e5086861ce2b846f62b,9e3dcfe,unknown (not recorded),,inferred: cloud container (2 vCPU) + laptop Windows; see PROTOCOL.md deviations,interrupted (host sleep/kill); rerun
protocol_A.jsonl:1053,A,unrollgan,TwoPhase@k=8,0.54,,1,error,error: process died / bad script (~~~~~~~~~~~~~~~~^^^^^^^^^^^^^^^^^^^ ValueError: size not valid: 536870912 bytes ),,,,,,60,1200,eff53cc4804cc7d6246a6e5086861ce2b846f62b,9e3dcfe,unknown (not recorded),,inferred: cloud container (2 vCPU) + laptop Windows; see PROTOCOL.md deviations,interrupted (host sleep/kill); rerun
protocol_A.jsonl:1054,A,unrollgan,TwoPhase@k=8,0.53,,0,error,error: process died / bad script (~~~~~~~~~~~~~~~~^^^^^^^^^^^^^^^^^^^ ValueError: size not valid: 536870912 bytes ),,,,,,60,1200,eff53cc4804cc7d6246a6e5086861ce2b846f62b,9e3dcfe,unknown (not recorded),,inferred: cloud container (2 vCPU) + laptop Windows; see PROTOCOL.md deviations,interrupted (host sleep/kill); rerun
protocol_A.jsonl:1055,A,unrollgan,DTR,0.53,,0,error,error: process died / bad script (~~~~~~~~~~~~~~~~^^^^^^^^^^^^^^^^^^^ ValueError: size not valid: 536870912 bytes ),,,,,,60,1200,eff53cc4804cc7d6246a6e5086861ce2b846f62b,9e3dcfe,unknown (not recorded),,inferred: cloud container (2 vCPU) + laptop Windows; see PROTOCOL.md deviations,interrupted (host sleep/kill); rerun
protocol_A.jsonl:1056,A,unrollgan,DTR,0.52,,0,error,error: process died / bad script (~~~~~~~~~~~~~~~~^^^^^^^^^^^^^^^^^^^ ValueError: size not valid: 536870912 bytes ),,,,,,60,1200,eff53cc4804cc7d6246a6e5086861ce2b846f62b,9e3dcfe,unknown (not recorded),,inferred: cloud container (2 vCPU) + laptop Windows; see PROTOCOL.md deviations,interrupted (host sleep/kill); rerun
protocol_A.jsonl:1057,A,unrollgan,NbhdPenalty@b=0.25,0.53,,0,error,error: process died / bad script (~~~~~~~~~~~~~~~~^^^^^^^^^^^^^^^^^^^ ValueError: size not valid: 536870912 bytes ),,,,,,60,1200,eff53cc4804cc7d6246a6e5086861ce2b846f62b,9e3dcfe,unknown (not recorded),,inferred: cloud container (2 vCPU) + laptop Windows; see PROTOCOL.md deviations,interrupted (host sleep/kill); rerun
protocol_A.jsonl:1058,A,unrollgan,NbhdPenalty@b=0.25,0.51,,0,error,error: process died / bad script (~~~~~~~~~~~~~~~~^^^^^^^^^^^^^^^^^^^ ValueError: size not valid: 536870912 bytes ),,,,,,60,1200,eff53cc4804cc7d6246a6e5086861ce2b846f62b,9e3dcfe,unknown (not recorded),,inferred: cloud container (2 vCPU) + laptop Windows; see PROTOCOL.md deviations,interrupted (host sleep/kill); rerun
protocol_A.jsonl:1059,A,unrollgan,DTR,0.51,,0,error,error: process died / bad script (~~~~~~~~~~~~~~~~^^^^^^^^^^^^^^^^^^^ ValueError: size not valid: 536870912 bytes ),,,,,,60,1200,eff53cc4804cc7d6246a6e5086861ce2b846f62b,9e3dcfe,unknown (not recorded),,inferred: cloud container (2 vCPU) + laptop Windows; see PROTOCOL.md deviations,interrupted (host sleep/kill); rerun
protocol_A.jsonl:1060,A,unrollgan,NbhdPenalty@b=0.25,0.52,,0,error,error: process died / bad script (~~~~~~~~~~~~~~~~^^^^^^^^^^^^^^^^^^^ ValueError: size not valid: 536870912 bytes ),,,,,,60,1200,eff53cc4804cc7d6246a6e5086861ce2b846f62b,9e3dcfe,unknown (not recorded),,inferred: cloud container (2 vCPU) + laptop Windows; see PROTOCOL.md deviations,interrupted (host sleep/kill); rerun
protocol_A.jsonl:1061,A,unrollgan,TwoPhase@k=8,0.52,,0,error,error: process died / bad script (~~~~~~~~~~~~~~~~^^^^^^^^^^^^^^^^^^^ ValueError: size not valid: 536870912 bytes ),,,,,,60,1200,eff53cc4804cc7d6246a6e5086861ce2b846f62b,9e3dcfe,unknown (not recorded),,inferred: cloud container (2 vCPU) + laptop Windows; see PROTOCOL.md deviations,interrupted (host sleep/kill); rerun
protocol_A.jsonl:1062,A,unrollgan,TwoPhase@k=8,0.51,,0,error,error: process died / bad script (~~~~~~~~~~~~~~~~^^^^^^^^^^^^^^^^^^^ ValueError: size not valid: 536870912 bytes ),,,,,,60,1200,eff53cc4804cc7d6246a6e5086861ce2b846f62b,9e3dcfe,unknown (not recorded),,inferred: cloud container (2 vCPU) + laptop Windows; see PROTOCOL.md deviations,interrupted (host sleep/kill); rerun
protocol_A.jsonl:1063,A,unrollgan,DTR,0.5,,0,error,error: process died / bad script (~~~~~~~~~~~~~~~~^^^^^^^^^^^^^^^^^^^ ValueError: size not valid: 536870912 bytes ),,,,,,60,1200,eff53cc4804cc7d6246a6e5086861ce2b846f62b,9e3dcfe,unknown (not recorded),,inferred: cloud container (2 vCPU) + laptop Windows; see PROTOCOL.md deviations,interrupted (host sleep/kill); rerun
protocol_A.jsonl:1064,A,unrollgan,TwoPhase@k=8,0.5,,0,error,error: process died / bad script (~~~~~~~~~~~~~~~~^^^^^^^^^^^^^^^^^^^ ValueError: size not valid: 536870912 bytes ),,,,,,60,1200,eff53cc4804cc7d6246a6e5086861ce2b846f62b,9e3dcfe,unknown (not recorded),,inferred: cloud container (2 vCPU) + laptop Windows; see PROTOCOL.md deviations,interrupted (host sleep/kill); rerun
protocol_A.jsonl:1065,A,unrollgan,NbhdPenalty@b=0.25,0.5,,0,error,error: process died / bad script (~~~~~~~~~~~~~~~~^^^^^^^^^^^^^^^^^^^ ValueError: size not valid: 536870912 bytes ),,,,,,60,1200,eff53cc4804cc7d6246a6e5086861ce2b846f62b,9e3dcfe,unknown (not recorded),,inferred: cloud container (2 vCPU) + laptop Windows; see PROTOCOL.md deviations,interrupted (host sleep/kill); rerun
protocol_A.jsonl:1066,A,unrollgan,DTR,0.49,,0,error,error: process died / bad script (~~~~~~~~~~~~~~~~^^^^^^^^^^^^^^^^^^^ ValueError: size not valid: 536870912 bytes ),,,,,,60,1200,eff53cc4804cc7d6246a6e5086861ce2b846f62b,9e3dcfe,unknown (not recorded),,inferred: cloud container (2 vCPU) + laptop Windows; see PROTOCOL.md deviations,interrupted (host sleep/kill); rerun
protocol_A.jsonl:1067,A,unrollgan,DTR,0.49,,2,error,error: process died / bad script (~~~~~~~~~~~~~~~~^^^^^^^^^^^^^^^^^^^ ValueError: size not valid: 536870912 bytes ),,,,,,60,1200,eff53cc4804cc7d6246a6e5086861ce2b846f62b,9e3dcfe,unknown (not recorded),,inferred: cloud container (2 vCPU) + laptop Windows; see PROTOCOL.md deviations,interrupted (host sleep/kill); rerun
protocol_A.jsonl:1068,A,unrollgan,NbhdPenalty@b=0.25,0.49,,0,error,error: process died / bad script (~~~~~~~~~~~~~~~~^^^^^^^^^^^^^^^^^^^ ValueError: size not valid: 536870912 bytes ),,,,,,60,1200,eff53cc4804cc7d6246a6e5086861ce2b846f62b,9e3dcfe,unknown (not recorded),,inferred: cloud container (2 vCPU) + laptop Windows; see PROTOCOL.md deviations,interrupted (host sleep/kill); rerun
protocol_A.jsonl:1069,A,unrollgan,DTR,0.49,,1,error,error: process died / bad script (~~~~~~~~~~~~~~~~^^^^^^^^^^^^^^^^^^^ ValueError: size not valid: 536870912 bytes ),,,,,,60,1200,eff53cc4804cc7d6246a6e5086861ce2b846f62b,9e3dcfe,unknown (not recorded),,inferred: cloud container (2 vCPU) + laptop Windows; see PROTOCOL.md deviations,interrupted (host sleep/kill); rerun
protocol_A.jsonl:1070,A,unrollgan,TwoPhase@k=8,0.49,,0,error,error: process died / bad script (~~~~~~~~~~~~~~~~^^^^^^^^^^^^^^^^^^^ ValueError: size not valid: 536870912 bytes ),,,,,,60,1200,eff53cc4804cc7d6246a6e5086861ce2b846f62b,9e3dcfe,unknown (not recorded),,inferred: cloud container (2 vCPU) + laptop Windows; see PROTOCOL.md deviations,interrupted (host sleep/kill); rerun
protocol_A.jsonl:1071,A,unrollgan,NbhdPenalty@b=0.25,0.49,,1,error,error: process died / bad script (~~~~~~~~~~~~~~~~^^^^^^^^^^^^^^^^^^^ ValueError: size not valid: 536870912 bytes ),,,,,,60,1200,eff53cc4804cc7d6246a6e5086861ce2b846f62b,9e3dcfe,unknown (not recorded),,inferred: cloud container (2 vCPU) + laptop Windows; see PROTOCOL.md deviations,interrupted (host sleep/kill); rerun
protocol_A.jsonl:1072,A,unrollgan,TwoPhase@k=8,0.49,,1,error,error: process died / bad script (~~~~~~~~~~~~~~~~^^^^^^^^^^^^^^^^^^^ ValueError: size not valid: 536870912 bytes ),,,,,,60,1200,eff53cc4804cc7d6246a6e5086861ce2b846f62b,9e3dcfe,unknown (not recorded),,inferred: cloud container (2 vCPU) + laptop Windows; see PROTOCOL.md deviations,interrupted (host sleep/kill); rerun
protocol_A.jsonl:1073,A,unrollgan,NbhdPenalty@b=0.25,0.49,,2,error,error: process died / bad script (~~~~~~~~~~~~~~~~^^^^^^^^^^^^^^^^^^^ ValueError: size not valid: 536870912 bytes ),,,,,,60,1200,eff53cc4804cc7d6246a6e5086861ce2b846f62b,9e3dcfe,unknown (not recorded),,inferred: cloud container (2 vCPU) + laptop Windows; see PROTOCOL.md deviations,interrupted (host sleep/kill); rerun
protocol_A.jsonl:1074,A,unrollgan,TwoPhase@k=8,0.48,,0,error,error: process died / bad script (~~~~~~~~~~~~~~~~^^^^^^^^^^^^^^^^^^^ ValueError: size not valid: 536870912 bytes ),,,,,,60,1200,eff53cc4804cc7d6246a6e5086861ce2b846f62b,9e3dcfe,unknown (not recorded),,inferred: cloud container (2 vCPU) + laptop Windows; see PROTOCOL.md deviations,interrupted (host sleep/kill); rerun
protocol_A.jsonl:1075,A,unrollgan,DTR,0.48,,0,error,error: process died / bad script (~~~~~~~~~~~~~~~~^^^^^^^^^^^^^^^^^^^ ValueError: size not valid: 536870912 bytes ),,,,,,60,1200,eff53cc4804cc7d6246a6e5086861ce2b846f62b,9e3dcfe,unknown (not recorded),,inferred: cloud container (2 vCPU) + laptop Windows; see PROTOCOL.md deviations,interrupted (host sleep/kill); rerun
protocol_A.jsonl:1076,A,unrollgan,NbhdPenalty@b=0.25,0.48,,0,error,error: process died / bad script (~~~~~~~~~~~~~~~~^^^^^^^^^^^^^^^^^^^ ValueError: size not valid: 536870912 bytes ),,,,,,60,1200,eff53cc4804cc7d6246a6e5086861ce2b846f62b,9e3dcfe,unknown (not recorded),,inferred: cloud container (2 vCPU) + laptop Windows; see PROTOCOL.md deviations,interrupted (host sleep/kill); rerun
protocol_A.jsonl:1077,A,unrollgan,TwoPhase@k=8,0.49,,2,error,error: process died / bad script (~~~~~~~~~~~~~~~~^^^^^^^^^^^^^^^^^^^ ValueError: size not valid: 536870912 bytes ),,,,,,60,1200,eff53cc4804cc7d6246a6e5086861ce2b846f62b,9e3dcfe,unknown (not recorded),,inferred: cloud container (2 vCPU) + laptop Windows; see PROTOCOL.md deviations,interrupted (host sleep/kill); rerun
protocol_A.jsonl:1078,A,unrollgan,NbhdPenalty@b=0.25,0.47,,0,error,error: process died / bad script (~~~~~~~~~~~~~~~~^^^^^^^^^^^^^^^^^^^ ValueError: size not valid: 536870912 bytes ),,,,,,60,1200,eff53cc4804cc7d6246a6e5086861ce2b846f62b,9e3dcfe,unknown (not recorded),,inferred: cloud container (2 vCPU) + laptop Windows; see PROTOCOL.md deviations,interrupted (host sleep/kill); rerun
protocol_A.jsonl:1079,A,unrollgan,DTR,0.46,,0,error,error: process died / bad script (~~~~~~~~~~~~~~~~^^^^^^^^^^^^^^^^^^^ ValueError: size not valid: 536870912 bytes ),,,,,,60,1200,eff53cc4804cc7d6246a6e5086861ce2b846f62b,9e3dcfe,unknown (not recorded),,inferred: cloud container (2 vCPU) + laptop Windows; see PROTOCOL.md deviations,interrupted (host sleep/kill); rerun
protocol_A.jsonl:1080,A,unrollgan,TwoPhase@k=8,0.47,,0,error,error: process died / bad script (~~~~~~~~~~~~~~~~^^^^^^^^^^^^^^^^^^^ ValueError: size not valid: 536870912 bytes ),,,,,,60,1200,eff53cc4804cc7d6246a6e5086861ce2b846f62b,9e3dcfe,unknown (not recorded),,inferred: cloud container (2 vCPU) + laptop Windows; see PROTOCOL.md deviations,interrupted (host sleep/kill); rerun
protocol_A.jsonl:1081,A,unrollgan,DTR,0.47,,0,error,error: process died / bad script (~~~~~~~~~~~~~~~~^^^^^^^^^^^^^^^^^^^ ValueError: size not valid: 536870912 bytes ),,,,,,60,1200,eff53cc4804cc7d6246a6e5086861ce2b846f62b,9e3dcfe,unknown (not recorded),,inferred: cloud container (2 vCPU) + laptop Windows; see PROTOCOL.md deviations,interrupted (host sleep/kill); rerun
protocol_A.jsonl:1082,A,unrollgan,DTR,0.45,,0,error,error: process died / bad script (~~~~~~~~~~~~~~~~^^^^^^^^^^^^^^^^^^^ ValueError: size not valid: 536870912 bytes ),,,,,,60,1200,eff53cc4804cc7d6246a6e5086861ce2b846f62b,9e3dcfe,unknown (not recorded),,inferred: cloud container (2 vCPU) + laptop Windows; see PROTOCOL.md deviations,interrupted (host sleep/kill); rerun
protocol_A.jsonl:1083,A,unrollgan,NbhdPenalty@b=0.25,0.46,,0,error,error: process died / bad script (~~~~~~~~~~~~~~~~^^^^^^^^^^^^^^^^^^^ ValueError: size not valid: 536870912 bytes ),,,,,,60,1200,eff53cc4804cc7d6246a6e5086861ce2b846f62b,9e3dcfe,unknown (not recorded),,inferred: cloud container (2 vCPU) + laptop Windows; see PROTOCOL.md deviations,interrupted (host sleep/kill); rerun
protocol_A.jsonl:1084,A,unrollgan,TwoPhase@k=8,0.46,,0,error,error: process died / bad script (~~~~~~~~~~~~~~~~^^^^^^^^^^^^^^^^^^^ ValueError: size not valid: 536870912 bytes ),,,,,,60,1200,eff53cc4804cc7d6246a6e5086861ce2b846f62b,9e3dcfe,unknown (not recorded),,inferred: cloud container (2 vCPU) + laptop Windows; see PROTOCOL.md deviations,interrupted (host sleep/kill); rerun
protocol_A.jsonl:1085,A,unrollgan,NbhdPenalty@b=0.25,0.45,,0,error,error: process died / bad script (~~~~~~~~~~~~~~~~^^^^^^^^^^^^^^^^^^^ ValueError: size not valid: 536870912 bytes ),,,,,,60,1200,eff53cc4804cc7d6246a6e5086861ce2b846f62b,9e3dcfe,unknown (not recorded),,inferred: cloud container (2 vCPU) + laptop Windows; see PROTOCOL.md deviations,interrupted (host sleep/kill); rerun
protocol_A.jsonl:1086,A,unrollgan,DTR,0.44,,0,error,error: process died / bad script (~~~~~~~~~~~~~~~~^^^^^^^^^^^^^^^^^^^ ValueError: size not valid: 536870912 bytes ),,,,,,60,1200,eff53cc4804cc7d6246a6e5086861ce2b846f62b,9e3dcfe,unknown (not recorded),,inferred: cloud container (2 vCPU) + laptop Windows; see PROTOCOL.md deviations,interrupted (host sleep/kill); rerun
protocol_A.jsonl:1087,A,unrollgan,NbhdPenalty@b=0.25,0.44,,0,error,error: process died / bad script (~~~~~~~~~~~~~~~~^^^^^^^^^^^^^^^^^^^ ValueError: size not valid: 536870912 bytes ),,,,,,60,1200,eff53cc4804cc7d6246a6e5086861ce2b846f62b,9e3dcfe,unknown (not recorded),,inferred: cloud container (2 vCPU) + laptop Windows; see PROTOCOL.md deviations,interrupted (host sleep/kill); rerun
protocol_A.jsonl:1088,A,unrollgan,TwoPhase@k=8,0.44,,0,error,error: process died / bad script (~~~~~~~~~~~~~~~~^^^^^^^^^^^^^^^^^^^ ValueError: size not valid: 536870912 bytes ),,,,,,60,1200,eff53cc4804cc7d6246a6e5086861ce2b846f62b,9e3dcfe,unknown (not recorded),,inferred: cloud container (2 vCPU) + laptop Windows; see PROTOCOL.md deviations,interrupted (host sleep/kill); rerun
protocol_A.jsonl:1089,A,unrollgan,TwoPhase@k=8,0.45,,0,error,error: process died / bad script (~~~~~~~~~~~~~~~~^^^^^^^^^^^^^^^^^^^ ValueError: size not valid: 536870912 bytes ),,,,,,60,1200,eff53cc4804cc7d6246a6e5086861ce2b846f62b,9e3dcfe,unknown (not recorded),,inferred: cloud container (2 vCPU) + laptop Windows; see PROTOCOL.md deviations,interrupted (host sleep/kill); rerun
protocol_A.jsonl:1090,A,unrollgan,TwoPhase@k=8,0.43,,0,error,error: process died / bad script (~~~~~~~~~~~~~~~~^^^^^^^^^^^^^^^^^^^ ValueError: size not valid: 536870912 bytes ),,,,,,60,1200,eff53cc4804cc7d6246a6e5086861ce2b846f62b,9e3dcfe,unknown (not recorded),,inferred: cloud container (2 vCPU) + laptop Windows; see PROTOCOL.md deviations,interrupted (host sleep/kill); rerun
protocol_A.jsonl:1091,A,unrollgan,DTR,0.42,,0,error,error: process died / bad script (~~~~~~~~~~~~~~~~^^^^^^^^^^^^^^^^^^^ ValueError: size not valid: 536870912 bytes ),,,,,,60,1200,eff53cc4804cc7d6246a6e5086861ce2b846f62b,9e3dcfe,unknown (not recorded),,inferred: cloud container (2 vCPU) + laptop Windows; see PROTOCOL.md deviations,interrupted (host sleep/kill); rerun
protocol_A.jsonl:1092,A,unrollgan,NbhdPenalty@b=0.25,0.43,,0,error,error: process died / bad script (~~~~~~~~~~~~~~~~^^^^^^^^^^^^^^^^^^^ ValueError: size not valid: 536870912 bytes ),,,,,,60,1200,eff53cc4804cc7d6246a6e5086861ce2b846f62b,9e3dcfe,unknown (not recorded),,inferred: cloud container (2 vCPU) + laptop Windows; see PROTOCOL.md deviations,interrupted (host sleep/kill); rerun
protocol_A.jsonl:1093,A,unrollgan,DTR,0.43,,0,error,error: process died / bad script (~~~~~~~~~~~~~~~~^^^^^^^^^^^^^^^^^^^ ValueError: size not valid: 536870912 bytes ),,,,,,60,1200,eff53cc4804cc7d6246a6e5086861ce2b846f62b,9e3dcfe,unknown (not recorded),,inferred: cloud container (2 vCPU) + laptop Windows; see PROTOCOL.md deviations,interrupted (host sleep/kill); rerun
protocol_A.jsonl:1094,A,unrollgan,TwoPhase@k=8,0.42,,0,error,error: process died / bad script (~~~~~~~~~~~~~~~~^^^^^^^^^^^^^^^^^^^ ValueError: size not valid: 536870912 bytes ),,,,,,60,1200,eff53cc4804cc7d6246a6e5086861ce2b846f62b,9e3dcfe,unknown (not recorded),,inferred: cloud container (2 vCPU) + laptop Windows; see PROTOCOL.md deviations,interrupted (host sleep/kill); rerun
protocol_A.jsonl:1095,A,unrollgan,NbhdPenalty@b=0.25,0.41,,0,error,error: process died / bad script (~~~~~~~~~~~~~~~~^^^^^^^^^^^^^^^^^^^ ValueError: size not valid: 536870912 bytes ),,,,,,60,1200,eff53cc4804cc7d6246a6e5086861ce2b846f62b,9e3dcfe,unknown (not recorded),,inferred: cloud container (2 vCPU) + laptop Windows; see PROTOCOL.md deviations,interrupted (host sleep/kill); rerun
protocol_A.jsonl:1096,A,unrollgan,NbhdPenalty@b=0.25,0.42,,0,error,error: process died / bad script (~~~~~~~~~~~~~~~~^^^^^^^^^^^^^^^^^^^ ValueError: size not valid: 536870912 bytes ),,,,,,60,1200,eff53cc4804cc7d6246a6e5086861ce2b846f62b,9e3dcfe,unknown (not recorded),,inferred: cloud container (2 vCPU) + laptop Windows; see PROTOCOL.md deviations,interrupted (host sleep/kill); rerun
protocol_A.jsonl:1097,A,unrollgan,DTR,0.41,,0,error,error: process died / bad script (~~~~~~~~~~~~~~~~^^^^^^^^^^^^^^^^^^^ ValueError: size not valid: 536870912 bytes ),,,,,,60,1200,eff53cc4804cc7d6246a6e5086861ce2b846f62b,9e3dcfe,unknown (not recorded),,inferred: cloud container (2 vCPU) + laptop Windows; see PROTOCOL.md deviations,interrupted (host sleep/kill); rerun
protocol_A.jsonl:1098,A,unrollgan,NbhdPenalty@b=0.25,0.4,,0,error,error: process died / bad script (~~~~~~~~~~~~~~~~^^^^^^^^^^^^^^^^^^^ ValueError: size not valid: 536870912 bytes ),,,,,,60,1200,eff53cc4804cc7d6246a6e5086861ce2b846f62b,9e3dcfe,unknown (not recorded),,inferred: cloud container (2 vCPU) + laptop Windows; see PROTOCOL.md deviations,interrupted (host sleep/kill); rerun
protocol_A.jsonl:1099,A,unrollgan,DTR,0.4,,0,error,error: process died / bad script (~~~~~~~~~~~~~~~~^^^^^^^^^^^^^^^^^^^ ValueError: size not valid: 536870912 bytes ),,,,,,60,1200,eff53cc4804cc7d6246a6e5086861ce2b846f62b,9e3dcfe,unknown (not recorded),,inferred: cloud container (2 vCPU) + laptop Windows; see PROTOCOL.md deviations,interrupted (host sleep/kill); rerun
protocol_A.jsonl:1100,A,unrollgan,TwoPhase@k=8,0.4,,0,error,error: process died / bad script (~~~~~~~~~~~~~~~~^^^^^^^^^^^^^^^^^^^ ValueError: size not valid: 536870912 bytes ),,,,,,60,1200,eff53cc4804cc7d6246a6e5086861ce2b846f62b,9e3dcfe,unknown (not recorded),,inferred: cloud container (2 vCPU) + laptop Windows; see PROTOCOL.md deviations,interrupted (host sleep/kill); rerun
protocol_A.jsonl:1101,A,unrollgan,TwoPhase@k=8,0.41,,0,error,error: process died / bad script (~~~~~~~~~~~~~~~~^^^^^^^^^^^^^^^^^^^ ValueError: size not valid: 536870912 bytes ),,,,,,60,1200,eff53cc4804cc7d6246a6e5086861ce2b846f62b,9e3dcfe,unknown (not recorded),,inferred: cloud container (2 vCPU) + laptop Windows; see PROTOCOL.md deviations,interrupted (host sleep/kill); rerun
protocol_A.jsonl:1102,A,unrollgan,TwoPhase@k=8,0.39,,0,error,error: process died / bad script (~~~~~~~~~~~~~~~~^^^^^^^^^^^^^^^^^^^ ValueError: size not valid: 536870912 bytes ),,,,,,60,1200,eff53cc4804cc7d6246a6e5086861ce2b846f62b,9e3dcfe,unknown (not recorded),,inferred: cloud container (2 vCPU) + laptop Windows; see PROTOCOL.md deviations,interrupted (host sleep/kill); rerun
protocol_A.jsonl:1103,A,unrollgan,NbhdPenalty@b=0.25,0.39,,0,error,error: process died / bad script (~~~~~~~~~~~~~~~~^^^^^^^^^^^^^^^^^^^ ValueError: size not valid: 536870912 bytes ),,,,,,60,1200,eff53cc4804cc7d6246a6e5086861ce2b846f62b,9e3dcfe,unknown (not recorded),,inferred: cloud container (2 vCPU) + laptop Windows; see PROTOCOL.md deviations,interrupted (host sleep/kill); rerun
protocol_A.jsonl:1104,A,unrollgan,DTR,0.38,,0,error,error: process died / bad script (~~~~~~~~~~~~~~~~^^^^^^^^^^^^^^^^^^^ ValueError: size not valid: 536870912 bytes ),,,,,,60,1200,eff53cc4804cc7d6246a6e5086861ce2b846f62b,9e3dcfe,unknown (not recorded),,inferred: cloud container (2 vCPU) + laptop Windows; see PROTOCOL.md deviations,interrupted (host sleep/kill); rerun
protocol_A.jsonl:1105,A,unrollgan,DTR,0.39,,0,error,error: process died / bad script (~~~~~~~~~~~~~~~~^^^^^^^^^^^^^^^^^^^ ValueError: size not valid: 536870912 bytes ),,,,,,60,1200,eff53cc4804cc7d6246a6e5086861ce2b846f62b,9e3dcfe,unknown (not recorded),,inferred: cloud container (2 vCPU) + laptop Windows; see PROTOCOL.md deviations,interrupted (host sleep/kill); rerun
protocol_A.jsonl:1106,A,unrollgan,NbhdPenalty@b=0.25,0.38,,0,error,error: process died / bad script (~~~~~~~~~~~~~~~~^^^^^^^^^^^^^^^^^^^ ValueError: size not valid: 536870912 bytes ),,,,,,60,1200,eff53cc4804cc7d6246a6e5086861ce2b846f62b,9e3dcfe,unknown (not recorded),,inferred: cloud container (2 vCPU) + laptop Windows; see PROTOCOL.md deviations,interrupted (host sleep/kill); rerun
protocol_A.jsonl:1107,A,unrollgan,TwoPhase@k=8,0.38,,0,error,error: process died / bad script (~~~~~~~~~~~~~~~~^^^^^^^^^^^^^^^^^^^ ValueError: size not valid: 536870912 bytes ),,,,,,60,1200,eff53cc4804cc7d6246a6e5086861ce2b846f62b,9e3dcfe,unknown (not recorded),,inferred: cloud container (2 vCPU) + laptop Windows; see PROTOCOL.md deviations,interrupted (host sleep/kill); rerun
protocol_A.jsonl:1108,A,unrollgan,NbhdPenalty@b=0.25,0.37,,0,error,error: process died / bad script (~~~~~~~~~~~~~~~~^^^^^^^^^^^^^^^^^^^ ValueError: size not valid: 536870912 bytes ),,,,,,60,1200,eff53cc4804cc7d6246a6e5086861ce2b846f62b,9e3dcfe,unknown (not recorded),,inferred: cloud container (2 vCPU) + laptop Windows; see PROTOCOL.md deviations,interrupted (host sleep/kill); rerun
protocol_A.jsonl:1109,A,unrollgan,DTR,0.37,,0,error,error: process died / bad script (~~~~~~~~~~~~~~~~^^^^^^^^^^^^^^^^^^^ ValueError: size not valid: 536870912 bytes ),,,,,,60,1200,eff53cc4804cc7d6246a6e5086861ce2b846f62b,9e3dcfe,unknown (not recorded),,inferred: cloud container (2 vCPU) + laptop Windows; see PROTOCOL.md deviations,interrupted (host sleep/kill); rerun
protocol_A.jsonl:1110,A,unrollgan,NbhdPenalty@b=0.25,0.36,,0,error,error: process died / bad script (~~~~~~~~~~~~~~~~^^^^^^^^^^^^^^^^^^^ ValueError: size not valid: 536870912 bytes ),,,,,,60,1200,eff53cc4804cc7d6246a6e5086861ce2b846f62b,9e3dcfe,unknown (not recorded),,inferred: cloud container (2 vCPU) + laptop Windows; see PROTOCOL.md deviations,interrupted (host sleep/kill); rerun
protocol_A.jsonl:1111,A,unrollgan,TwoPhase@k=8,0.37,,0,error,error: process died / bad script (~~~~~~~~~~~~~~~~^^^^^^^^^^^^^^^^^^^ ValueError: size not valid: 536870912 bytes ),,,,,,60,1200,eff53cc4804cc7d6246a6e5086861ce2b846f62b,9e3dcfe,unknown (not recorded),,inferred: cloud container (2 vCPU) + laptop Windows; see PROTOCOL.md deviations,interrupted (host sleep/kill); rerun
protocol_A.jsonl:1112,A,unrollgan,DTR,0.36,,0,error,error: process died / bad script (~~~~~~~~~~~~~~~~^^^^^^^^^^^^^^^^^^^ ValueError: size not valid: 536870912 bytes ),,,,,,60,1200,eff53cc4804cc7d6246a6e5086861ce2b846f62b,9e3dcfe,unknown (not recorded),,inferred: cloud container (2 vCPU) + laptop Windows; see PROTOCOL.md deviations,interrupted (host sleep/kill); rerun
protocol_A.jsonl:1113,A,unrollgan,TwoPhase@k=8,0.36,,0,error,error: process died / bad script (~~~~~~~~~~~~~~~~^^^^^^^^^^^^^^^^^^^ ValueError: size not valid: 536870912 bytes ),,,,,,60,1200,eff53cc4804cc7d6246a6e5086861ce2b846f62b,9e3dcfe,unknown (not recorded),,inferred: cloud container (2 vCPU) + laptop Windows; see PROTOCOL.md deviations,interrupted (host sleep/kill); rerun
protocol_A.jsonl:1114,A,unrollgan,DTR,0.35,,0,error,error: process died / bad script (~~~~~~~~~~~~~~~~^^^^^^^^^^^^^^^^^^^ ValueError: size not valid: 536870912 bytes ),,,,,,60,1200,eff53cc4804cc7d6246a6e5086861ce2b846f62b,9e3dcfe,unknown (not recorded),,inferred: cloud container (2 vCPU) + laptop Windows; see PROTOCOL.md deviations,interrupted (host sleep/kill); rerun
protocol_A.jsonl:1115,A,unrollgan,TwoPhase@k=8,0.35,,0,error,error: process died / bad script (~~~~~~~~~~~~~~~~^^^^^^^^^^^^^^^^^^^ ValueError: size not valid: 536870912 bytes ),,,,,,60,1200,eff53cc4804cc7d6246a6e5086861ce2b846f62b,9e3dcfe,unknown (not recorded),,inferred: cloud container (2 vCPU) + laptop Windows; see PROTOCOL.md deviations,interrupted (host sleep/kill); rerun
protocol_A.jsonl:1116,A,unrollgan,NbhdPenalty@b=0.25,0.35,,0,error,error: process died / bad script (~~~~~~~~~~~~~~~~^^^^^^^^^^^^^^^^^^^ ValueError: size not valid: 536870912 bytes ),,,,,,60,1200,eff53cc4804cc7d6246a6e5086861ce2b846f62b,9e3dcfe,unknown (not recorded),,inferred: cloud container (2 vCPU) + laptop Windows; see PROTOCOL.md deviations,interrupted (host sleep/kill); rerun
protocol_A.jsonl:1117,A,unrollgan,DTR,0.34,,0,error,error: process died / bad script (~~~~~~~~~~~~~~~~^^^^^^^^^^^^^^^^^^^ ValueError: size not valid: 536870912 bytes ),,,,,,60,1200,eff53cc4804cc7d6246a6e5086861ce2b846f62b,9e3dcfe,unknown (not recorded),,inferred: cloud container (2 vCPU) + laptop Windows; see PROTOCOL.md deviations,interrupted (host sleep/kill); rerun
protocol_A.jsonl:1118,A,unrollgan,DTR,0.33,,0,error,error: process died / bad script (~~~~~~~~~~~~~~~~^^^^^^^^^^^^^^^^^^^ ValueError: size not valid: 536870912 bytes ),,,,,,60,1200,eff53cc4804cc7d6246a6e5086861ce2b846f62b,9e3dcfe,unknown (not recorded),,inferred: cloud container (2 vCPU) + laptop Windows; see PROTOCOL.md deviations,interrupted (host sleep/kill); rerun
protocol_A.jsonl:1119,A,unrollgan,DTR,0.33,,1,error,error: process died / bad script (~~~~~~~~~~~~~~~~^^^^^^^^^^^^^^^^^^^ ValueError: size not valid: 536870912 bytes ),,,,,,60,1200,eff53cc4804cc7d6246a6e5086861ce2b846f62b,9e3dcfe,unknown (not recorded),,inferred: cloud container (2 vCPU) + laptop Windows; see PROTOCOL.md deviations,interrupted (host sleep/kill); rerun
protocol_A.jsonl:1120,A,unrollgan,NbhdPenalty@b=0.25,0.34,,0,error,error: process died / bad script (~~~~~~~~~~~~~~~~^^^^^^^^^^^^^^^^^^^ ValueError: size not valid: 536870912 bytes ),,,,,,60,1200,eff53cc4804cc7d6246a6e5086861ce2b846f62b,9e3dcfe,unknown (not recorded),,inferred: cloud container (2 vCPU) + laptop Windows; see PROTOCOL.md deviations,interrupted (host sleep/kill); rerun
protocol_A.jsonl:1121,A,unrollgan,TwoPhase@k=8,0.34,,0,error,error: process died / bad script (~~~~~~~~~~~~~~~~^^^^^^^^^^^^^^^^^^^ ValueError: size not valid: 536870912 bytes ),,,,,,60,1200,eff53cc4804cc7d6246a6e5086861ce2b846f62b,9e3dcfe,unknown (not recorded),,inferred: cloud container (2 vCPU) + laptop Windows; see PROTOCOL.md deviations,interrupted (host sleep/kill); rerun
protocol_A.jsonl:1122,A,unrollgan,NbhdPenalty@b=0.25,0.33,,2,error,error: process died / bad script (~~~~~~~~~~~~~~~~^^^^^^^^^^^^^^^^^^^ ValueError: size not valid: 536870912 bytes ),,,,,,60,1200,eff53cc4804cc7d6246a6e5086861ce2b846f62b,9e3dcfe,unknown (not recorded),,inferred: cloud container (2 vCPU) + laptop Windows; see PROTOCOL.md deviations,interrupted (host sleep/kill); rerun
protocol_A.jsonl:1123,A,unrollgan,NbhdPenalty@b=0.25,0.33,,1,error,error: process died / bad script (~~~~~~~~~~~~~~~~^^^^^^^^^^^^^^^^^^^ ValueError: size not valid: 536870912 bytes ),,,,,,60,1200,eff53cc4804cc7d6246a6e5086861ce2b846f62b,9e3dcfe,unknown (not recorded),,inferred: cloud container (2 vCPU) + laptop Windows; see PROTOCOL.md deviations,interrupted (host sleep/kill); rerun
protocol_A.jsonl:1124,A,unrollgan,DTR,0.33,,2,error,error: process died / bad script (~~~~~~~~~~~~~~~~^^^^^^^^^^^^^^^^^^^ ValueError: size not valid: 536870912 bytes ),,,,,,60,1200,eff53cc4804cc7d6246a6e5086861ce2b846f62b,9e3dcfe,unknown (not recorded),,inferred: cloud container (2 vCPU) + laptop Windows; see PROTOCOL.md deviations,interrupted (host sleep/kill); rerun
protocol_A.jsonl:1125,A,unrollgan,NbhdPenalty@b=0.25,0.33,,0,error,error: process died / bad script (~~~~~~~~~~~~~~~~^^^^^^^^^^^^^^^^^^^ ValueError: size not valid: 536870912 bytes ),,,,,,60,1200,eff53cc4804cc7d6246a6e5086861ce2b846f62b,9e3dcfe,unknown (not recorded),,inferred: cloud container (2 vCPU) + laptop Windows; see PROTOCOL.md deviations,interrupted (host sleep/kill); rerun
protocol_A.jsonl:1126,A,unrollgan,TwoPhase@k=8,0.33,,2,error,error: process died / bad script (~~~~~~~~~~~~~~~~^^^^^^^^^^^^^^^^^^^ ValueError: size not valid: 536870912 bytes ),,,,,,60,1200,eff53cc4804cc7d6246a6e5086861ce2b846f62b,9e3dcfe,unknown (not recorded),,inferred: cloud container (2 vCPU) + laptop Windows; see PROTOCOL.md deviations,interrupted (host sleep/kill); rerun
protocol_A.jsonl:1127,A,unrollgan,TwoPhase@k=8,0.33,,1,error,error: process died / bad script (~~~~~~~~~~~~~~~~^^^^^^^^^^^^^^^^^^^ ValueError: size not valid: 536870912 bytes ),,,,,,60,1200,eff53cc4804cc7d6246a6e5086861ce2b846f62b,9e3dcfe,unknown (not recorded),,inferred: cloud container (2 vCPU) + laptop Windows; see PROTOCOL.md deviations,interrupted (host sleep/kill); rerun
protocol_A.jsonl:1128,A,unrollgan,DTR,0.32,,0,error,error: process died / bad script (~~~~~~~~~~~~~~~~^^^^^^^^^^^^^^^^^^^ ValueError: size not valid: 536870912 bytes ),,,,,,60,1200,eff53cc4804cc7d6246a6e5086861ce2b846f62b,9e3dcfe,unknown (not recorded),,inferred: cloud container (2 vCPU) + laptop Windows; see PROTOCOL.md deviations,interrupted (host sleep/kill); rerun
protocol_A.jsonl:1129,A,unrollgan,TwoPhase@k=8,0.33,,0,error,error: process died / bad script (~~~~~~~~~~~~~~~~^^^^^^^^^^^^^^^^^^^ ValueError: size not valid: 536870912 bytes ),,,,,,60,1200,eff53cc4804cc7d6246a6e5086861ce2b846f62b,9e3dcfe,unknown (not recorded),,inferred: cloud container (2 vCPU) + laptop Windows; see PROTOCOL.md deviations,interrupted (host sleep/kill); rerun
protocol_A.jsonl:1130,A,unrollgan,DTR,0.31,,0,error,error: process died / bad script (~~~~~~~~~~~~~~~~^^^^^^^^^^^^^^^^^^^ ValueError: size not valid: 536870912 bytes ),,,,,,60,1200,eff53cc4804cc7d6246a6e5086861ce2b846f62b,9e3dcfe,unknown (not recorded),,inferred: cloud container (2 vCPU) + laptop Windows; see PROTOCOL.md deviations,interrupted (host sleep/kill); rerun
protocol_A.jsonl:1131,A,unrollgan,NbhdPenalty@b=0.25,0.31,,0,error,error: process died / bad script (~~~~~~~~~~~~~~~~^^^^^^^^^^^^^^^^^^^ ValueError: size not valid: 536870912 bytes ),,,,,,60,1200,eff53cc4804cc7d6246a6e5086861ce2b846f62b,9e3dcfe,unknown (not recorded),,inferred: cloud container (2 vCPU) + laptop Windows; see PROTOCOL.md deviations,interrupted (host sleep/kill); rerun
protocol_A.jsonl:1132,A,unrollgan,TwoPhase@k=8,0.32,,0,error,error: process died / bad script (~~~~~~~~~~~~~~~~^^^^^^^^^^^^^^^^^^^ ValueError: size not valid: 536870912 bytes ),,,,,,60,1200,eff53cc4804cc7d6246a6e5086861ce2b846f62b,9e3dcfe,unknown (not recorded),,inferred: cloud container (2 vCPU) + laptop Windows; see PROTOCOL.md deviations,interrupted (host sleep/kill); rerun
protocol_A.jsonl:1133,A,unrollgan,NbhdPenalty@b=0.25,0.32,,0,error,error: process died / bad script (~~~~~~~~~~~~~~~~^^^^^^^^^^^^^^^^^^^ ValueError: size not valid: 536870912 bytes ),,,,,,60,1200,eff53cc4804cc7d6246a6e5086861ce2b846f62b,9e3dcfe,unknown (not recorded),,inferred: cloud container (2 vCPU) + laptop Windows; see PROTOCOL.md deviations,interrupted (host sleep/kill); rerun
protocol_A.jsonl:1134,A,unrollgan,TwoPhase@k=8,0.31,,0,error,error: process died / bad script (~~~~~~~~~~~~~~~~^^^^^^^^^^^^^^^^^^^ ValueError: size not valid: 536870912 bytes ),,,,,,60,1200,eff53cc4804cc7d6246a6e5086861ce2b846f62b,9e3dcfe,unknown (not recorded),,inferred: cloud container (2 vCPU) + laptop Windows; see PROTOCOL.md deviations,interrupted (host sleep/kill); rerun
protocol_A.jsonl:1135,A,unrollgan,TwoPhase@k=8,0.3,,0,error,error: process died / bad script (~~~~~~~~~~~~~~~~^^^^^^^^^^^^^^^^^^^ ValueError: size not valid: 536870912 bytes ),,,,,,60,1200,eff53cc4804cc7d6246a6e5086861ce2b846f62b,9e3dcfe,unknown (not recorded),,inferred: cloud container (2 vCPU) + laptop Windows; see PROTOCOL.md deviations,interrupted (host sleep/kill); rerun
protocol_A.jsonl:1136,A,unrollgan,NbhdPenalty@b=0.25,0.3,,0,error,error: process died / bad script (~~~~~~~~~~~~~~~~^^^^^^^^^^^^^^^^^^^ ValueError: size not valid: 536870912 bytes ),,,,,,60,1200,eff53cc4804cc7d6246a6e5086861ce2b846f62b,9e3dcfe,unknown (not recorded),,inferred: cloud container (2 vCPU) + laptop Windows; see PROTOCOL.md deviations,interrupted (host sleep/kill); rerun
protocol_A.jsonl:1137,A,unrollgan,DTR,0.3,,0,error,error: process died / bad script (~~~~~~~~~~~~~~~~^^^^^^^^^^^^^^^^^^^ ValueError: size not valid: 536870912 bytes ),,,,,,60,1200,eff53cc4804cc7d6246a6e5086861ce2b846f62b,9e3dcfe,unknown (not recorded),,inferred: cloud container (2 vCPU) + laptop Windows; see PROTOCOL.md deviations,interrupted (host sleep/kill); rerun
protocol_A.jsonl:1138,A,unrollgan,TwoPhase@k=8,0.29,,0,error,error: process died / bad script (~~~~~~~~~~~~~~~~^^^^^^^^^^^^^^^^^^^ ValueError: size not valid: 536870912 bytes ),,,,,,60,1200,eff53cc4804cc7d6246a6e5086861ce2b846f62b,9e3dcfe,unknown (not recorded),,inferred: cloud container (2 vCPU) + laptop Windows; see PROTOCOL.md deviations,interrupted (host sleep/kill); rerun
protocol_A.jsonl:1139,A,unrollgan,NbhdPenalty@b=0.25,0.29,,0,error,error: process died / bad script (~~~~~~~~~~~~~~~~^^^^^^^^^^^^^^^^^^^ ValueError: size not valid: 536870912 bytes ),,,,,,60,1200,eff53cc4804cc7d6246a6e5086861ce2b846f62b,9e3dcfe,unknown (not recorded),,inferred: cloud container (2 vCPU) + laptop Windows; see PROTOCOL.md deviations,interrupted (host sleep/kill); rerun
protocol_A.jsonl:1140,A,unrollgan,DTR,0.29,,0,error,error: process died / bad script (~~~~~~~~~~~~~~~~^^^^^^^^^^^^^^^^^^^ ValueError: size not valid: 536870912 bytes ),,,,,,60,1200,eff53cc4804cc7d6246a6e5086861ce2b846f62b,9e3dcfe,unknown (not recorded),,inferred: cloud container (2 vCPU) + laptop Windows; see PROTOCOL.md deviations,interrupted (host sleep/kill); rerun
protocol_A.jsonl:1141,A,unrollgan,DTR,0.28,,0,error,error: process died / bad script (~~~~~~~~~~~~~~~~^^^^^^^^^^^^^^^^^^^ ValueError: size not valid: 536870912 bytes ),,,,,,60,1200,eff53cc4804cc7d6246a6e5086861ce2b846f62b,9e3dcfe,unknown (not recorded),,inferred: cloud container (2 vCPU) + laptop Windows; see PROTOCOL.md deviations,interrupted (host sleep/kill); rerun
protocol_A.jsonl:1142,A,unrollgan,NbhdPenalty@b=0.25,0.28,,0,error,error: process died / bad script (~~~~~~~~~~~~~~~~^^^^^^^^^^^^^^^^^^^ ValueError: size not valid: 536870912 bytes ),,,,,,60,1200,eff53cc4804cc7d6246a6e5086861ce2b846f62b,9e3dcfe,unknown (not recorded),,inferred: cloud container (2 vCPU) + laptop Windows; see PROTOCOL.md deviations,interrupted (host sleep/kill); rerun
protocol_A.jsonl:1143,A,unrollgan,TwoPhase@k=8,0.28,,0,error,error: process died / bad script (~~~~~~~~~~~~~~~~^^^^^^^^^^^^^^^^^^^ ValueError: size not valid: 536870912 bytes ),,,,,,60,1200,eff53cc4804cc7d6246a6e5086861ce2b846f62b,9e3dcfe,unknown (not recorded),,inferred: cloud container (2 vCPU) + laptop Windows; see PROTOCOL.md deviations,interrupted (host sleep/kill); rerun
protocol_A.jsonl:1144,A,unrollgan,DTR,0.27,,0,error,error: process died / bad script (~~~~~~~~~~~~~~~~^^^^^^^^^^^^^^^^^^^ ValueError: size not valid: 536870912 bytes ),,,,,,60,1200,eff53cc4804cc7d6246a6e5086861ce2b846f62b,9e3dcfe,unknown (not recorded),,inferred: cloud container (2 vCPU) + laptop Windows; see PROTOCOL.md deviations,interrupted (host sleep/kill); rerun
protocol_A.jsonl:1145,A,unrollgan,NbhdPenalty@b=0.25,0.27,,0,error,error: process died / bad script (~~~~~~~~~~~~~~~~^^^^^^^^^^^^^^^^^^^ ValueError: size not valid: 536870912 bytes ),,,,,,60,1200,eff53cc4804cc7d6246a6e5086861ce2b846f62b,9e3dcfe,unknown (not recorded),,inferred: cloud container (2 vCPU) + laptop Windows; see PROTOCOL.md deviations,interrupted (host sleep/kill); rerun
protocol_A.jsonl:1146,A,unrollgan,DTR,0.26,,0,error,error: process died / bad script (~~~~~~~~~~~~~~~~^^^^^^^^^^^^^^^^^^^ ValueError: size not valid: 536870912 bytes ),,,,,,60,1200,eff53cc4804cc7d6246a6e5086861ce2b846f62b,9e3dcfe,unknown (not recorded),,inferred: cloud container (2 vCPU) + laptop Windows; see PROTOCOL.md deviations,interrupted (host sleep/kill); rerun
protocol_A.jsonl:1147,A,unrollgan,NbhdPenalty@b=0.25,0.26,,0,error,error: process died / bad script (~~~~~~~~~~~~~~~~^^^^^^^^^^^^^^^^^^^ ValueError: size not valid: 536870912 bytes ),,,,,,60,1200,eff53cc4804cc7d6246a6e5086861ce2b846f62b,9e3dcfe,unknown (not recorded),,inferred: cloud container (2 vCPU) + laptop Windows; see PROTOCOL.md deviations,interrupted (host sleep/kill); rerun
protocol_A.jsonl:1148,A,unrollgan,TwoPhase@k=8,0.27,,0,error,error: process died / bad script (~~~~~~~~~~~~~~~~^^^^^^^^^^^^^^^^^^^ ValueError: size not valid: 536870912 bytes ),,,,,,60,1200,eff53cc4804cc7d6246a6e5086861ce2b846f62b,9e3dcfe,unknown (not recorded),,inferred: cloud container (2 vCPU) + laptop Windows; see PROTOCOL.md deviations,interrupted (host sleep/kill); rerun
protocol_A.jsonl:1149,A,unrollgan,TwoPhase@k=8,0.26,,0,error,error: process died / bad script (~~~~~~~~~~~~~~~~^^^^^^^^^^^^^^^^^^^ ValueError: size not valid: 536870912 bytes ),,,,,,60,1200,eff53cc4804cc7d6246a6e5086861ce2b846f62b,9e3dcfe,unknown (not recorded),,inferred: cloud container (2 vCPU) + laptop Windows; see PROTOCOL.md deviations,interrupted (host sleep/kill); rerun
protocol_A.jsonl:1150,A,unrollgan,DTR,0.25,,0,error,error: process died / bad script (~~~~~~~~~~~~~~~~^^^^^^^^^^^^^^^^^^^ ValueError: size not valid: 536870912 bytes ),,,,,,60,1200,eff53cc4804cc7d6246a6e5086861ce2b846f62b,9e3dcfe,unknown (not recorded),,inferred: cloud container (2 vCPU) + laptop Windows; see PROTOCOL.md deviations,interrupted (host sleep/kill); rerun
protocol_A.jsonl:1151,A,unrollgan,DTR,0.24,,0,error,error: process died / bad script (~~~~~~~~~~~~~~~~^^^^^^^^^^^^^^^^^^^ ValueError: size not valid: 536870912 bytes ),,,,,,60,1200,eff53cc4804cc7d6246a6e5086861ce2b846f62b,9e3dcfe,unknown (not recorded),,inferred: cloud container (2 vCPU) + laptop Windows; see PROTOCOL.md deviations,interrupted (host sleep/kill); rerun
protocol_A.jsonl:1152,A,unrollgan,TwoPhase@k=8,0.25,,0,error,error: process died / bad script (~~~~~~~~~~~~~~~~^^^^^^^^^^^^^^^^^^^ ValueError: size not valid: 536870912 bytes ),,,,,,60,1200,eff53cc4804cc7d6246a6e5086861ce2b846f62b,9e3dcfe,unknown (not recorded),,inferred: cloud container (2 vCPU) + laptop Windows; see PROTOCOL.md deviations,interrupted (host sleep/kill); rerun
protocol_A.jsonl:1153,A,unrollgan,NbhdPenalty@b=0.25,0.25,,0,error,error: process died / bad script (~~~~~~~~~~~~~~~~^^^^^^^^^^^^^^^^^^^ ValueError: size not valid: 536870912 bytes ),,,,,,60,1200,eff53cc4804cc7d6246a6e5086861ce2b846f62b,9e3dcfe,unknown (not recorded),,inferred: cloud container (2 vCPU) + laptop Windows; see PROTOCOL.md deviations,interrupted (host sleep/kill); rerun
protocol_A.jsonl:1154,A,unrollgan,NbhdPenalty@b=0.25,0.23,,0,error,error: process died / bad script (~~~~~~~~~~~~~~~~^^^^^^^^^^^^^^^^^^^ ValueError: size not valid: 536870912 bytes ),,,,,,60,1200,eff53cc4804cc7d6246a6e5086861ce2b846f62b,9e3dcfe,unknown (not recorded),,inferred: cloud container (2 vCPU) + laptop Windows; see PROTOCOL.md deviations,interrupted (host sleep/kill); rerun
protocol_A.jsonl:1155,A,unrollgan,DTR,0.23,,0,error,error: process died / bad script (~~~~~~~~~~~~~~~~^^^^^^^^^^^^^^^^^^^ ValueError: size not valid: 536870912 bytes ),,,,,,60,1200,eff53cc4804cc7d6246a6e5086861ce2b846f62b,9e3dcfe,unknown (not recorded),,inferred: cloud container (2 vCPU) + laptop Windows; see PROTOCOL.md deviations,interrupted (host sleep/kill); rerun
protocol_A.jsonl:1156,A,unrollgan,TwoPhase@k=8,0.24,,0,error,error: process died / bad script (~~~~~~~~~~~~~~~~^^^^^^^^^^^^^^^^^^^ ValueError: size not valid: 536870912 bytes ),,,,,,60,1200,eff53cc4804cc7d6246a6e5086861ce2b846f62b,9e3dcfe,unknown (not recorded),,inferred: cloud container (2 vCPU) + laptop Windows; see PROTOCOL.md deviations,interrupted (host sleep/kill); rerun
protocol_A.jsonl:1157,A,unrollgan,NbhdPenalty@b=0.25,0.24,,0,error,error: process died / bad script (~~~~~~~~~~~~~~~~^^^^^^^^^^^^^^^^^^^ ValueError: size not valid: 536870912 bytes ),,,,,,60,1200,eff53cc4804cc7d6246a6e5086861ce2b846f62b,9e3dcfe,unknown (not recorded),,inferred: cloud container (2 vCPU) + laptop Windows; see PROTOCOL.md deviations,interrupted (host sleep/kill); rerun
protocol_A.jsonl:1158,A,unrollgan,DTR,0.22,,0,error,error: process died / bad script (~~~~~~~~~~~~~~~~^^^^^^^^^^^^^^^^^^^ ValueError: size not valid: 536870912 bytes ),,,,,,60,1200,eff53cc4804cc7d6246a6e5086861ce2b846f62b,9e3dcfe,unknown (not recorded),,inferred: cloud container (2 vCPU) + laptop Windows; see PROTOCOL.md deviations,interrupted (host sleep/kill); rerun
protocol_A.jsonl:1159,A,unrollgan,TwoPhase@k=8,0.22,,0,error,error: process died / bad script (~~~~~~~~~~~~~~~~^^^^^^^^^^^^^^^^^^^ ValueError: size not valid: 536870912 bytes ),,,,,,60,1200,eff53cc4804cc7d6246a6e5086861ce2b846f62b,9e3dcfe,unknown (not recorded),,inferred: cloud container (2 vCPU) + laptop Windows; see PROTOCOL.md deviations,interrupted (host sleep/kill); rerun
protocol_A.jsonl:1160,A,unrollgan,TwoPhase@k=8,0.23,,0,error,error: process died / bad script (~~~~~~~~~~~~~~~~^^^^^^^^^^^^^^^^^^^ ValueError: size not valid: 536870912 bytes ),,,,,,60,1200,eff53cc4804cc7d6246a6e5086861ce2b846f62b,9e3dcfe,unknown (not recorded),,inferred: cloud container (2 vCPU) + laptop Windows; see PROTOCOL.md deviations,interrupted (host sleep/kill); rerun
protocol_A.jsonl:1161,A,unrollgan,NbhdPenalty@b=0.25,0.22,,0,error,error: process died / bad script (~~~~~~~~~~~~~~~~^^^^^^^^^^^^^^^^^^^ ValueError: size not valid: 536870912 bytes ),,,,,,60,1200,eff53cc4804cc7d6246a6e5086861ce2b846f62b,9e3dcfe,unknown (not recorded),,inferred: cloud container (2 vCPU) + laptop Windows; see PROTOCOL.md deviations,interrupted (host sleep/kill); rerun
protocol_A.jsonl:1162,A,unrollgan,DTR,0.21,,0,error,error: process died / bad script (~~~~~~~~~~~~~~~~^^^^^^^^^^^^^^^^^^^ ValueError: size not valid: 536870912 bytes ),,,,,,60,1200,eff53cc4804cc7d6246a6e5086861ce2b846f62b,9e3dcfe,unknown (not recorded),,inferred: cloud container (2 vCPU) + laptop Windows; see PROTOCOL.md deviations,interrupted (host sleep/kill); rerun
protocol_A.jsonl:1163,A,unrollgan,TwoPhase@k=8,0.21,,0,error,error: process died / bad script (~~~~~~~~~~~~~~~~^^^^^^^^^^^^^^^^^^^ ValueError: size not valid: 536870912 bytes ),,,,,,60,1200,eff53cc4804cc7d6246a6e5086861ce2b846f62b,9e3dcfe,unknown (not recorded),,inferred: cloud container (2 vCPU) + laptop Windows; see PROTOCOL.md deviations,interrupted (host sleep/kill); rerun
protocol_A.jsonl:1164,A,unrollgan,DTR,0.2,,0,error,error: process died / bad script (~~~~~~~~~~~~~~~~^^^^^^^^^^^^^^^^^^^ ValueError: size not valid: 536870912 bytes ),,,,,,60,1200,eff53cc4804cc7d6246a6e5086861ce2b846f62b,9e3dcfe,unknown (not recorded),,inferred: cloud container (2 vCPU) + laptop Windows; see PROTOCOL.md deviations,interrupted (host sleep/kill); rerun
protocol_A.jsonl:1165,A,unrollgan,NbhdPenalty@b=0.25,0.21,,0,error,error: process died / bad script (~~~~~~~~~~~~~~~~^^^^^^^^^^^^^^^^^^^ ValueError: size not valid: 536870912 bytes ),,,,,,60,1200,eff53cc4804cc7d6246a6e5086861ce2b846f62b,9e3dcfe,unknown (not recorded),,inferred: cloud container (2 vCPU) + laptop Windows; see PROTOCOL.md deviations,interrupted (host sleep/kill); rerun
protocol_A.jsonl:1166,A,unrollgan,DTR,0.19,,0,error,error: process died / bad script (~~~~~~~~~~~~~~~~^^^^^^^^^^^^^^^^^^^ ValueError: size not valid: 536870912 bytes ),,,,,,60,1200,eff53cc4804cc7d6246a6e5086861ce2b846f62b,9e3dcfe,unknown (not recorded),,inferred: cloud container (2 vCPU) + laptop Windows; see PROTOCOL.md deviations,interrupted (host sleep/kill); rerun
protocol_A.jsonl:1167,A,unrollgan,TwoPhase@k=8,0.2,,0,error,error: process died / bad script (~~~~~~~~~~~~~~~~^^^^^^^^^^^^^^^^^^^ ValueError: size not valid: 536870912 bytes ),,,,,,60,1200,eff53cc4804cc7d6246a6e5086861ce2b846f62b,9e3dcfe,unknown (not recorded),,inferred: cloud container (2 vCPU) + laptop Windows; see PROTOCOL.md deviations,interrupted (host sleep/kill); rerun
protocol_A.jsonl:1168,A,unrollgan,NbhdPenalty@b=0.25,0.2,,0,error,error: process died / bad script (~~~~~~~~~~~~~~~~^^^^^^^^^^^^^^^^^^^ ValueError: size not valid: 536870912 bytes ),,,,,,60,1200,eff53cc4804cc7d6246a6e5086861ce2b846f62b,9e3dcfe,unknown (not recorded),,inferred: cloud container (2 vCPU) + laptop Windows; see PROTOCOL.md deviations,interrupted (host sleep/kill); rerun
protocol_A.jsonl:1169,A,unrollgan,NbhdPenalty@b=0.25,0.19,,0,error,error: process died / bad script (~~~~~~~~~~~~~~~~^^^^^^^^^^^^^^^^^^^ ValueError: size not valid: 536870912 bytes ),,,,,,60,1200,eff53cc4804cc7d6246a6e5086861ce2b846f62b,9e3dcfe,unknown (not recorded),,inferred: cloud container (2 vCPU) + laptop Windows; see PROTOCOL.md deviations,interrupted (host sleep/kill); rerun
protocol_A.jsonl:1170,A,unrollgan,TwoPhase@k=8,0.19,,0,error,error: process died / bad script (~~~~~~~~~~~~~~~~^^^^^^^^^^^^^^^^^^^ ValueError: size not valid: 536870912 bytes ),,,,,,60,1200,eff53cc4804cc7d6246a6e5086861ce2b846f62b,9e3dcfe,unknown (not recorded),,inferred: cloud container (2 vCPU) + laptop Windows; see PROTOCOL.md deviations,interrupted (host sleep/kill); rerun
protocol_A.jsonl:1171,A,unrollgan,NbhdPenalty@b=0.25,0.18,,0,error,error: process died / bad script (~~~~~~~~~~~~~~~~^^^^^^^^^^^^^^^^^^^ ValueError: size not valid: 536870912 bytes ),,,,,,60,1200,eff53cc4804cc7d6246a6e5086861ce2b846f62b,9e3dcfe,unknown (not recorded),,inferred: cloud container (2 vCPU) + laptop Windows; see PROTOCOL.md deviations,interrupted (host sleep/kill); rerun
protocol_A.jsonl:1172,A,unrollgan,DTR,0.18,,0,error,error: process died / bad script (~~~~~~~~~~~~~~~~^^^^^^^^^^^^^^^^^^^ ValueError: size not valid: 536870912 bytes ),,,,,,60,1200,eff53cc4804cc7d6246a6e5086861ce2b846f62b,9e3dcfe,unknown (not recorded),,inferred: cloud container (2 vCPU) + laptop Windows; see PROTOCOL.md deviations,interrupted (host sleep/kill); rerun
protocol_A.jsonl:1173,A,unrollgan,TwoPhase@k=8,0.18,,0,error,error: process died / bad script (~~~~~~~~~~~~~~~~^^^^^^^^^^^^^^^^^^^ ValueError: size not valid: 536870912 bytes ),,,,,,60,1200,eff53cc4804cc7d6246a6e5086861ce2b846f62b,9e3dcfe,unknown (not recorded),,inferred: cloud container (2 vCPU) + laptop Windows; see PROTOCOL.md deviations,interrupted (host sleep/kill); rerun
protocol_A.jsonl:1174,A,unrollgan,DTR,0.17,,2,error,error: process died / bad script (~~~~~~~~~~~~~~~~^^^^^^^^^^^^^^^^^^^ ValueError: size not valid: 536870912 bytes ),,,,,,60,1200,eff53cc4804cc7d6246a6e5086861ce2b846f62b,9e3dcfe,unknown (not recorded),,inferred: cloud container (2 vCPU) + laptop Windows; see PROTOCOL.md deviations,interrupted (host sleep/kill); rerun
protocol_A.jsonl:1175,A,unrollgan,DTR,0.17,,0,error,error: process died / bad script (~~~~~~~~~~~~~~~~^^^^^^^^^^^^^^^^^^^ ValueError: size not valid: 536870912 bytes ),,,,,,60,1200,eff53cc4804cc7d6246a6e5086861ce2b846f62b,9e3dcfe,unknown (not recorded),,inferred: cloud container (2 vCPU) + laptop Windows; see PROTOCOL.md deviations,interrupted (host sleep/kill); rerun
protocol_A.jsonl:1176,A,unrollgan,DTR,0.17,,1,error,error: process died / bad script (~~~~~~~~~~~~~~~~^^^^^^^^^^^^^^^^^^^ ValueError: size not valid: 536870912 bytes ),,,,,,60,1200,eff53cc4804cc7d6246a6e5086861ce2b846f62b,9e3dcfe,unknown (not recorded),,inferred: cloud container (2 vCPU) + laptop Windows; see PROTOCOL.md deviations,interrupted (host sleep/kill); rerun
protocol_A.jsonl:1177,A,unrollgan,NbhdPenalty@b=0.25,0.17,,0,error,error: process died / bad script (~~~~~~~~~~~~~~~~^^^^^^^^^^^^^^^^^^^ ValueError: size not valid: 536870912 bytes ),,,,,,60,1200,eff53cc4804cc7d6246a6e5086861ce2b846f62b,9e3dcfe,unknown (not recorded),,inferred: cloud container (2 vCPU) + laptop Windows; see PROTOCOL.md deviations,interrupted (host sleep/kill); rerun
protocol_A.jsonl:1178,A,unrollgan,NbhdPenalty@b=0.25,0.17,,2,error,error: process died / bad script (~~~~~~~~~~~~~~~~^^^^^^^^^^^^^^^^^^^ ValueError: size not valid: 536870912 bytes ),,,,,,60,1200,eff53cc4804cc7d6246a6e5086861ce2b846f62b,9e3dcfe,unknown (not recorded),,inferred: cloud container (2 vCPU) + laptop Windows; see PROTOCOL.md deviations,interrupted (host sleep/kill); rerun
protocol_A.jsonl:1179,A,unrollgan,NbhdPenalty@b=0.25,0.17,,1,error,error: process died / bad script (~~~~~~~~~~~~~~~~^^^^^^^^^^^^^^^^^^^ ValueError: size not valid: 536870912 bytes ),,,,,,60,1200,eff53cc4804cc7d6246a6e5086861ce2b846f62b,9e3dcfe,unknown (not recorded),,inferred: cloud container (2 vCPU) + laptop Windows; see PROTOCOL.md deviations,interrupted (host sleep/kill); rerun
protocol_A.jsonl:1180,A,unrollgan,TwoPhase@k=8,0.17,,0,error,error: process died / bad script (~~~~~~~~~~~~~~~~^^^^^^^^^^^^^^^^^^^ ValueError: size not valid: 536870912 bytes ),,,,,,60,1200,eff53cc4804cc7d6246a6e5086861ce2b846f62b,9e3dcfe,unknown (not recorded),,inferred: cloud container (2 vCPU) + laptop Windows; see PROTOCOL.md deviations,interrupted (host sleep/kill); rerun
protocol_A.jsonl:1181,A,unrollgan,TwoPhase@k=8,0.17,,1,error,error: process died / bad script (~~~~~~~~~~~~~~~~^^^^^^^^^^^^^^^^^^^ ValueError: size not valid: 536870912 bytes ),,,,,,60,1200,eff53cc4804cc7d6246a6e5086861ce2b846f62b,9e3dcfe,unknown (not recorded),,inferred: cloud container (2 vCPU) + laptop Windows; see PROTOCOL.md deviations,interrupted (host sleep/kill); rerun
protocol_A.jsonl:1182,A,unrollgan,DTR,0.16,,0,error,error: process died / bad script (~~~~~~~~~~~~~~~~^^^^^^^^^^^^^^^^^^^ ValueError: size not valid: 536870912 bytes ),,,,,,60,1200,eff53cc4804cc7d6246a6e5086861ce2b846f62b,9e3dcfe,unknown (not recorded),,inferred: cloud container (2 vCPU) + laptop Windows; see PROTOCOL.md deviations,interrupted (host sleep/kill); rerun
protocol_A.jsonl:1183,A,unrollgan,TwoPhase@k=8,0.17,,2,error,error: process died / bad script (~~~~~~~~~~~~~~~~^^^^^^^^^^^^^^^^^^^ ValueError: size not valid: 536870912 bytes ),,,,,,60,1200,eff53cc4804cc7d6246a6e5086861ce2b846f62b,9e3dcfe,unknown (not recorded),,inferred: cloud container (2 vCPU) + laptop Windows; see PROTOCOL.md deviations,interrupted (host sleep/kill); rerun
protocol_A.jsonl:1184,A,unrollgan,TwoPhase@k=8,0.16,,0,error,error: process died / bad script (~~~~~~~~~~~~~~~~^^^^^^^^^^^^^^^^^^^ ValueError: size not valid: 536870912 bytes ),,,,,,60,1200,eff53cc4804cc7d6246a6e5086861ce2b846f62b,9e3dcfe,unknown (not recorded),,inferred: cloud container (2 vCPU) + laptop Windows; see PROTOCOL.md deviations,interrupted (host sleep/kill); rerun
protocol_A.jsonl:1185,A,unrollgan,NbhdPenalty@b=0.25,0.16,,0,error,error: process died / bad script (~~~~~~~~~~~~~~~~^^^^^^^^^^^^^^^^^^^ ValueError: size not valid: 536870912 bytes ),,,,,,60,1200,eff53cc4804cc7d6246a6e5086861ce2b846f62b,9e3dcfe,unknown (not recorded),,inferred: cloud container (2 vCPU) + laptop Windows; see PROTOCOL.md deviations,interrupted (host sleep/kill); rerun
protocol_A.jsonl:1186,A,unrollgan,DTR,0.15,,1,error,error: process died / bad script (~~~~~~~~~~~~~~~~^^^^^^^^^^^^^^^^^^^ ValueError: size not valid: 536870912 bytes ),,,,,,60,1200,eff53cc4804cc7d6246a6e5086861ce2b846f62b,9e3dcfe,unknown (not recorded),,inferred: cloud container (2 vCPU) + laptop Windows; see PROTOCOL.md deviations,interrupted (host sleep/kill); rerun
protocol_A.jsonl:1187,A,unrollgan,DTR,0.15,,0,error,error: process died / bad script (~~~~~~~~~~~~~~~~^^^^^^^^^^^^^^^^^^^ ValueError: size not valid: 536870912 bytes ),,,,,,60,1200,eff53cc4804cc7d6246a6e5086861ce2b846f62b,9e3dcfe,unknown (not recorded),,inferred: cloud container (2 vCPU) + laptop Windows; see PROTOCOL.md deviations,interrupted (host sleep/kill); rerun
protocol_A.jsonl:1188,A,unrollgan,DTR,0.15,,2,error,error: process died / bad script (~~~~~~~~~~~~~~~~^^^^^^^^^^^^^^^^^^^ ValueError: size not valid: 536870912 bytes ),,,,,,60,1200,eff53cc4804cc7d6246a6e5086861ce2b846f62b,9e3dcfe,unknown (not recorded),,inferred: cloud container (2 vCPU) + laptop Windows; see PROTOCOL.md deviations,interrupted (host sleep/kill); rerun
protocol_A.jsonl:1189,A,unrollgan,NbhdPenalty@b=0.25,0.15,,0,error,error: process died / bad script (~~~~~~~~~~~~~~~~^^^^^^^^^^^^^^^^^^^ ValueError: size not valid: 536870912 bytes ),,,,,,60,1200,eff53cc4804cc7d6246a6e5086861ce2b846f62b,9e3dcfe,unknown (not recorded),,inferred: cloud container (2 vCPU) + laptop Windows; see PROTOCOL.md deviations,interrupted (host sleep/kill); rerun
protocol_A.jsonl:1190,A,unrollgan,NbhdPenalty@b=0.25,0.15,,2,error,error: process died / bad script (~~~~~~~~~~~~~~~~^^^^^^^^^^^^^^^^^^^ ValueError: size not valid: 536870912 bytes ),,,,,,60,1200,eff53cc4804cc7d6246a6e5086861ce2b846f62b,9e3dcfe,unknown (not recorded),,inferred: cloud container (2 vCPU) + laptop Windows; see PROTOCOL.md deviations,interrupted (host sleep/kill); rerun
protocol_A.jsonl:1191,A,unrollgan,NbhdPenalty@b=0.25,0.15,,1,error,error: process died / bad script (~~~~~~~~~~~~~~~~^^^^^^^^^^^^^^^^^^^ ValueError: size not valid: 536870912 bytes ),,,,,,60,1200,eff53cc4804cc7d6246a6e5086861ce2b846f62b,9e3dcfe,unknown (not recorded),,inferred: cloud container (2 vCPU) + laptop Windows; see PROTOCOL.md deviations,interrupted (host sleep/kill); rerun
protocol_A.jsonl:1192,A,unrollgan,TwoPhase@k=8,0.15,,0,error,error: process died / bad script (~~~~~~~~~~~~~~~~^^^^^^^^^^^^^^^^^^^ ValueError: size not valid: 536870912 bytes ),,,,,,60,1200,eff53cc4804cc7d6246a6e5086861ce2b846f62b,9e3dcfe,unknown (not recorded),,inferred: cloud container (2 vCPU) + laptop Windows; see PROTOCOL.md deviations,interrupted (host sleep/kill); rerun
protocol_A.jsonl:1193,A,unrollgan,TwoPhase@k=8,0.15,,1,error,error: process died / bad script (~~~~~~~~~~~~~~~~^^^^^^^^^^^^^^^^^^^ ValueError: size not valid: 536870912 bytes ),,,,,,60,1200,eff53cc4804cc7d6246a6e5086861ce2b846f62b,9e3dcfe,unknown (not recorded),,inferred: cloud container (2 vCPU) + laptop Windows; see PROTOCOL.md deviations,interrupted (host sleep/kill); rerun
protocol_A.jsonl:1194,A,unrollgan,TwoPhase@k=8,0.14,,0,error,error: process died / bad script (~~~~~~~~~~~~~~~~^^^^^^^^^^^^^^^^^^^ ValueError: size not valid: 536870912 bytes ),,,,,,60,1200,eff53cc4804cc7d6246a6e5086861ce2b846f62b,9e3dcfe,unknown (not recorded),,inferred: cloud container (2 vCPU) + laptop Windows; see PROTOCOL.md deviations,interrupted (host sleep/kill); rerun
protocol_A.jsonl:1195,A,unrollgan,NbhdPenalty@b=0.25,0.14,,0,error,error: process died / bad script (~~~~~~~~~~~~~~~~^^^^^^^^^^^^^^^^^^^ ValueError: size not valid: 536870912 bytes ),,,,,,60,1200,eff53cc4804cc7d6246a6e5086861ce2b846f62b,9e3dcfe,unknown (not recorded),,inferred: cloud container (2 vCPU) + laptop Windows; see PROTOCOL.md deviations,interrupted (host sleep/kill); rerun
protocol_A.jsonl:1196,A,unrollgan,DTR,0.14,,0,error,error: process died / bad script (~~~~~~~~~~~~~~~~^^^^^^^^^^^^^^^^^^^ ValueError: size not valid: 536870912 bytes ),,,,,,60,1200,eff53cc4804cc7d6246a6e5086861ce2b846f62b,9e3dcfe,unknown (not recorded),,inferred: cloud container (2 vCPU) + laptop Windows; see PROTOCOL.md deviations,interrupted (host sleep/kill); rerun
protocol_A.jsonl:1197,A,unrollgan,TwoPhase@k=8,0.15,,2,error,error: process died / bad script (~~~~~~~~~~~~~~~~^^^^^^^^^^^^^^^^^^^ ValueError: size not valid: 536870912 bytes ),,,,,,60,1200,eff53cc4804cc7d6246a6e5086861ce2b846f62b,9e3dcfe,unknown (not recorded),,inferred: cloud container (2 vCPU) + laptop Windows; see PROTOCOL.md deviations,interrupted (host sleep/kill); rerun
protocol_A.jsonl:1198,A,unrollgan,TwoPhase@k=8,0.13,,0,error,error: process died / bad script (~~~~~~~~~~~~~~~~^^^^^^^^^^^^^^^^^^^ ValueError: size not valid: 536870912 bytes ),,,,,,60,1200,eff53cc4804cc7d6246a6e5086861ce2b846f62b,9e3dcfe,unknown (not recorded),,inferred: cloud container (2 vCPU) + laptop Windows; see PROTOCOL.md deviations,interrupted (host sleep/kill); rerun
protocol_A.jsonl:1199,A,unrollgan,DTR,0.13,,0,error,error: process died / bad script (~~~~~~~~~~~~~~~~^^^^^^^^^^^^^^^^^^^ ValueError: size not valid: 536870912 bytes ),,,,,,60,1200,eff53cc4804cc7d6246a6e5086861ce2b846f62b,9e3dcfe,unknown (not recorded),,inferred: cloud container (2 vCPU) + laptop Windows; see PROTOCOL.md deviations,interrupted (host sleep/kill); rerun
protocol_A.jsonl:1200,A,unrollgan,DTR,0.12,,0,error,error: process died / bad script (~~~~~~~~~~~~~~~~^^^^^^^^^^^^^^^^^^^ ValueError: size not valid: 536870912 bytes ),,,,,,60,1200,eff53cc4804cc7d6246a6e5086861ce2b846f62b,9e3dcfe,unknown (not recorded),,inferred: cloud container (2 vCPU) + laptop Windows; see PROTOCOL.md deviations,interrupted (host sleep/kill); rerun
protocol_A.jsonl:1201,A,unrollgan,NbhdPenalty@b=0.25,0.13,,0,error,error: process died / bad script (~~~~~~~~~~~~~~~~^^^^^^^^^^^^^^^^^^^ ValueError: size not valid: 536870912 bytes ),,,,,,60,1200,eff53cc4804cc7d6246a6e5086861ce2b846f62b,9e3dcfe,unknown (not recorded),,inferred: cloud container (2 vCPU) + laptop Windows; see PROTOCOL.md deviations,interrupted (host sleep/kill); rerun
protocol_A.jsonl:1202,A,unrollgan,NbhdPenalty@b=0.25,0.11,,0,error,error: process died / bad script (~~~~~~~~~~~~~~~~^^^^^^^^^^^^^^^^^^^ ValueError: size not valid: 536870912 bytes ),,,,,,60,1200,eff53cc4804cc7d6246a6e5086861ce2b846f62b,9e3dcfe,unknown (not recorded),,inferred: cloud container (2 vCPU) + laptop Windows; see PROTOCOL.md deviations,interrupted (host sleep/kill); rerun
protocol_A.jsonl:1203,A,unrollgan,NbhdPenalty@b=0.25,0.12,,0,error,error: process died / bad script (~~~~~~~~~~~~~~~~^^^^^^^^^^^^^^^^^^^ ValueError: size not valid: 536870912 bytes ),,,,,,60,1200,eff53cc4804cc7d6246a6e5086861ce2b846f62b,9e3dcfe,unknown (not recorded),,inferred: cloud container (2 vCPU) + laptop Windows; see PROTOCOL.md deviations,interrupted (host sleep/kill); rerun
protocol_A.jsonl:1204,A,unrollgan,DTR,0.11,,0,error,error: process died / bad script (~~~~~~~~~~~~~~~~^^^^^^^^^^^^^^^^^^^ ValueError: size not valid: 536870912 bytes ),,,,,,60,1200,eff53cc4804cc7d6246a6e5086861ce2b846f62b,9e3dcfe,unknown (not recorded),,inferred: cloud container (2 vCPU) + laptop Windows; see PROTOCOL.md deviations,interrupted (host sleep/kill); rerun
protocol_A.jsonl:1205,A,unrollgan,TwoPhase@k=8,0.12,,0,error,error: process died / bad script (~~~~~~~~~~~~~~~~^^^^^^^^^^^^^^^^^^^ ValueError: size not valid: 536870912 bytes ),,,,,,60,1200,eff53cc4804cc7d6246a6e5086861ce2b846f62b,9e3dcfe,unknown (not recorded),,inferred: cloud container (2 vCPU) + laptop Windows; see PROTOCOL.md deviations,interrupted (host sleep/kill); rerun
protocol_A.jsonl:1206,A,unrollgan,TwoPhase@k=8,0.11,,0,error,error: process died / bad script (~~~~~~~~~~~~~~~~^^^^^^^^^^^^^^^^^^^ ValueError: size not valid: 536870912 bytes ),,,,,,60,1200,eff53cc4804cc7d6246a6e5086861ce2b846f62b,9e3dcfe,unknown (not recorded),,inferred: cloud container (2 vCPU) + laptop Windows; see PROTOCOL.md deviations,interrupted (host sleep/kill); rerun
protocol_A.jsonl:1207,A,unrollgan,TwoPhase@k=8,0.1,,0,error,error: process died / bad script (~~~~~~~~~~~~~~~~^^^^^^^^^^^^^^^^^^^ ValueError: size not valid: 536870912 bytes ),,,,,,60,1200,eff53cc4804cc7d6246a6e5086861ce2b846f62b,9e3dcfe,unknown (not recorded),,inferred: cloud container (2 vCPU) + laptop Windows; see PROTOCOL.md deviations,interrupted (host sleep/kill); rerun
protocol_A.jsonl:1208,A,unrollgan,NbhdPenalty@b=0.25,0.1,,0,error,error: process died / bad script (~~~~~~~~~~~~~~~~^^^^^^^^^^^^^^^^^^^ ValueError: size not valid: 536870912 bytes ),,,,,,60,1200,eff53cc4804cc7d6246a6e5086861ce2b846f62b,9e3dcfe,unknown (not recorded),,inferred: cloud container (2 vCPU) + laptop Windows; see PROTOCOL.md deviations,interrupted (host sleep/kill); rerun
protocol_A.jsonl:1209,A,unrollgan,DTR,0.1,,0,error,error: process died / bad script (~~~~~~~~~~~~~~~~^^^^^^^^^^^^^^^^^^^ ValueError: size not valid: 536870912 bytes ),,,,,,60,1200,eff53cc4804cc7d6246a6e5086861ce2b846f62b,9e3dcfe,unknown (not recorded),,inferred: cloud container (2 vCPU) + laptop Windows; see PROTOCOL.md deviations,interrupted (host sleep/kill); rerun
protocol_A.jsonl:1210,A,unrollgan,NbhdPenalty@b=0.25,0.09,,0,error,error: process died / bad script (~~~~~~~~~~~~~~~~^^^^^^^^^^^^^^^^^^^ ValueError: size not valid: 536870912 bytes ),,,,,,60,1200,eff53cc4804cc7d6246a6e5086861ce2b846f62b,9e3dcfe,unknown (not recorded),,inferred: cloud container (2 vCPU) + laptop Windows; see PROTOCOL.md deviations,interrupted (host sleep/kill); rerun
protocol_A.jsonl:1211,A,unrollgan,TwoPhase@k=8,0.09,,0,error,error: process died / bad script (~~~~~~~~~~~~~~~~^^^^^^^^^^^^^^^^^^^ ValueError: size not valid: 536870912 bytes ),,,,,,60,1200,eff53cc4804cc7d6246a6e5086861ce2b846f62b,9e3dcfe,unknown (not recorded),,inferred: cloud container (2 vCPU) + laptop Windows; see PROTOCOL.md deviations,interrupted (host sleep/kill); rerun
protocol_A.jsonl:1212,A,unrollgan,DTR,0.09,,0,error,error: process died / bad script (~~~~~~~~~~~~~~~~^^^^^^^^^^^^^^^^^^^ ValueError: size not valid: 536870912 bytes ),,,,,,60,1200,eff53cc4804cc7d6246a6e5086861ce2b846f62b,9e3dcfe,unknown (not recorded),,inferred: cloud container (2 vCPU) + laptop Windows; see PROTOCOL.md deviations,interrupted (host sleep/kill); rerun
protocol_A.jsonl:1213,A,unrollgan,DTR,0.08,,0,error,error: process died / bad script (~~~~~~~~~~~~~~~~^^^^^^^^^^^^^^^^^^^ ValueError: size not valid: 536870912 bytes ),,,,,,60,1200,eff53cc4804cc7d6246a6e5086861ce2b846f62b,9e3dcfe,unknown (not recorded),,inferred: cloud container (2 vCPU) + laptop Windows; see PROTOCOL.md deviations,interrupted (host sleep/kill); rerun
protocol_A.jsonl:1214,A,unrollgan,NbhdPenalty@b=0.25,0.07,,0,error,error: process died / bad script (~~~~~~~~~~~~~~~~^^^^^^^^^^^^^^^^^^^ ValueError: size not valid: 536870912 bytes ),,,,,,60,1200,eff53cc4804cc7d6246a6e5086861ce2b846f62b,9e3dcfe,unknown (not recorded),,inferred: cloud container (2 vCPU) + laptop Windows; see PROTOCOL.md deviations,interrupted (host sleep/kill); rerun
protocol_A.jsonl:1215,A,unrollgan,NbhdPenalty@b=0.25,0.08,,0,error,error: process died / bad script (~~~~~~~~~~~~~~~~^^^^^^^^^^^^^^^^^^^ ValueError: size not valid: 536870912 bytes ),,,,,,60,1200,eff53cc4804cc7d6246a6e5086861ce2b846f62b,9e3dcfe,unknown (not recorded),,inferred: cloud container (2 vCPU) + laptop Windows; see PROTOCOL.md deviations,interrupted (host sleep/kill); rerun
protocol_A.jsonl:1216,A,unrollgan,DTR,0.07,,0,error,error: process died / bad script (~~~~~~~~~~~~~~~~^^^^^^^^^^^^^^^^^^^ ValueError: size not valid: 536870912 bytes ),,,,,,60,1200,eff53cc4804cc7d6246a6e5086861ce2b846f62b,9e3dcfe,unknown (not recorded),,inferred: cloud container (2 vCPU) + laptop Windows; see PROTOCOL.md deviations,interrupted (host sleep/kill); rerun
protocol_A.jsonl:1217,A,unrollgan,TwoPhase@k=8,0.08,,0,error,error: process died / bad script (~~~~~~~~~~~~~~~~^^^^^^^^^^^^^^^^^^^ ValueError: size not valid: 536870912 bytes ),,,,,,60,1200,eff53cc4804cc7d6246a6e5086861ce2b846f62b,9e3dcfe,unknown (not recorded),,inferred: cloud container (2 vCPU) + laptop Windows; see PROTOCOL.md deviations,interrupted (host sleep/kill); rerun
protocol_A.jsonl:1218,A,unrollgan,NbhdPenalty@b=0.25,0.06,,0,error,error: process died / bad script (~~~~~~~~~~~~~~~~^^^^^^^^^^^^^^^^^^^ ValueError: size not valid: 536870912 bytes ),,,,,,60,1200,eff53cc4804cc7d6246a6e5086861ce2b846f62b,9e3dcfe,unknown (not recorded),,inferred: cloud container (2 vCPU) + laptop Windows; see PROTOCOL.md deviations,interrupted (host sleep/kill); rerun
protocol_A.jsonl:1219,A,unrollgan,TwoPhase@k=8,0.06,,0,error,error: process died / bad script (~~~~~~~~~~~~~~~~^^^^^^^^^^^^^^^^^^^ ValueError: size not valid: 536870912 bytes ),,,,,,60,1200,eff53cc4804cc7d6246a6e5086861ce2b846f62b,9e3dcfe,unknown (not recorded),,inferred: cloud container (2 vCPU) + laptop Windows; see PROTOCOL.md deviations,interrupted (host sleep/kill); rerun
protocol_A.jsonl:1220,A,unrollgan,TwoPhase@k=8,0.07,,0,error,error: process died / bad script (~~~~~~~~~~~~~~~~^^^^^^^^^^^^^^^^^^^ ValueError: size not valid: 536870912 bytes ),,,,,,60,1200,eff53cc4804cc7d6246a6e5086861ce2b846f62b,9e3dcfe,unknown (not recorded),,inferred: cloud container (2 vCPU) + laptop Windows; see PROTOCOL.md deviations,interrupted (host sleep/kill); rerun
protocol_A.jsonl:1221,A,unrollgan,DTR,0.06,,0,error,error: process died / bad script (~~~~~~~~~~~~~~~~^^^^^^^^^^^^^^^^^^^ ValueError: size not valid: 536870912 bytes ),,,,,,60,1200,eff53cc4804cc7d6246a6e5086861ce2b846f62b,9e3dcfe,unknown (not recorded),,inferred: cloud container (2 vCPU) + laptop Windows; see PROTOCOL.md deviations,interrupted (host sleep/kill); rerun
protocol_A.jsonl:1222,A,unrollgan,NbhdPenalty@b=0.25,0.05,,0,error,error: process died / bad script (~~~~~~~~~~~~~~~~^^^^^^^^^^^^^^^^^^^ ValueError: size not valid: 536870912 bytes ),,,,,,60,1200,eff53cc4804cc7d6246a6e5086861ce2b846f62b,9e3dcfe,unknown (not recorded),,inferred: cloud container (2 vCPU) + laptop Windows; see PROTOCOL.md deviations,interrupted (host sleep/kill); rerun
protocol_A.jsonl:1223,A,unrollgan,TwoPhase@k=8,0.05,,0,error,error: process died / bad script (~~~~~~~~~~~~~~~~^^^^^^^^^^^^^^^^^^^ ValueError: size not valid: 536870912 bytes ),,,,,,60,1200,eff53cc4804cc7d6246a6e5086861ce2b846f62b,9e3dcfe,unknown (not recorded),,inferred: cloud container (2 vCPU) + laptop Windows; see PROTOCOL.md deviations,interrupted (host sleep/kill); rerun
protocol_A.jsonl:1224,A,unrollgan,DTR,0.05,,0,error,error: process died / bad script (~~~~~~~~~~~~~~~~^^^^^^^^^^^^^^^^^^^ ValueError: size not valid: 536870912 bytes ),,,,,,60,1200,eff53cc4804cc7d6246a6e5086861ce2b846f62b,9e3dcfe,unknown (not recorded),,inferred: cloud container (2 vCPU) + laptop Windows; see PROTOCOL.md deviations,interrupted (host sleep/kill); rerun
protocol_A.jsonl:1225,A,inception,TwoPhase@k=8,0.28,3148698383,2,oom,"oom: evictable pool empty, pinned 3.14 GB at depth 187",,3141125236,183,194,935.78,60,1200,eff53cc4804cc7d6246a6e5086861ce2b846f62b,9e3dcfe,unknown (not recorded),,inferred: cloud container (2 vCPU) + laptop Windows; see PROTOCOL.md deviations,
protocol_A.jsonl:1226,A,inception,TwoPhase@k=8,0.28,3148698383,0,oom,"oom: evictable pool empty, pinned 3.14 GB at depth 187",,3141125236,183,194,945.62,60,1200,eff53cc4804cc7d6246a6e5086861ce2b846f62b,9e3dcfe,unknown (not recorded),,inferred: cloud container (2 vCPU) + laptop Windows; see PROTOCOL.md deviations,
protocol_A.jsonl:1227,A,inception,TwoPhase@k=8,0.28,3148698383,1,oom,"oom: evictable pool empty, pinned 3.14 GB at depth 187",,3141125236,183,194,951.06,60,1200,eff53cc4804cc7d6246a6e5086861ce2b846f62b,9e3dcfe,unknown (not recorded),,inferred: cloud container (2 vCPU) + laptop Windows; see PROTOCOL.md deviations,
protocol_A.jsonl:1228,A,inception,DTR,0.25,2811337842,0,ok,ok,1.3709050921976265,986579316,1,34,88.35,60,1200,eff53cc4804cc7d6246a6e5086861ce2b846f62b,9e3dcfe,unknown (not recorded),,inferred: cloud container (2 vCPU) + laptop Windows; see PROTOCOL.md deviations,
protocol_A.jsonl:1229,A,inception,TwoPhase@k=8,0.26,2923791355,0,oom,"oom: evictable pool empty, pinned 2.85 GB at depth 133",,2879850612,120,142,208.33,60,1200,eff53cc4804cc7d6246a6e5086861ce2b846f62b,9e3dcfe,unknown (not recorded),,inferred: cloud container (2 vCPU) + laptop Windows; see PROTOCOL.md deviations,
protocol_A.jsonl:1230,A,inception,TwoPhase@k=8,0.3,,0,timeout,timeout after 1200.0 s (20-min limit),,,,,1200.0,60,1200,eff53cc4804cc7d6246a6e5086861ce2b846f62b,9e3dcfe,unknown (not recorded),,inferred: cloud container (2 vCPU) + laptop Windows; see PROTOCOL.md deviations,
protocol_A.jsonl:1231,A,inception,NbhdPenalty@b=0.25,0.25,2811337842,0,oom,"oom: evictable pool empty, pinned 2.64 GB at depth 69",,2644077172,70,168,315.93,60,1200,eff53cc4804cc7d6246a6e5086861ce2b846f62b,9e3dcfe,unknown (not recorded),,inferred: cloud container (2 vCPU) + laptop Windows; see PROTOCOL.md deviations,
protocol_A.jsonl:1232,A,inception,TwoPhase@k=8,0.25,2811337842,0,oom,"oom: evictable pool empty, pinned 2.81 GB at depth 136",,2808471156,136,148,257.34,60,1200,eff53cc4804cc7d6246a6e5086861ce2b846f62b,9e3dcfe,unknown (not recorded),,inferred: cloud container (2 vCPU) + laptop Windows; see PROTOCOL.md deviations,
protocol_A.jsonl:1233,A,inception,TwoPhase@k=8,0.27,,0,timeout,timeout after 1200.0 s (20-min limit),,,,,1200.0,60,1200,eff53cc4804cc7d6246a6e5086861ce2b846f62b,9e3dcfe,unknown (not recorded),,inferred: cloud container (2 vCPU) + laptop Windows; see PROTOCOL.md deviations,
protocol_A.jsonl:1234,A,inception,DTR,0.24,,0,timeout,timeout after 1200.0 s (20-min limit),,,,,1200.0,60,1200,eff53cc4804cc7d6246a6e5086861ce2b846f62b,9e3dcfe,unknown (not recorded),,inferred: cloud container (2 vCPU) + laptop Windows; see PROTOCOL.md deviations,
protocol_A.jsonl:1235,A,treelstm,DTR,0.07,,0,timeout,timeout after 1200.0 s (20-min limit),,,,,1200.0,60,1200,eff53cc4804cc7d6246a6e5086861ce2b846f62b,9e3dcfe,unknown (not recorded),,inferred: cloud container (2 vCPU) + laptop Windows; see PROTOCOL.md deviations,
protocol_A.jsonl:1236,A,treelstm,TwoPhase@k=8,0.07,,0,timeout,timeout after 1200.0 s (20-min limit),,,,,1200.0,60,1200,eff53cc4804cc7d6246a6e5086861ce2b846f62b,9e3dcfe,unknown (not recorded),,inferred: cloud container (2 vCPU) + laptop Windows; see PROTOCOL.md deviations,
protocol_A.jsonl:1237,A,treelstm,DTR,0.06,,0,timeout,timeout after 1200.0 s (20-min limit),,,,,1200.0,60,1200,eff53cc4804cc7d6246a6e5086861ce2b846f62b,9e3dcfe,unknown (not recorded),,inferred: cloud container (2 vCPU) + laptop Windows; see PROTOCOL.md deviations,
protocol_A.jsonl:1238,A,treelstm,NbhdPenalty@b=0.25,0.06,,0,timeout,timeout after 1200.0 s (20-min limit),,,,,1200.0,60,1200,eff53cc4804cc7d6246a6e5086861ce2b846f62b,9e3dcfe,unknown (not recorded),,inferred: cloud container (2 vCPU) + laptop Windows; see PROTOCOL.md deviations,
protocol_A.jsonl:1239,A,treelstm,TwoPhase@k=8,0.06,,0,timeout,timeout after 1200.0 s (20-min limit),,,,,1200.0,60,1200,eff53cc4804cc7d6246a6e5086861ce2b846f62b,9e3dcfe,unknown (not recorded),,inferred: cloud container (2 vCPU) + laptop Windows; see PROTOCOL.md deviations,
protocol_A.jsonl:1240,A,unrollgan,DTR,0.6,156072637,0,ok,ok,1.053887679616558,17499588,2,21,7.03,60,1200,eff53cc4804cc7d6246a6e5086861ce2b846f62b,9e3dcfe,unknown (not recorded),,inferred: cloud container (2 vCPU) + laptop Windows; see PROTOCOL.md deviations,
protocol_A.jsonl:1241,A,unrollgan,NbhdPenalty@b=0.25,0.6,156072637,0,ok,ok,1.0551291875184539,17499588,2,21,6.5,60,1200,eff53cc4804cc7d6246a6e5086861ce2b846f62b,9e3dcfe,unknown (not recorded),,inferred: cloud container (2 vCPU) + laptop Windows; see PROTOCOL.md deviations,
protocol_A.jsonl:1242,A,unrollgan,TwoPhase@k=8,0.6,156072637,0,ok,ok,1.0541346276855712,17499588,2,21,6.89,60,1200,eff53cc4804cc7d6246a6e5086861ce2b846f62b,9e3dcfe,unknown (not recorded),,inferred: cloud container (2 vCPU) + laptop Windows; see PROTOCOL.md deviations,
protocol_A.jsonl:1243,A,unrollgan,DTR,0.59,153471426,0,ok,ok,1.0556154631802381,17499588,2,21,7.26,60,1200,eff53cc4804cc7d6246a6e5086861ce2b846f62b,9e3dcfe,unknown (not recorded),,inferred: cloud container (2 vCPU) + laptop Windows; see PROTOCOL.md deviations,
protocol_A.jsonl:1244,A,unrollgan,NbhdPenalty@b=0.25,0.59,153471426,0,ok,ok,1.056550119374043,17499588,2,21,6.73,60,1200,eff53cc4804cc7d6246a6e5086861ce2b846f62b,9e3dcfe,unknown (not recorded),,inferred: cloud container (2 vCPU) + laptop Windows; see PROTOCOL.md deviations,
protocol_A.jsonl:1245,A,unrollgan,TwoPhase@k=8,0.59,153471426,0,ok,ok,1.0540673108216971,17499588,2,21,7.04,60,1200,eff53cc4804cc7d6246a6e5086861ce2b846f62b,9e3dcfe,unknown (not recorded),,inferred: cloud container (2 vCPU) + laptop Windows; see PROTOCOL.md deviations,
protocol_A.jsonl:1246,A,unrollgan,DTR,0.58,150870215,0,ok,ok,1.056423855416226,17499588,2,21,7.36,60,1200,eff53cc4804cc7d6246a6e5086861ce2b846f62b,9e3dcfe,unknown (not recorded),,inferred: cloud container (2 vCPU) + laptop Windows; see PROTOCOL.md deviations,
protocol_A.jsonl:1247,A,treelstm,DTR,0.05,,0,timeout,timeout after 1200.0 s (20-min limit),,,,,1200.0,60,1200,eff53cc4804cc7d6246a6e5086861ce2b846f62b,9e3dcfe,unknown (not recorded),,inferred: cloud container (2 vCPU) + laptop Windows; see PROTOCOL.md deviations,
protocol_A.jsonl:1248,A,unrollgan,NbhdPenalty@b=0.25,0.58,150870215,0,ok,ok,1.0569727528995134,17499588,2,21,6.3,60,1200,eff53cc4804cc7d6246a6e5086861ce2b846f62b,9e3dcfe,unknown (not recorded),,inferred: cloud container (2 vCPU) + laptop Windows; see PROTOCOL.md deviations,
protocol_A.jsonl:1249,A,unrollgan,TwoPhase@k=8,0.58,150870215,0,ok,ok,1.0556133986369884,17499588,2,21,7.03,60,1200,eff53cc4804cc7d6246a6e5086861ce2b846f62b,9e3dcfe,unknown (not recorded),,inferred: cloud container (2 vCPU) + laptop Windows; see PROTOCOL.md deviations,
protocol_A.jsonl:1250,A,unrollgan,DTR,0.57,148269005,0,ok,ok,1.0577346729843604,17499588,2,21,7.1,60,1200,eff53cc4804cc7d6246a6e5086861ce2b846f62b,9e3dcfe,unknown (not recorded),,inferred: cloud container (2 vCPU) + laptop Windows; see PROTOCOL.md deviations,
protocol_A.jsonl:1251,A,unrollgan,NbhdPenalty@b=0.25,0.57,148269005,0,ok,ok,1.0580246257284,17499588,2,21,6.65,60,1200,eff53cc4804cc7d6246a6e5086861ce2b846f62b,9e3dcfe,unknown (not recorded),,inferred: cloud container (2 vCPU) + laptop Windows; see PROTOCOL.md deviations,
protocol_A.jsonl:1252,A,unrollgan,TwoPhase@k=8,0.57,148269005,0,ok,ok,1.0572249858803975,17499588,2,21,6.93,60,1200,eff53cc4804cc7d6246a6e5086861ce2b846f62b,9e3dcfe,unknown (not recorded),,inferred: cloud container (2 vCPU) + laptop Windows; see PROTOCOL.md deviations,
protocol_A.jsonl:1253,A,unrollgan,DTR,0.56,145667794,0,ok,ok,1.0584036009396685,17499588,2,21,6.85,60,1200,eff53cc4804cc7d6246a6e5086861ce2b846f62b,9e3dcfe,unknown (not recorded),,inferred: cloud container (2 vCPU) + laptop Windows; see PROTOCOL.md deviations,
protocol_A.jsonl:1254,A,unrollgan,NbhdPenalty@b=0.25,0.56,145667794,0,ok,ok,1.059979620646475,17499588,2,21,7.04,60,1200,eff53cc4804cc7d6246a6e5086861ce2b846f62b,9e3dcfe,unknown (not recorded),,inferred: cloud container (2 vCPU) + laptop Windows; see PROTOCOL.md deviations,
protocol_A.jsonl:1255,A,unrollgan,TwoPhase@k=8,0.56,145667794,0,ok,ok,1.0585387448248218,17499588,2,21,7.07,60,1200,eff53cc4804cc7d6246a6e5086861ce2b846f62b,9e3dcfe,unknown (not recorded),,inferred: cloud container (2 vCPU) + laptop Windows; see PROTOCOL.md deviations,
protocol_A.jsonl:1256,A,unrollgan,DTR,0.55,143066584,0,ok,ok,1.060210921231322,17499588,2,21,7.42,60,1200,eff53cc4804cc7d6246a6e5086861ce2b846f62b,9e3dcfe,unknown (not recorded),,inferred: cloud container (2 vCPU) + laptop Windows; see PROTOCOL.md deviations,
protocol_A.jsonl:1257,A,unrollgan,DTR,0.55,143066584,1,ok,ok,1.060210921231322,17499588,2,21,7.17,60,1200,eff53cc4804cc7d6246a6e5086861ce2b846f62b,9e3dcfe,unknown (not recorded),,inferred: cloud container (2 vCPU) + laptop Windows; see PROTOCOL.md deviations,
protocol_A.jsonl:1258,A,unrollgan,DTR,0.55,143066584,2,ok,ok,1.060210921231322,17499588,2,21,7.05,60,1200,eff53cc4804cc7d6246a6e5086861ce2b846f62b,9e3dcfe,unknown (not recorded),,inferred: cloud container (2 vCPU) + laptop Windows; see PROTOCOL.md deviations,
protocol_A.jsonl:1259,A,unrollgan,NbhdPenalty@b=0.25,0.55,143066584,0,ok,ok,1.0619080156385883,17499588,2,21,7.22,60,1200,eff53cc4804cc7d6246a6e5086861ce2b846f62b,9e3dcfe,unknown (not recorded),,inferred: cloud container (2 vCPU) + laptop Windows; see PROTOCOL.md deviations,
protocol_A.jsonl:1260,A,unrollgan,NbhdPenalty@b=0.25,0.55,143066584,1,ok,ok,1.0619080156385883,17499588,2,21,7.06,60,1200,eff53cc4804cc7d6246a6e5086861ce2b846f62b,9e3dcfe,unknown (not recorded),,inferred: cloud container (2 vCPU) + laptop Windows; see PROTOCOL.md deviations,
protocol_A.jsonl:1261,A,unrollgan,NbhdPenalty@b=0.25,0.55,143066584,2,ok,ok,1.0619080156385883,17499588,2,21,7.09,60,1200,eff53cc4804cc7d6246a6e5086861ce2b846f62b,9e3dcfe,unknown (not recorded),,inferred: cloud container (2 vCPU) + laptop Windows; see PROTOCOL.md deviations,
protocol_A.jsonl:1262,A,treelstm,NbhdPenalty@b=0.25,0.05,8508680,0,oom,"oom: evictable pool empty, pinned 0.01 GB at depth 74",,8480804,74,77,530.57,60,1200,eff53cc4804cc7d6246a6e5086861ce2b846f62b,9e3dcfe,unknown (not recorded),,inferred: cloud container (2 vCPU) + laptop Windows; see PROTOCOL.md deviations,
protocol_A.jsonl:1263,A,unrollgan,TwoPhase@k=8,0.55,143066584,0,ok,ok,1.0593935932695315,17499588,2,21,7.35,60,1200,eff53cc4804cc7d6246a6e5086861ce2b846f62b,9e3dcfe,unknown (not recorded),,inferred: cloud container (2 vCPU) + laptop Windows; see PROTOCOL.md deviations,
protocol_A.jsonl:1264,A,unrollgan,TwoPhase@k=8,0.55,143066584,1,ok,ok,1.0593935932695315,17499588,2,21,7.59,60,1200,eff53cc4804cc7d6246a6e5086861ce2b846f62b,9e3dcfe,unknown (not recorded),,inferred: cloud container (2 vCPU) + laptop Windows; see PROTOCOL.md deviations,
protocol_A.jsonl:1265,A,unrollgan,TwoPhase@k=8,0.55,143066584,2,ok,ok,1.0593935932695315,17499588,2,21,7.47,60,1200,eff53cc4804cc7d6246a6e5086861ce2b846f62b,9e3dcfe,unknown (not recorded),,inferred: cloud container (2 vCPU) + laptop Windows; see PROTOCOL.md deviations,
protocol_A.jsonl:1266,A,unrollgan,DTR,0.54,140465373,0,ok,ok,1.0610283209339975,17499588,2,21,7.64,60,1200,eff53cc4804cc7d6246a6e5086861ce2b846f62b,9e3dcfe,unknown (not recorded),,inferred: cloud container (2 vCPU) + laptop Windows; see PROTOCOL.md deviations,
protocol_A.jsonl:1267,A,unrollgan,DTR,0.54,140465373,1,ok,ok,1.0610283209339975,17499588,2,21,7.5,60,1200,eff53cc4804cc7d6246a6e5086861ce2b846f62b,9e3dcfe,unknown (not recorded),,inferred: cloud container (2 vCPU) + laptop Windows; see PROTOCOL.md deviations,
protocol_A.jsonl:1268,A,unrollgan,DTR,0.54,140465373,2,ok,ok,1.0610283209339975,17499588,2,21,7.51,60,1200,eff53cc4804cc7d6246a6e5086861ce2b846f62b,9e3dcfe,unknown (not recorded),,inferred: cloud container (2 vCPU) + laptop Windows; see PROTOCOL.md deviations,
protocol_A.jsonl:1269,A,unrollgan,NbhdPenalty@b=0.25,0.54,140465373,0,ok,ok,1.0638030351767003,17499588,2,21,7.27,60,1200,eff53cc4804cc7d6246a6e5086861ce2b846f62b,9e3dcfe,unknown (not recorded),,inferred: cloud container (2 vCPU) + laptop Windows; see PROTOCOL.md deviations,
protocol_A.jsonl:1270,A,unrollgan,NbhdPenalty@b=0.25,0.54,140465373,1,ok,ok,1.0638030351767003,17499588,2,21,7.8,60,1200,eff53cc4804cc7d6246a6e5086861ce2b846f62b,9e3dcfe,unknown (not recorded),,inferred: cloud container (2 vCPU) + laptop Windows; see PROTOCOL.md deviations,
protocol_A.jsonl:1271,A,unrollgan,NbhdPenalty@b=0.25,0.54,140465373,2,ok,ok,1.0638030351767003,17499588,2,21,7.74,60,1200,eff53cc4804cc7d6246a6e5086861ce2b846f62b,9e3dcfe,unknown (not recorded),,inferred: cloud container (2 vCPU) + laptop Windows; see PROTOCOL.md deviations,
protocol_A.jsonl:1272,A,unrollgan,TwoPhase@k=8,0.54,140465373,0,ok,ok,1.060413931993802,17499588,2,21,7.34,60,1200,eff53cc4804cc7d6246a6e5086861ce2b846f62b,9e3dcfe,unknown (not recorded),,inferred: cloud container (2 vCPU) + laptop Windows; see PROTOCOL.md deviations,
protocol_A.jsonl:1273,A,unrollgan,TwoPhase@k=8,0.54,140465373,1,ok,ok,1.060413931993802,17499588,2,21,7.34,60,1200,eff53cc4804cc7d6246a6e5086861ce2b846f62b,9e3dcfe,unknown (not recorded),,inferred: cloud container (2 vCPU) + laptop Windows; see PROTOCOL.md deviations,
protocol_A.jsonl:1274,A,unrollgan,TwoPhase@k=8,0.54,140465373,2,ok,ok,1.060413931993802,17499588,2,21,7.78,60,1200,eff53cc4804cc7d6246a6e5086861ce2b846f62b,9e3dcfe,unknown (not recorded),,inferred: cloud container (2 vCPU) + laptop Windows; see PROTOCOL.md deviations,
protocol_A.jsonl:1275,A,unrollgan,DTR,0.53,137864162,0,ok,ok,1.0628695108946387,17499588,7,21,8.06,60,1200,eff53cc4804cc7d6246a6e5086861ce2b846f62b,9e3dcfe,unknown (not recorded),,inferred: cloud container (2 vCPU) + laptop Windows; see PROTOCOL.md deviations,
protocol_A.jsonl:1276,A,unrollgan,NbhdPenalty@b=0.25,0.53,137864162,0,ok,ok,1.0641817473380564,17499588,2,21,7.45,60,1200,eff53cc4804cc7d6246a6e5086861ce2b846f62b,9e3dcfe,unknown (not recorded),,inferred: cloud container (2 vCPU) + laptop Windows; see PROTOCOL.md deviations,
protocol_A.jsonl:1277,A,unrollgan,TwoPhase@k=8,0.53,137864162,0,ok,ok,1.0616584609840822,17499588,7,21,7.65,60,1200,eff53cc4804cc7d6246a6e5086861ce2b846f62b,9e3dcfe,unknown (not recorded),,inferred: cloud container (2 vCPU) + laptop Windows; see PROTOCOL.md deviations,
protocol_A.jsonl:1278,A,unrollgan,DTR,0.52,135262952,0,ok,ok,1.0637272449171722,17499588,7,21,7.96,60,1200,eff53cc4804cc7d6246a6e5086861ce2b846f62b,9e3dcfe,unknown (not recorded),,inferred: cloud container (2 vCPU) + laptop Windows; see PROTOCOL.md deviations,
protocol_A.jsonl:1279,A,unrollgan,NbhdPenalty@b=0.25,0.52,135262952,0,ok,ok,1.0648465302644463,17499588,2,21,7.44,60,1200,eff53cc4804cc7d6246a6e5086861ce2b846f62b,9e3dcfe,unknown (not recorded),,inferred: cloud container (2 vCPU) + laptop Windows; see PROTOCOL.md deviations,
protocol_A.jsonl:1280,A,unrollgan,TwoPhase@k=8,0.52,135262952,0,ok,ok,1.0622450543168973,17499588,7,21,7.97,60,1200,eff53cc4804cc7d6246a6e5086861ce2b846f62b,9e3dcfe,unknown (not recorded),,inferred: cloud container (2 vCPU) + laptop Windows; see PROTOCOL.md deviations,
protocol_A.jsonl:1281,A,unrollgan,DTR,0.51,132661741,0,ok,ok,1.0643042568562187,17499588,7,21,7.93,60,1200,eff53cc4804cc7d6246a6e5086861ce2b846f62b,9e3dcfe,unknown (not recorded),,inferred: cloud container (2 vCPU) + laptop Windows; see PROTOCOL.md deviations,
protocol_A.jsonl:1282,A,unrollgan,NbhdPenalty@b=0.25,0.51,132661741,0,ok,ok,1.0652651781851878,17499588,2,21,7.32,60,1200,eff53cc4804cc7d6246a6e5086861ce2b846f62b,9e3dcfe,unknown (not recorded),,inferred: cloud container (2 vCPU) + laptop Windows; see PROTOCOL.md deviations,
protocol_A.jsonl:1283,A,unrollgan,TwoPhase@k=8,0.51,132661741,0,ok,ok,1.0643565001630073,17499588,7,21,8.05,60,1200,eff53cc4804cc7d6246a6e5086861ce2b846f62b,9e3dcfe,unknown (not recorded),,inferred: cloud container (2 vCPU) + laptop Windows; see PROTOCOL.md deviations,
protocol_A.jsonl:1284,A,unrollgan,DTR,0.5,130060531,0,ok,ok,1.0652465733823127,17499588,7,21,8.13,60,1200,eff53cc4804cc7d6246a6e5086861ce2b846f62b,9e3dcfe,unknown (not recorded),,inferred: cloud container (2 vCPU) + laptop Windows; see PROTOCOL.md deviations,
protocol_A.jsonl:1285,A,unrollgan,NbhdPenalty@b=0.25,0.5,130060531,0,ok,ok,1.0674033036693542,17499588,2,21,7.88,60,1200,eff53cc4804cc7d6246a6e5086861ce2b846f62b,9e3dcfe,unknown (not recorded),,inferred: cloud container (2 vCPU) + laptop Windows; see PROTOCOL.md deviations,
protocol_A.jsonl:1286,A,unrollgan,TwoPhase@k=8,0.5,130060531,0,ok,ok,1.0637689343426384,17499588,7,21,7.9,60,1200,eff53cc4804cc7d6246a6e5086861ce2b846f62b,9e3dcfe,unknown (not recorded),,inferred: cloud container (2 vCPU) + laptop Windows; see PROTOCOL.md deviations,
protocol_A.jsonl:1287,A,unrollgan,DTR,0.49,127459320,0,ok,ok,1.0663701870963225,17499588,7,21,8.4,60,1200,eff53cc4804cc7d6246a6e5086861ce2b846f62b,9e3dcfe,unknown (not recorded),,inferred: cloud container (2 vCPU) + laptop Windows; see PROTOCOL.md deviations,
protocol_A.jsonl:1288,A,unrollgan,DTR,0.49,127459320,1,ok,ok,1.0663701870963225,17499588,7,21,8.4,60,1200,eff53cc4804cc7d6246a6e5086861ce2b846f62b,9e3dcfe,unknown (not recorded),,inferred: cloud container (2 vCPU) + laptop Windows; see PROTOCOL.md deviations,
protocol_A.jsonl:1289,A,unrollgan,DTR,0.49,127459320,2,ok,ok,1.0663701870963225,17499588,7,21,8.37,60,1200,eff53cc4804cc7d6246a6e5086861ce2b846f62b,9e3dcfe,unknown (not recorded),,inferred: cloud container (2 vCPU) + laptop Windows; see PROTOCOL.md deviations,
protocol_A.jsonl:1290,A,unrollgan,NbhdPenalty@b=0.25,0.49,127459320,0,ok,ok,1.0679534845173644,17499588,2,21,7.62,60,1200,eff53cc4804cc7d6246a6e5086861ce2b846f62b,9e3dcfe,unknown (not recorded),,inferred: cloud container (2 vCPU) + laptop Windows; see PROTOCOL.md deviations,
protocol_A.jsonl:1291,A,unrollgan,NbhdPenalty@b=0.25,0.49,127459320,1,ok,ok,1.0679534845173644,17499588,2,21,8.02,60,1200,eff53cc4804cc7d6246a6e5086861ce2b846f62b,9e3dcfe,unknown (not recorded),,inferred: cloud container (2 vCPU) + laptop Windows; see PROTOCOL.md deviations,
protocol_A.jsonl:1292,A,unrollgan,NbhdPenalty@b=0.25,0.49,127459320,2,ok,ok,1.0679534845173644,17499588,2,21,7.67,60,1200,eff53cc4804cc7d6246a6e5086861ce2b846f62b,9e3dcfe,unknown (not recorded),,inferred: cloud container (2 vCPU) + laptop Windows; see PROTOCOL.md deviations,
protocol_A.jsonl:1293,A,unrollgan,TwoPhase@k=8,0.49,127459320,0,ok,ok,1.0649534082408612,17499588,7,21,8.18,60,1200,eff53cc4804cc7d6246a6e5086861ce2b846f62b,9e3dcfe,unknown (not recorded),,inferred: cloud container (2 vCPU) + laptop Windows; see PROTOCOL.md deviations,
protocol_A.jsonl:1294,A,unrollgan,TwoPhase@k=8,0.49,127459320,1,ok,ok,1.0649534082408612,17499588,7,21,7.94,60,1200,eff53cc4804cc7d6246a6e5086861ce2b846f62b,9e3dcfe,unknown (not recorded),,inferred: cloud container (2 vCPU) + laptop Windows; see PROTOCOL.md deviations,
protocol_A.jsonl:1295,A,unrollgan,TwoPhase@k=8,0.49,127459320,2,ok,ok,1.0649534082408612,17499588,7,21,8.13,60,1200,eff53cc4804cc7d6246a6e5086861ce2b846f62b,9e3dcfe,unknown (not recorded),,inferred: cloud container (2 vCPU) + laptop Windows; see PROTOCOL.md deviations,
protocol_A.jsonl:1296,A,unrollgan,DTR,0.48,124858109,0,ok,ok,1.0675282922336577,17499588,7,21,8.25,60,1200,eff53cc4804cc7d6246a6e5086861ce2b846f62b,9e3dcfe,unknown (not recorded),,inferred: cloud container (2 vCPU) + laptop Windows; see PROTOCOL.md deviations,
protocol_A.jsonl:1297,A,unrollgan,NbhdPenalty@b=0.25,0.48,124858109,0,ok,ok,1.0678335178150193,17499588,2,21,8.03,60,1200,eff53cc4804cc7d6246a6e5086861ce2b846f62b,9e3dcfe,unknown (not recorded),,inferred: cloud container (2 vCPU) + laptop Windows; see PROTOCOL.md deviations,
protocol_A.jsonl:1298,A,unrollgan,TwoPhase@k=8,0.48,124858109,0,ok,ok,1.0666277448451245,17499588,7,21,8.34,60,1200,eff53cc4804cc7d6246a6e5086861ce2b846f62b,9e3dcfe,unknown (not recorded),,inferred: cloud container (2 vCPU) + laptop Windows; see PROTOCOL.md deviations,
protocol_A.jsonl:1299,A,unrollgan,DTR,0.47,122256899,0,ok,ok,1.0679657043814637,17499588,7,21,8.77,60,1200,eff53cc4804cc7d6246a6e5086861ce2b846f62b,9e3dcfe,unknown (not recorded),,inferred: cloud container (2 vCPU) + laptop Windows; see PROTOCOL.md deviations,
protocol_A.jsonl:1300,A,unrollgan,NbhdPenalty@b=0.25,0.47,122256899,0,ok,ok,1.0687334992476811,17499588,2,21,8.08,60,1200,eff53cc4804cc7d6246a6e5086861ce2b846f62b,9e3dcfe,unknown (not recorded),,inferred: cloud container (2 vCPU) + laptop Windows; see PROTOCOL.md deviations,
protocol_A.jsonl:1301,A,unrollgan,TwoPhase@k=8,0.47,122256899,0,ok,ok,1.0672739149974297,17499588,7,21,8.51,60,1200,eff53cc4804cc7d6246a6e5086861ce2b846f62b,9e3dcfe,unknown (not recorded),,inferred: cloud container (2 vCPU) + laptop Windows; see PROTOCOL.md deviations,
protocol_A.jsonl:1302,A,unrollgan,DTR,0.46,119655688,0,ok,ok,1.0696152903803595,17499588,7,21,8.68,60,1200,eff53cc4804cc7d6246a6e5086861ce2b846f62b,9e3dcfe,unknown (not recorded),,inferred: cloud container (2 vCPU) + laptop Windows; see PROTOCOL.md deviations,
protocol_A.jsonl:1303,A,unrollgan,NbhdPenalty@b=0.25,0.46,119655688,0,ok,ok,1.0687334992476811,17499588,2,21,8.08,60,1200,eff53cc4804cc7d6246a6e5086861ce2b846f62b,9e3dcfe,unknown (not recorded),,inferred: cloud container (2 vCPU) + laptop Windows; see PROTOCOL.md deviations,
protocol_A.jsonl:1304,A,unrollgan,TwoPhase@k=8,0.46,119655688,0,ok,ok,1.0682845129037422,17499588,7,21,8.53,60,1200,eff53cc4804cc7d6246a6e5086861ce2b846f62b,9e3dcfe,unknown (not recorded),,inferred: cloud container (2 vCPU) + laptop Windows; see PROTOCOL.md deviations,
protocol_A.jsonl:1305,A,unrollgan,NbhdPenalty@b=0.25,0.45,117054477,0,ok,ok,1.0707320089981882,17499588,2,21,8.47,60,1200,eff53cc4804cc7d6246a6e5086861ce2b846f62b,9e3dcfe,unknown (not recorded),,inferred: cloud container (2 vCPU) + laptop Windows; see PROTOCOL.md deviations,
protocol_A.jsonl:1306,A,unrollgan,DTR,0.45,117054477,0,ok,ok,1.0705838800128276,17499588,7,21,8.92,60,1200,eff53cc4804cc7d6246a6e5086861ce2b846f62b,9e3dcfe,unknown (not recorded),,inferred: cloud container (2 vCPU) + laptop Windows; see PROTOCOL.md deviations,
protocol_A.jsonl:1307,A,unrollgan,TwoPhase@k=8,0.45,117054477,0,ok,ok,1.0714822751748072,17499588,7,21,9.11,60,1200,eff53cc4804cc7d6246a6e5086861ce2b846f62b,9e3dcfe,unknown (not recorded),,inferred: cloud container (2 vCPU) + laptop Windows; see PROTOCOL.md deviations,
protocol_A.jsonl:1308,A,unrollgan,NbhdPenalty@b=0.25,0.44,114453267,0,ok,ok,1.0725292696235056,17499588,2,21,8.82,60,1200,eff53cc4804cc7d6246a6e5086861ce2b846f62b,9e3dcfe,unknown (not recorded),,inferred: cloud container (2 vCPU) + laptop Windows; see PROTOCOL.md deviations,
protocol_A.jsonl:1309,A,unrollgan,DTR,0.44,114453267,0,ok,ok,1.072615940583944,17499588,7,21,9.17,60,1200,eff53cc4804cc7d6246a6e5086861ce2b846f62b,9e3dcfe,unknown (not recorded),,inferred: cloud container (2 vCPU) + laptop Windows; see PROTOCOL.md deviations,
protocol_A.jsonl:1310,A,unrollgan,TwoPhase@k=8,0.44,114453267,0,ok,ok,1.0718189790623192,17499588,7,21,9.25,60,1200,eff53cc4804cc7d6246a6e5086861ce2b846f62b,9e3dcfe,unknown (not recorded),,inferred: cloud container (2 vCPU) + laptop Windows; see PROTOCOL.md deviations,
protocol_A.jsonl:1311,A,unrollgan,NbhdPenalty@b=0.25,0.43,111852056,0,ok,ok,1.0736464824563206,17499588,2,21,8.27,60,1200,eff53cc4804cc7d6246a6e5086861ce2b846f62b,9e3dcfe,unknown (not recorded),,inferred: cloud container (2 vCPU) + laptop Windows; see PROTOCOL.md deviations,
protocol_A.jsonl:1312,A,unrollgan,DTR,0.43,111852056,0,ok,ok,1.0738005659351464,17499588,7,21,9.74,60,1200,eff53cc4804cc7d6246a6e5086861ce2b846f62b,9e3dcfe,unknown (not recorded),,inferred: cloud container (2 vCPU) + laptop Windows; see PROTOCOL.md deviations,
protocol_A.jsonl:1313,A,unrollgan,TwoPhase@k=8,0.43,111852056,0,ok,ok,1.0724744277024334,17499588,7,21,9.44,60,1200,eff53cc4804cc7d6246a6e5086861ce2b846f62b,9e3dcfe,unknown (not recorded),,inferred: cloud container (2 vCPU) + laptop Windows; see PROTOCOL.md deviations,
protocol_A.jsonl:1314,A,unrollgan,NbhdPenalty@b=0.25,0.42,109250846,0,ok,ok,1.0744823195664728,17499588,2,22,8.29,60,1200,eff53cc4804cc7d6246a6e5086861ce2b846f62b,9e3dcfe,unknown (not recorded),,inferred: cloud container (2 vCPU) + laptop Windows; see PROTOCOL.md deviations,
protocol_A.jsonl:1315,A,unrollgan,DTR,0.42,109250846,0,ok,ok,1.0747740339478027,17499588,7,21,9.69,60,1200,eff53cc4804cc7d6246a6e5086861ce2b846f62b,9e3dcfe,unknown (not recorded),,inferred: cloud container (2 vCPU) + laptop Windows; see PROTOCOL.md deviations,
protocol_A.jsonl:1316,A,unrollgan,TwoPhase@k=8,0.42,109250846,0,ok,ok,1.0734364650007269,17499588,7,21,9.61,60,1200,eff53cc4804cc7d6246a6e5086861ce2b846f62b,9e3dcfe,unknown (not recorded),,inferred: cloud container (2 vCPU) + laptop Windows; see PROTOCOL.md deviations,
protocol_A.jsonl:1317,A,unrollgan,NbhdPenalty@b=0.25,0.41,106649635,0,ok,ok,1.0754435597438203,17499588,7,22,8.63,60,1200,eff53cc4804cc7d6246a6e5086861ce2b846f62b,9e3dcfe,unknown (not recorded),,inferred: cloud container (2 vCPU) + laptop Windows; see PROTOCOL.md deviations,
protocol_A.jsonl:1318,A,unrollgan,DTR,0.41,106649635,0,ok,ok,1.075712022107161,17499588,7,21,10.13,60,1200,eff53cc4804cc7d6246a6e5086861ce2b846f62b,9e3dcfe,unknown (not recorded),,inferred: cloud container (2 vCPU) + laptop Windows; see PROTOCOL.md deviations,
protocol_A.jsonl:1319,A,unrollgan,TwoPhase@k=8,0.41,106649635,0,ok,ok,1.0747041344120642,17499588,7,21,9.1,60,1200,eff53cc4804cc7d6246a6e5086861ce2b846f62b,9e3dcfe,unknown (not recorded),,inferred: cloud container (2 vCPU) + laptop Windows; see PROTOCOL.md deviations,
protocol_A.jsonl:1320,A,unrollgan,DTR,0.4,104048424,0,ok,ok,1.0766761478623326,17499588,7,21,9.66,60,1200,eff53cc4804cc7d6246a6e5086861ce2b846f62b,9e3dcfe,unknown (not recorded),,inferred: cloud container (2 vCPU) + laptop Windows; see PROTOCOL.md deviations,
protocol_A.jsonl:1321,A,unrollgan,NbhdPenalty@b=0.25,0.4,104048424,0,ok,ok,1.0766496515620936,17499588,7,22,8.62,60,1200,eff53cc4804cc7d6246a6e5086861ce2b846f62b,9e3dcfe,unknown (not recorded),,inferred: cloud container (2 vCPU) + laptop Windows; see PROTOCOL.md deviations,
protocol_A.jsonl:1322,A,unrollgan,TwoPhase@k=8,0.4,104048424,0,ok,ok,1.0777067056771281,17499588,7,21,10.26,60,1200,eff53cc4804cc7d6246a6e5086861ce2b846f62b,9e3dcfe,unknown (not recorded),,inferred: cloud container (2 vCPU) + laptop Windows; see PROTOCOL.md deviations,
protocol_A.jsonl:1323,A,unrollgan,NbhdPenalty@b=0.25,0.39,101447214,0,ok,ok,1.0773693162656028,17499588,7,22,9.05,60,1200,eff53cc4804cc7d6246a6e5086861ce2b846f62b,9e3dcfe,unknown (not recorded),,inferred: cloud container (2 vCPU) + laptop Windows; see PROTOCOL.md deviations,
protocol_A.jsonl:1324,A,unrollgan,DTR,0.39,101447214,0,ok,ok,1.0793889736348024,17499588,7,21,10.22,60,1200,eff53cc4804cc7d6246a6e5086861ce2b846f62b,9e3dcfe,unknown (not recorded),,inferred: cloud container (2 vCPU) + laptop Windows; see PROTOCOL.md deviations,
protocol_A.jsonl:1325,A,unrollgan,TwoPhase@k=8,0.39,101447214,0,ok,ok,1.077698893891859,17499588,7,21,9.76,60,1200,eff53cc4804cc7d6246a6e5086861ce2b846f62b,9e3dcfe,unknown (not recorded),,inferred: cloud container (2 vCPU) + laptop Windows; see PROTOCOL.md deviations,
protocol_A.jsonl:1326,A,unrollgan,DTR,0.38,98846003,0,ok,ok,1.0813313262146766,17499588,7,21,9.77,60,1200,eff53cc4804cc7d6246a6e5086861ce2b846f62b,9e3dcfe,unknown (not recorded),,inferred: cloud container (2 vCPU) + laptop Windows; see PROTOCOL.md deviations,
protocol_A.jsonl:1327,A,unrollgan,NbhdPenalty@b=0.25,0.38,98846003,0,ok,ok,1.0777907620808642,17499588,7,22,9.34,60,1200,eff53cc4804cc7d6246a6e5086861ce2b846f62b,9e3dcfe,unknown (not recorded),,inferred: cloud container (2 vCPU) + laptop Windows; see PROTOCOL.md deviations,
protocol_A.jsonl:1328,A,unrollgan,TwoPhase@k=8,0.38,98846003,0,ok,ok,1.080325598717343,17499588,7,21,10.29,60,1200,eff53cc4804cc7d6246a6e5086861ce2b846f62b,9e3dcfe,unknown (not recorded),,inferred: cloud container (2 vCPU) + laptop Windows; see PROTOCOL.md deviations,
protocol_A.jsonl:1329,A,unrollgan,NbhdPenalty@b=0.25,0.37,96244792,0,ok,ok,1.0777907620808642,17499588,7,22,9.44,60,1200,eff53cc4804cc7d6246a6e5086861ce2b846f62b,9e3dcfe,unknown (not recorded),,inferred: cloud container (2 vCPU) + laptop Windows; see PROTOCOL.md deviations,
protocol_A.jsonl:1330,A,unrollgan,DTR,0.37,96244792,0,ok,ok,1.082963662516305,17499588,7,21,10.78,60,1200,eff53cc4804cc7d6246a6e5086861ce2b846f62b,9e3dcfe,unknown (not recorded),,inferred: cloud container (2 vCPU) + laptop Windows; see PROTOCOL.md deviations,
protocol_A.jsonl:1331,A,unrollgan,TwoPhase@k=8,0.37,96244792,0,ok,ok,1.0840532311947193,17499588,7,21,10.32,60,1200,eff53cc4804cc7d6246a6e5086861ce2b846f62b,9e3dcfe,unknown (not recorded),,inferred: cloud container (2 vCPU) + laptop Windows; see PROTOCOL.md deviations,
protocol_A.jsonl:1332,A,unrollgan,NbhdPenalty@b=0.25,0.36,93643582,0,ok,ok,1.0788905657922225,17499588,7,22,9.79,60,1200,eff53cc4804cc7d6246a6e5086861ce2b846f62b,9e3dcfe,unknown (not recorded),,inferred: cloud container (2 vCPU) + laptop Windows; see PROTOCOL.md deviations,
protocol_A.jsonl:1333,A,unrollgan,DTR,0.36,93643582,0,ok,ok,1.1016062010971779,21714580,7,35,14.4,60,1200,eff53cc4804cc7d6246a6e5086861ce2b846f62b,9e3dcfe,unknown (not recorded),,inferred: cloud container (2 vCPU) + laptop Windows; see PROTOCOL.md deviations,
protocol_A.jsonl:1334,A,unrollgan,TwoPhase@k=8,0.36,93643582,0,ok,ok,1.1003321308046456,21714580,7,35,13.61,60,1200,eff53cc4804cc7d6246a6e5086861ce2b846f62b,9e3dcfe,unknown (not recorded),,inferred: cloud container (2 vCPU) + laptop Windows; see PROTOCOL.md deviations,
protocol_A.jsonl:1335,A,unrollgan,NbhdPenalty@b=0.25,0.35,91042371,0,ok,ok,1.0810827440477244,17499588,7,22,9.43,60,1200,eff53cc4804cc7d6246a6e5086861ce2b846f62b,9e3dcfe,unknown (not recorded),,inferred: cloud container (2 vCPU) + laptop Windows; see PROTOCOL.md deviations,
protocol_A.jsonl:1336,A,unrollgan,DTR,0.35,91042371,0,ok,ok,1.103181670790532,21714580,7,35,14.51,60,1200,eff53cc4804cc7d6246a6e5086861ce2b846f62b,9e3dcfe,unknown (not recorded),,inferred: cloud container (2 vCPU) + laptop Windows; see PROTOCOL.md deviations,
protocol_A.jsonl:1337,A,unrollgan,NbhdPenalty@b=0.25,0.34,88441161,0,ok,ok,1.0821837514117112,17499588,7,22,9.99,60,1200,eff53cc4804cc7d6246a6e5086861ce2b846f62b,9e3dcfe,unknown (not recorded),,inferred: cloud container (2 vCPU) + laptop Windows; see PROTOCOL.md deviations,
protocol_A.jsonl:1338,A,unrollgan,TwoPhase@k=8,0.35,91042371,0,ok,ok,1.1021897573991895,21714580,7,35,14.22,60,1200,eff53cc4804cc7d6246a6e5086861ce2b846f62b,9e3dcfe,unknown (not recorded),,inferred: cloud container (2 vCPU) + laptop Windows; see PROTOCOL.md deviations,
protocol_A.jsonl:1339,A,unrollgan,DTR,0.34,88441161,0,ok,ok,1.1044511895224638,21714580,7,35,14.5,60,1200,eff53cc4804cc7d6246a6e5086861ce2b846f62b,9e3dcfe,unknown (not recorded),,inferred: cloud container (2 vCPU) + laptop Windows; see PROTOCOL.md deviations,
protocol_A.jsonl:1340,A,unrollgan,TwoPhase@k=8,0.34,88441161,0,ok,ok,1.1044074196113292,21714580,7,35,14.63,60,1200,eff53cc4804cc7d6246a6e5086861ce2b846f62b,9e3dcfe,unknown (not recorded),,inferred: cloud container (2 vCPU) + laptop Windows; see PROTOCOL.md deviations,
protocol_A.jsonl:1341,A,unrollgan,DTR,0.33,85839950,0,ok,ok,1.114505252098387,21714580,7,35,16.18,60,1200,eff53cc4804cc7d6246a6e5086861ce2b846f62b,9e3dcfe,unknown (not recorded),,inferred: cloud container (2 vCPU) + laptop Windows; see PROTOCOL.md deviations,
protocol_A.jsonl:1342,A,unrollgan,DTR,0.33,85839950,1,ok,ok,1.114505252098387,21714580,7,35,15.47,60,1200,eff53cc4804cc7d6246a6e5086861ce2b846f62b,9e3dcfe,unknown (not recorded),,inferred: cloud container (2 vCPU) + laptop Windows; see PROTOCOL.md deviations,
protocol_A.jsonl:1343,A,unrollgan,NbhdPenalty@b=0.25,0.33,85839950,0,ok,ok,1.0842567122585571,17499588,7,22,10.38,60,1200,eff53cc4804cc7d6246a6e5086861ce2b846f62b,9e3dcfe,unknown (not recorded),,inferred: cloud container (2 vCPU) + laptop Windows; see PROTOCOL.md deviations,
protocol_A.jsonl:1344,A,unrollgan,NbhdPenalty@b=0.25,0.33,85839950,1,ok,ok,1.0842567122585571,17499588,7,22,10.24,60,1200,eff53cc4804cc7d6246a6e5086861ce2b846f62b,9e3dcfe,unknown (not recorded),,inferred: cloud container (2 vCPU) + laptop Windows; see PROTOCOL.md deviations,
protocol_A.jsonl:1345,A,unrollgan,DTR,0.33,85839950,2,ok,ok,1.114505252098387,21714580,7,35,15.76,60,1200,eff53cc4804cc7d6246a6e5086861ce2b846f62b,9e3dcfe,unknown (not recorded),,inferred: cloud container (2 vCPU) + laptop Windows; see PROTOCOL.md deviations,
protocol_A.jsonl:1346,A,unrollgan,NbhdPenalty@b=0.25,0.33,85839950,2,ok,ok,1.0842567122585571,17499588,7,22,10.66,60,1200,eff53cc4804cc7d6246a6e5086861ce2b846f62b,9e3dcfe,unknown (not recorded),,inferred: cloud container (2 vCPU) + laptop Windows; see PROTOCOL.md deviations,
protocol_A.jsonl:1347,A,unrollgan,TwoPhase@k=8,0.33,85839950,0,ok,ok,1.1067193094904733,21714580,7,35,15.66,60,1200,eff53cc4804cc7d6246a6e5086861ce2b846f62b,9e3dcfe,unknown (not recorded),,inferred: cloud container (2 vCPU) + laptop Windows; see PROTOCOL.md deviations,
protocol_A.jsonl:1348,A,unrollgan,TwoPhase@k=8,0.33,85839950,1,ok,ok,1.1067193094904733,21714580,7,35,14.89,60,1200,eff53cc4804cc7d6246a6e5086861ce2b846f62b,9e3dcfe,unknown (not recorded),,inferred: cloud container (2 vCPU) + laptop Windows; see PROTOCOL.md deviations,
protocol_A.jsonl:1349,A,unrollgan,TwoPhase@k=8,0.33,85839950,2,ok,ok,1.1067193094904733,21714580,7,35,15.08,60,1200,eff53cc4804cc7d6246a6e5086861ce2b846f62b,9e3dcfe,unknown (not recorded),,inferred: cloud container (2 vCPU) + laptop Windows; see PROTOCOL.md deviations,
protocol_A.jsonl:1350,A,unrollgan,NbhdPenalty@b=0.25,0.32,83238739,0,ok,ok,1.087314771112659,18537860,5,22,10.03,60,1200,eff53cc4804cc7d6246a6e5086861ce2b846f62b,9e3dcfe,unknown (not recorded),,inferred: cloud container (2 vCPU) + laptop Windows; see PROTOCOL.md deviations,
protocol_A.jsonl:1351,A,unrollgan,DTR,0.32,83238739,0,ok,ok,1.111214059281263,21714580,7,35,16.38,60,1200,eff53cc4804cc7d6246a6e5086861ce2b846f62b,9e3dcfe,unknown (not recorded),,inferred: cloud container (2 vCPU) + laptop Windows; see PROTOCOL.md deviations,
protocol_A.jsonl:1352,A,unrollgan,TwoPhase@k=8,0.32,83238739,0,ok,ok,1.153673989824767,21697988,16,41,21.73,60,1200,eff53cc4804cc7d6246a6e5086861ce2b846f62b,9e3dcfe,unknown (not recorded),,inferred: cloud container (2 vCPU) + laptop Windows; see PROTOCOL.md deviations,
protocol_A.jsonl:1353,A,unrollgan,NbhdPenalty@b=0.25,0.31,80637529,0,ok,ok,1.1391278637556415,21695944,17,38,19.2,60,1200,eff53cc4804cc7d6246a6e5086861ce2b846f62b,9e3dcfe,unknown (not recorded),,inferred: cloud container (2 vCPU) + laptop Windows; see PROTOCOL.md deviations,
protocol_A.jsonl:1354,A,unrollgan,DTR,0.31,80637529,0,ok,ok,1.1521244743894088,21165364,16,39,26.24,60,1200,eff53cc4804cc7d6246a6e5086861ce2b846f62b,9e3dcfe,unknown (not recorded),,inferred: cloud container (2 vCPU) + laptop Windows; see PROTOCOL.md deviations,
protocol_A.jsonl:1355,A,unrollgan,TwoPhase@k=8,0.31,80637529,0,ok,ok,1.1419675114705903,21165364,16,39,25.53,60,1200,eff53cc4804cc7d6246a6e5086861ce2b846f62b,9e3dcfe,unknown (not recorded),,inferred: cloud container (2 vCPU) + laptop Windows; see PROTOCOL.md deviations,
protocol_A.jsonl:1356,A,unrollgan,DTR,0.3,78036318,0,ok,ok,1.2086495083672868,23252164,27,52,38.89,60,1200,eff53cc4804cc7d6246a6e5086861ce2b846f62b,9e3dcfe,unknown (not recorded),,inferred: cloud container (2 vCPU) + laptop Windows; see PROTOCOL.md deviations,
protocol_A.jsonl:1357,A,unrollgan,TwoPhase@k=8,0.3,78036318,0,ok,ok,1.1422436740222677,21165364,16,39,25.39,60,1200,eff53cc4804cc7d6246a6e5086861ce2b846f62b,9e3dcfe,unknown (not recorded),,inferred: cloud container (2 vCPU) + laptop Windows; see PROTOCOL.md deviations,
protocol_A.jsonl:1358,A,unrollgan,DTR,0.29,75435107,0,ok,ok,1.2069679657896735,22201540,18,41,40.03,60,1200,eff53cc4804cc7d6246a6e5086861ce2b846f62b,9e3dcfe,unknown (not recorded),,inferred: cloud container (2 vCPU) + laptop Windows; see PROTOCOL.md deviations,
protocol_A.jsonl:1359,A,unrollgan,TwoPhase@k=8,0.29,75435107,0,ok,ok,1.1941953620840988,22201540,18,41,35.61,60,1200,eff53cc4804cc7d6246a6e5086861ce2b846f62b,9e3dcfe,unknown (not recorded),,inferred: cloud container (2 vCPU) + laptop Windows; see PROTOCOL.md deviations,
protocol_A.jsonl:1360,A,unrollgan,DTR,0.28,72833897,0,ok,ok,1.2534683748681572,21668820,20,43,40.47,60,1200,eff53cc4804cc7d6246a6e5086861ce2b846f62b,9e3dcfe,unknown (not recorded),,inferred: cloud container (2 vCPU) + laptop Windows; see PROTOCOL.md deviations,
protocol_A.jsonl:1361,A,unrollgan,NbhdPenalty@b=0.25,0.3,78036318,0,ok,ok,2.9238850093411015,32456652,160,164,254.43,60,1200,eff53cc4804cc7d6246a6e5086861ce2b846f62b,9e3dcfe,unknown (not recorded),,inferred: cloud container (2 vCPU) + laptop Windows; see PROTOCOL.md deviations,
protocol_A.jsonl:1362,A,unrollgan,TwoPhase@k=8,0.28,72833897,0,ok,ok,1.2713585827291616,21695944,17,43,37.69,60,1200,eff53cc4804cc7d6246a6e5086861ce2b846f62b,9e3dcfe,unknown (not recorded),,inferred: cloud container (2 vCPU) + laptop Windows; see PROTOCOL.md deviations,
protocol_A.jsonl:1363,A,unrollgan,NbhdPenalty@b=0.25,0.29,75435107,0,ok,ok,3.043300215588534,35606480,186,190,258.91,60,1200,eff53cc4804cc7d6246a6e5086861ce2b846f62b,9e3dcfe,unknown (not recorded),,inferred: cloud container (2 vCPU) + laptop Windows; see PROTOCOL.md deviations,
protocol_A.jsonl:1364,A,unrollgan,DTR,0.27,70232686,0,ok,ok,1.2675300187976264,22201540,18,41,48.29,60,1200,eff53cc4804cc7d6246a6e5086861ce2b846f62b,9e3dcfe,unknown (not recorded),,inferred: cloud container (2 vCPU) + laptop Windows; see PROTOCOL.md deviations,
protocol_A.jsonl:1365,A,unrollgan,TwoPhase@k=8,0.27,70232686,0,ok,ok,1.2332030016673299,22201540,18,41,44.18,60,1200,eff53cc4804cc7d6246a6e5086861ce2b846f62b,9e3dcfe,unknown (not recorded),,inferred: cloud container (2 vCPU) + laptop Windows; see PROTOCOL.md deviations,
protocol_A.jsonl:1366,A,unrollgan,DTR,0.26,67631476,0,ok,ok,1.2517786697720585,22201540,18,41,43.14,60,1200,eff53cc4804cc7d6246a6e5086861ce2b846f62b,9e3dcfe,unknown (not recorded),,inferred: cloud container (2 vCPU) + laptop Windows; see PROTOCOL.md deviations,
protocol_A.jsonl:1367,A,unrollgan,NbhdPenalty@b=0.25,0.27,70232686,0,ok,ok,3.373841656722782,29281348,42,125,229.96,60,1200,eff53cc4804cc7d6246a6e5086861ce2b846f62b,9e3dcfe,unknown (not recorded),,inferred: cloud container (2 vCPU) + laptop Windows; see PROTOCOL.md deviations,
protocol_A.jsonl:1368,A,unrollgan,TwoPhase@k=8,0.26,67631476,0,ok,ok,1.2413690274846265,22201540,18,41,43.71,60,1200,eff53cc4804cc7d6246a6e5086861ce2b846f62b,9e3dcfe,unknown (not recorded),,inferred: cloud container (2 vCPU) + laptop Windows; see PROTOCOL.md deviations,
protocol_A.jsonl:1369,A,treelstm,TwoPhase@k=8,0.05,,0,timeout,timeout after 1200.0 s (20-min limit),,,,,1200.0,60,1200,eff53cc4804cc7d6246a6e5086861ce2b846f62b,9e3dcfe,unknown (not recorded),,inferred: cloud container (2 vCPU) + laptop Windows; see PROTOCOL.md deviations,
protocol_A.jsonl:1370,A,unrollgan,DTR,0.25,65030265,0,ok,ok,1.2575831211616584,22201540,18,41,42.86,60,1200,eff53cc4804cc7d6246a6e5086861ce2b846f62b,9e3dcfe,unknown (not recorded),,inferred: cloud container (2 vCPU) + laptop Windows; see PROTOCOL.md deviations,
protocol_A.jsonl:1371,A,unrollgan,TwoPhase@k=8,0.25,65030265,0,ok,ok,1.229681935111852,22201540,18,41,45.17,60,1200,eff53cc4804cc7d6246a6e5086861ce2b846f62b,9e3dcfe,unknown (not recorded),,inferred: cloud container (2 vCPU) + laptop Windows; see PROTOCOL.md deviations,
protocol_A.jsonl:1372,A,unrollgan,DTR,0.24,62429054,0,ok,ok,1.3839353202672935,22719444,28,56,65.25,60,1200,eff53cc4804cc7d6246a6e5086861ce2b846f62b,9e3dcfe,unknown (not recorded),,inferred: cloud container (2 vCPU) + laptop Windows; see PROTOCOL.md deviations,
protocol_A.jsonl:1373,A,unrollgan,NbhdPenalty@b=0.25,0.28,72833897,0,ok,ok,7.844466988619034,41625100,121,176,853.61,60,1200,eff53cc4804cc7d6246a6e5086861ce2b846f62b,9e3dcfe,unknown (not recorded),,inferred: cloud container (2 vCPU) + laptop Windows; see PROTOCOL.md deviations,
protocol_A.jsonl:1374,A,unrollgan,NbhdPenalty@b=0.25,0.26,,0,timeout,timeout after 1200.0 s (20-min limit),,,,,1200.0,60,1200,eff53cc4804cc7d6246a6e5086861ce2b846f62b,9e3dcfe,unknown (not recorded),,inferred: cloud container (2 vCPU) + laptop Windows; see PROTOCOL.md deviations,
protocol_A.jsonl:1375,A,unrollgan,NbhdPenalty@b=0.25,0.25,,0,timeout,timeout after 1200.0 s (20-min limit),,,,,1200.0,60,1200,eff53cc4804cc7d6246a6e5086861ce2b846f62b,9e3dcfe,unknown (not recorded),,inferred: cloud container (2 vCPU) + laptop Windows; see PROTOCOL.md deviations,
protocol_A.jsonl:1376,A,unrollgan,NbhdPenalty@b=0.25,0.24,,0,timeout,timeout after 1200.0 s (20-min limit),,,,,1200.0,60,1200,eff53cc4804cc7d6246a6e5086861ce2b846f62b,9e3dcfe,unknown (not recorded),,inferred: cloud container (2 vCPU) + laptop Windows; see PROTOCOL.md deviations,
protocol_A.jsonl:1377,A,unrollgan,TwoPhase@k=8,0.24,,0,timeout,timeout after 1200.0 s (20-min limit),,,,,1200.0,60,1200,eff53cc4804cc7d6246a6e5086861ce2b846f62b,9e3dcfe,unknown (not recorded),,inferred: cloud container (2 vCPU) + laptop Windows; see PROTOCOL.md deviations,
protocol_A.jsonl:1378,A,unrollgan,DTR,0.22,57226633,0,oom,"oom: evictable pool empty, pinned 0.06 GB at depth 169",,56810452,169,170,445.37,60,1200,eff53cc4804cc7d6246a6e5086861ce2b846f62b,5f939db,unknown (not recorded),,inferred: cloud container (2 vCPU) + laptop Windows; see PROTOCOL.md deviations,
protocol_A.jsonl:1379,A,unrollgan,DTR,0.23,,0,timeout,timeout after 1200.0 s (20-min limit),,,,,1200.0,60,1200,eff53cc4804cc7d6246a6e5086861ce2b846f62b,5f939db,unknown (not recorded),,inferred: cloud container (2 vCPU) + laptop Windows; see PROTOCOL.md deviations,
protocol_A.jsonl:1380,A,unrollgan,NbhdPenalty@b=0.25,0.23,,0,timeout,timeout after 1200.0 s (20-min limit),,,,,1200.0,60,1200,eff53cc4804cc7d6246a6e5086861ce2b846f62b,5f939db,unknown (not recorded),,inferred: cloud container (2 vCPU) + laptop Windows; see PROTOCOL.md deviations,
protocol_A.jsonl:1381,A,unrollgan,TwoPhase@k=8,0.23,59827844,0,oom,"oom: evictable pool empty, pinned 0.06 GB at depth 204",,59444420,204,240,1145.46,60,1200,eff53cc4804cc7d6246a6e5086861ce2b846f62b,5f939db,unknown (not recorded),,inferred: cloud container (2 vCPU) + laptop Windows; see PROTOCOL.md deviations,
protocol_A.jsonl:1382,A,unrollgan,DTR,0.21,54625423,0,oom,"oom: evictable pool empty, pinned 0.05 GB at depth 173",,54440676,173,174,352.05,60,1200,eff53cc4804cc7d6246a6e5086861ce2b846f62b,5f939db,unknown (not recorded),,inferred: cloud container (2 vCPU) + laptop Windows; see PROTOCOL.md deviations,
protocol_A.jsonl:1383,A,unrollgan,NbhdPenalty@b=0.25,0.21,54625423,0,oom,"oom: evictable pool empty, pinned 0.05 GB at depth 203",,53673028,203,203,423.51,60,1200,eff53cc4804cc7d6246a6e5086861ce2b846f62b,5f939db,unknown (not recorded),,inferred: cloud container (2 vCPU) + laptop Windows; see PROTOCOL.md deviations,
protocol_A.jsonl:1384,A,unrollgan,TwoPhase@k=8,0.22,57226633,0,oom,"oom: evictable pool empty, pinned 0.06 GB at depth 214",,56296680,214,237,796.09,60,1200,eff53cc4804cc7d6246a6e5086861ce2b846f62b,5f939db,unknown (not recorded),,inferred: cloud container (2 vCPU) + laptop Windows; see PROTOCOL.md deviations,
protocol_A.jsonl:1385,A,unrollgan,DTR,0.2,52024212,0,oom,"oom: evictable pool empty, pinned 0.05 GB at depth 165",,51548660,165,166,159.71,60,1200,eff53cc4804cc7d6246a6e5086861ce2b846f62b,5f939db,unknown (not recorded),,inferred: cloud container (2 vCPU) + laptop Windows; see PROTOCOL.md deviations,
protocol_A.jsonl:1386,A,unrollgan,NbhdPenalty@b=0.25,0.22,,0,timeout,timeout after 1200.0 s (20-min limit),,,,,1200.0,60,1200,eff53cc4804cc7d6246a6e5086861ce2b846f62b,5f939db,unknown (not recorded),,inferred: cloud container (2 vCPU) + laptop Windows; see PROTOCOL.md deviations,
protocol_A.jsonl:1387,A,unrollgan,TwoPhase@k=8,0.21,54625423,0,oom,"oom: evictable pool empty, pinned 0.05 GB at depth 151",,53918548,151,196,504.18,60,1200,eff53cc4804cc7d6246a6e5086861ce2b846f62b,5f939db,unknown (not recorded),,inferred: cloud container (2 vCPU) + laptop Windows; see PROTOCOL.md deviations,
protocol_A.jsonl:1388,A,unrollgan,DTR,0.19,49423001,0,oom,"oom: evictable pool empty, pinned 0.05 GB at depth 168",,48933748,168,169,206.04,60,1200,eff53cc4804cc7d6246a6e5086861ce2b846f62b,5f939db,unknown (not recorded),,inferred: cloud container (2 vCPU) + laptop Windows; see PROTOCOL.md deviations,
protocol_A.jsonl:1389,A,unrollgan,NbhdPenalty@b=0.25,0.2,52024212,0,oom,"oom: evictable pool empty, pinned 0.05 GB at depth 169",,51827060,169,170,652.29,60,1200,eff53cc4804cc7d6246a6e5086861ce2b846f62b,5f939db,unknown (not recorded),,inferred: cloud container (2 vCPU) + laptop Windows; see PROTOCOL.md deviations,
protocol_A.jsonl:1390,A,unrollgan,TwoPhase@k=8,0.2,52024212,0,oom,"oom: evictable pool empty, pinned 0.05 GB at depth 158",,51034964,158,202,683.8,60,1200,eff53cc4804cc7d6246a6e5086861ce2b846f62b,5f939db,unknown (not recorded),,inferred: cloud container (2 vCPU) + laptop Windows; see PROTOCOL.md deviations,
protocol_A.jsonl:1391,A,unrollgan,TwoPhase@k=8,0.19,49423001,0,oom,"oom: evictable pool empty, pinned 0.05 GB at depth 209",,49199616,209,215,394.94,60,1200,eff53cc4804cc7d6246a6e5086861ce2b846f62b,5f939db,unknown (not recorded),,inferred: cloud container (2 vCPU) + laptop Windows; see PROTOCOL.md deviations,
protocol_A.jsonl:1392,A,unrollgan,DTR,0.18,46821791,0,oom,"oom: evictable pool empty, pinned 0.05 GB at depth 162",,45779444,162,163,186.85,60,1200,eff53cc4804cc7d6246a6e5086861ce2b846f62b,5f939db,unknown (not recorded),,inferred: cloud container (2 vCPU) + laptop Windows; see PROTOCOL.md deviations,
protocol_A.jsonl:1393,A,unrollgan,TwoPhase@k=8,0.18,46821791,0,oom,"oom: evictable pool empty, pinned 0.05 GB at depth 164",,46053636,164,167,118.12,60,1200,eff53cc4804cc7d6246a6e5086861ce2b846f62b,5f939db,unknown (not recorded),,inferred: cloud container (2 vCPU) + laptop Windows; see PROTOCOL.md deviations,
protocol_A.jsonl:1394,A,unrollgan,NbhdPenalty@b=0.25,0.19,49423001,0,oom,"oom: evictable pool empty, pinned 0.05 GB at depth 160",,48922996,160,163,1044.6,60,1200,eff53cc4804cc7d6246a6e5086861ce2b846f62b,5f939db,unknown (not recorded),,inferred: cloud container (2 vCPU) + laptop Windows; see PROTOCOL.md deviations,
protocol_A.jsonl:1395,A,unrollgan,NbhdPenalty@b=0.25,0.18,46821791,0,oom,"oom: evictable pool empty, pinned 0.05 GB at depth 156",,46037276,156,157,565.32,60,1200,eff53cc4804cc7d6246a6e5086861ce2b846f62b,5f939db,unknown (not recorded),,inferred: cloud container (2 vCPU) + laptop Windows; see PROTOCOL.md deviations,
protocol_A.jsonl:1396,A,unrollgan,DTR,0.17,44220580,0,oom,"oom: evictable pool empty, pinned 0.04 GB at depth 124",,43933828,124,125,503.97,60,1200,eff53cc4804cc7d6246a6e5086861ce2b846f62b,5f939db,unknown (not recorded),,inferred: cloud container (2 vCPU) + laptop Windows; see PROTOCOL.md deviations,
protocol_A.jsonl:1397,A,unrollgan,DTR,0.17,44220580,1,oom,"oom: evictable pool empty, pinned 0.04 GB at depth 124",,43933828,124,125,507.13,60,1200,eff53cc4804cc7d6246a6e5086861ce2b846f62b,5f939db,unknown (not recorded),,inferred: cloud container (2 vCPU) + laptop Windows; see PROTOCOL.md deviations,
protocol_A.jsonl:1398,A,unrollgan,DTR,0.17,44220580,2,oom,"oom: evictable pool empty, pinned 0.04 GB at depth 124",,43933828,124,125,504.41,60,1200,eff53cc4804cc7d6246a6e5086861ce2b846f62b,5f939db,unknown (not recorded),,inferred: cloud container (2 vCPU) + laptop Windows; see PROTOCOL.md deviations,
protocol_A.jsonl:1399,A,unrollgan,TwoPhase@k=8,0.17,44220580,0,oom,"oom: evictable pool empty, pinned 0.04 GB at depth 183",,43420296,183,189,97.67,60,1200,eff53cc4804cc7d6246a6e5086861ce2b846f62b,5f939db,unknown (not recorded),,inferred: cloud container (2 vCPU) + laptop Windows; see PROTOCOL.md deviations,
protocol_A.jsonl:1400,A,unrollgan,TwoPhase@k=8,0.17,44220580,1,oom,"oom: evictable pool empty, pinned 0.04 GB at depth 183",,43420296,183,189,99.47,60,1200,eff53cc4804cc7d6246a6e5086861ce2b846f62b,5f939db,unknown (not recorded),,inferred: cloud container (2 vCPU) + laptop Windows; see PROTOCOL.md deviations,
protocol_A.jsonl:1401,A,unrollgan,TwoPhase@k=8,0.17,44220580,2,oom,"oom: evictable pool empty, pinned 0.04 GB at depth 183",,43420296,183,189,100.74,60,1200,eff53cc4804cc7d6246a6e5086861ce2b846f62b,5f939db,unknown (not recorded),,inferred: cloud container (2 vCPU) + laptop Windows; see PROTOCOL.md deviations,
protocol_A.jsonl:1402,A,unrollgan,DTR,0.16,41619369,0,oom,"oom: evictable pool empty, pinned 0.04 GB at depth 123",,41041964,123,124,270.92,60,1200,eff53cc4804cc7d6246a6e5086861ce2b846f62b,5f939db,unknown (not recorded),,inferred: cloud container (2 vCPU) + laptop Windows; see PROTOCOL.md deviations,
protocol_A.jsonl:1403,A,unrollgan,NbhdPenalty@b=0.25,0.17,,0,timeout,timeout after 1200.0 s (20-min limit),,,,,1200.0,60,1200,eff53cc4804cc7d6246a6e5086861ce2b846f62b,5f939db,unknown (not recorded),,inferred: cloud container (2 vCPU) + laptop Windows; see PROTOCOL.md deviations,
protocol_A.jsonl:1404,A,unrollgan,NbhdPenalty@b=0.25,0.17,,1,timeout,timeout after 1200.0 s (20-min limit),,,,,1200.0,60,1200,eff53cc4804cc7d6246a6e5086861ce2b846f62b,5f939db,unknown (not recorded),,inferred: cloud container (2 vCPU) + laptop Windows; see PROTOCOL.md deviations,
protocol_A.jsonl:1405,A,unrollgan,DTR,0.15,39018159,0,oom,"oom: evictable pool empty, pinned 0.04 GB at depth 124",,38683156,124,125,41.71,60,1200,eff53cc4804cc7d6246a6e5086861ce2b846f62b,5f939db,unknown (not recorded),,inferred: cloud container (2 vCPU) + laptop Windows; see PROTOCOL.md deviations,
protocol_A.jsonl:1406,A,unrollgan,DTR,0.15,39018159,1,oom,"oom: evictable pool empty, pinned 0.04 GB at depth 124",,38683156,124,125,43.26,60,1200,eff53cc4804cc7d6246a6e5086861ce2b846f62b,5f939db,unknown (not recorded),,inferred: cloud container (2 vCPU) + laptop Windows; see PROTOCOL.md deviations,
protocol_A.jsonl:1407,A,unrollgan,NbhdPenalty@b=0.25,0.17,,2,timeout,timeout after 1200.0 s (20-min limit),,,,,1200.0,60,1200,eff53cc4804cc7d6246a6e5086861ce2b846f62b,5f939db,unknown (not recorded),,inferred: cloud container (2 vCPU) + laptop Windows; see PROTOCOL.md deviations,
protocol_A.jsonl:1408,A,unrollgan,DTR,0.15,39018159,2,oom,"oom: evictable pool empty, pinned 0.04 GB at depth 124",,38683156,124,125,42.36,60,1200,eff53cc4804cc7d6246a6e5086861ce2b846f62b,5f939db,unknown (not recorded),,inferred: cloud container (2 vCPU) + laptop Windows; see PROTOCOL.md deviations,
protocol_A.jsonl:1409,A,unrollgan,TwoPhase@k=8,0.16,41619369,0,oom,"oom: evictable pool empty, pinned 0.04 GB at depth 119",,41044100,119,180,408.37,60,1200,eff53cc4804cc7d6246a6e5086861ce2b846f62b,5f939db,unknown (not recorded),,inferred: cloud container (2 vCPU) + laptop Windows; see PROTOCOL.md deviations,
protocol_A.jsonl:1410,A,unrollgan,NbhdPenalty@b=0.25,0.15,39018159,0,oom,"oom: evictable pool empty, pinned 0.04 GB at depth 102",,38422548,102,103,497.22,60,1200,eff53cc4804cc7d6246a6e5086861ce2b846f62b,5f939db,unknown (not recorded),,inferred: cloud container (2 vCPU) + laptop Windows; see PROTOCOL.md deviations,
protocol_A.jsonl:1411,A,unrollgan,NbhdPenalty@b=0.25,0.15,39018159,1,oom,"oom: evictable pool empty, pinned 0.04 GB at depth 102",,38422548,102,103,501.11,60,1200,eff53cc4804cc7d6246a6e5086861ce2b846f62b,5f939db,unknown (not recorded),,inferred: cloud container (2 vCPU) + laptop Windows; see PROTOCOL.md deviations,
protocol_A.jsonl:1412,A,unrollgan,NbhdPenalty@b=0.25,0.16,41619369,0,oom,"oom: evictable pool empty, pinned 0.04 GB at depth 130",,40792196,130,131,887.58,60,1200,eff53cc4804cc7d6246a6e5086861ce2b846f62b,5f939db,unknown (not recorded),,inferred: cloud container (2 vCPU) + laptop Windows; see PROTOCOL.md deviations,
protocol_A.jsonl:1413,A,unrollgan,TwoPhase@k=8,0.15,39018159,0,oom,"oom: evictable pool empty, pinned 0.04 GB at depth 114",,38951316,114,175,242.0,60,1200,eff53cc4804cc7d6246a6e5086861ce2b846f62b,5f939db,unknown (not recorded),,inferred: cloud container (2 vCPU) + laptop Windows; see PROTOCOL.md deviations,
protocol_A.jsonl:1414,A,unrollgan,NbhdPenalty@b=0.25,0.15,39018159,2,oom,"oom: evictable pool empty, pinned 0.04 GB at depth 102",,38422548,102,103,502.33,60,1200,eff53cc4804cc7d6246a6e5086861ce2b846f62b,5f939db,unknown (not recorded),,inferred: cloud container (2 vCPU) + laptop Windows; see PROTOCOL.md deviations,
protocol_A.jsonl:1415,A,unrollgan,TwoPhase@k=8,0.15,39018159,1,oom,"oom: evictable pool empty, pinned 0.04 GB at depth 114",,38951316,114,175,239.81,60,1200,eff53cc4804cc7d6246a6e5086861ce2b846f62b,5f939db,unknown (not recorded),,inferred: cloud container (2 vCPU) + laptop Windows; see PROTOCOL.md deviations,
protocol_A.jsonl:1416,A,unrollgan,TwoPhase@k=8,0.15,39018159,2,oom,"oom: evictable pool empty, pinned 0.04 GB at depth 114",,38951316,114,175,242.52,60,1200,eff53cc4804cc7d6246a6e5086861ce2b846f62b,5f939db,unknown (not recorded),,inferred: cloud container (2 vCPU) + laptop Windows; see PROTOCOL.md deviations,
protocol_A.jsonl:1417,A,unrollgan,DTR,0.13,33815738,0,oom,"oom: evictable pool empty, pinned 0.03 GB at depth 91",,33429156,91,92,13.23,60,1200,eff53cc4804cc7d6246a6e5086861ce2b846f62b,5f939db,unknown (not recorded),,inferred: cloud container (2 vCPU) + laptop Windows; see PROTOCOL.md deviations,
protocol_A.jsonl:1418,A,unrollgan,DTR,0.14,36416948,0,oom,"oom: evictable pool empty, pinned 0.04 GB at depth 129",,36327316,129,130,153.77,60,1200,eff53cc4804cc7d6246a6e5086861ce2b846f62b,5f939db,unknown (not recorded),,inferred: cloud container (2 vCPU) + laptop Windows; see PROTOCOL.md deviations,
protocol_A.jsonl:1419,A,unrollgan,TwoPhase@k=8,0.14,36416948,0,oom,"oom: evictable pool empty, pinned 0.04 GB at depth 107",,36317076,107,168,151.92,60,1200,eff53cc4804cc7d6246a6e5086861ce2b846f62b,5f939db,unknown (not recorded),,inferred: cloud container (2 vCPU) + laptop Windows; see PROTOCOL.md deviations,
protocol_A.jsonl:1420,A,unrollgan,TwoPhase@k=8,0.13,33815738,0,oom,"oom: evictable pool empty, pinned 0.03 GB at depth 120",,32907048,120,126,26.13,60,1200,eff53cc4804cc7d6246a6e5086861ce2b846f62b,5f939db,unknown (not recorded),,inferred: cloud container (2 vCPU) + laptop Windows; see PROTOCOL.md deviations,
protocol_A.jsonl:1421,A,unrollgan,DTR,0.12,31214527,0,oom,"oom: evictable pool empty, pinned 0.03 GB at depth 99",,30287524,99,100,15.05,60,1200,eff53cc4804cc7d6246a6e5086861ce2b846f62b,5f939db,unknown (not recorded),,inferred: cloud container (2 vCPU) + laptop Windows; see PROTOCOL.md deviations,
protocol_A.jsonl:1422,A,unrollgan,NbhdPenalty@b=0.25,0.14,36416948,0,oom,"oom: evictable pool empty, pinned 0.04 GB at depth 108",,35798932,108,109,183.57,60,1200,eff53cc4804cc7d6246a6e5086861ce2b846f62b,5f939db,unknown (not recorded),,inferred: cloud container (2 vCPU) + laptop Windows; see PROTOCOL.md deviations,
protocol_A.jsonl:1423,A,unrollgan,NbhdPenalty@b=0.25,0.12,31214527,0,oom,"oom: evictable pool empty, pinned 0.03 GB at depth 83",,30291620,83,84,10.0,60,1200,eff53cc4804cc7d6246a6e5086861ce2b846f62b,5f939db,unknown (not recorded),,inferred: cloud container (2 vCPU) + laptop Windows; see PROTOCOL.md deviations,
protocol_A.jsonl:1424,A,unrollgan,DTR,0.11,28613316,0,oom,"oom: evictable pool empty, pinned 0.03 GB at depth 80",,28437940,80,81,4.41,60,1200,eff53cc4804cc7d6246a6e5086861ce2b846f62b,5f939db,unknown (not recorded),,inferred: cloud container (2 vCPU) + laptop Windows; see PROTOCOL.md deviations,
protocol_A.jsonl:1425,A,unrollgan,TwoPhase@k=8,0.12,31214527,0,oom,"oom: evictable pool empty, pinned 0.03 GB at depth 76",,31065764,76,77,12.01,60,1200,eff53cc4804cc7d6246a6e5086861ce2b846f62b,5f939db,unknown (not recorded),,inferred: cloud container (2 vCPU) + laptop Windows; see PROTOCOL.md deviations,
protocol_A.jsonl:1426,A,unrollgan,DTR,0.1,26012106,0,oom,"oom: evictable pool empty, pinned 0.03 GB at depth 82",,25562548,82,83,1.68,60,1200,eff53cc4804cc7d6246a6e5086861ce2b846f62b,5f939db,unknown (not recorded),,inferred: cloud container (2 vCPU) + laptop Windows; see PROTOCOL.md deviations,
protocol_A.jsonl:1427,A,unrollgan,NbhdPenalty@b=0.25,0.1,26012106,0,oom,"oom: evictable pool empty, pinned 0.03 GB at depth 60",,25288116,60,81,1.99,60,1200,eff53cc4804cc7d6246a6e5086861ce2b846f62b,5f939db,unknown (not recorded),,inferred: cloud container (2 vCPU) + laptop Windows; see PROTOCOL.md deviations,
protocol_A.jsonl:1428,A,unrollgan,NbhdPenalty@b=0.25,0.11,28613316,0,oom,"oom: evictable pool empty, pinned 0.03 GB at depth 90",,28444324,90,91,15.08,60,1200,eff53cc4804cc7d6246a6e5086861ce2b846f62b,5f939db,unknown (not recorded),,inferred: cloud container (2 vCPU) + laptop Windows; see PROTOCOL.md deviations,
protocol_A.jsonl:1429,A,unrollgan,TwoPhase@k=8,0.1,26012106,0,oom,"oom: evictable pool empty, pinned 0.03 GB at depth 72",,25306548,72,80,5.02,60,1200,eff53cc4804cc7d6246a6e5086861ce2b846f62b,5f939db,unknown (not recorded),,inferred: cloud container (2 vCPU) + laptop Windows; see PROTOCOL.md deviations,
protocol_A.jsonl:1430,A,unrollgan,DTR,0.09,23410895,0,oom,"oom: evictable pool empty, pinned 0.02 GB at depth 57",,23184404,57,58,2.16,60,1200,eff53cc4804cc7d6246a6e5086861ce2b846f62b,5f939db,unknown (not recorded),,inferred: cloud container (2 vCPU) + laptop Windows; see PROTOCOL.md deviations,
protocol_A.jsonl:1431,A,unrollgan,TwoPhase@k=8,0.11,28613316,0,oom,"oom: evictable pool empty, pinned 0.03 GB at depth 65",,28439988,65,107,18.79,60,1200,eff53cc4804cc7d6246a6e5086861ce2b846f62b,5f939db,unknown (not recorded),,inferred: cloud container (2 vCPU) + laptop Windows; see PROTOCOL.md deviations,
protocol_A.jsonl:1432,A,unrollgan,DTR,0.08,20809684,0,oom,"oom: evictable pool empty, pinned 0.02 GB at depth 49",,20537476,49,50,0.95,60,1200,eff53cc4804cc7d6246a6e5086861ce2b846f62b,5f939db,unknown (not recorded),,inferred: cloud container (2 vCPU) + laptop Windows; see PROTOCOL.md deviations,
protocol_A.jsonl:1433,A,unrollgan,NbhdPenalty@b=0.25,0.09,23410895,0,oom,"oom: evictable pool empty, pinned 0.02 GB at depth 58",,23184708,58,59,3.05,60,1200,eff53cc4804cc7d6246a6e5086861ce2b846f62b,5f939db,unknown (not recorded),,inferred: cloud container (2 vCPU) + laptop Windows; see PROTOCOL.md deviations,
protocol_A.jsonl:1434,A,unrollgan,TwoPhase@k=8,0.08,20809684,0,oom,"oom: evictable pool empty, pinned 0.02 GB at depth 46",,20004676,46,47,0.35,60,1200,eff53cc4804cc7d6246a6e5086861ce2b846f62b,5f939db,unknown (not recorded),,inferred: cloud container (2 vCPU) + laptop Windows; see PROTOCOL.md deviations,
protocol_A.jsonl:1435,A,unrollgan,DTR,0.07,18208474,0,oom,"oom: evictable pool empty, pinned 0.02 GB at depth 40",,17907524,40,41,0.66,60,1200,eff53cc4804cc7d6246a6e5086861ce2b846f62b,5f939db,unknown (not recorded),,inferred: cloud container (2 vCPU) + laptop Windows; see PROTOCOL.md deviations,
protocol_A.jsonl:1436,A,unrollgan,NbhdPenalty@b=0.25,0.07,18208474,0,oom,"oom: evictable pool empty, pinned 0.02 GB at depth 40",,17892604,40,41,0.18,60,1200,eff53cc4804cc7d6246a6e5086861ce2b846f62b,5f939db,unknown (not recorded),,inferred: cloud container (2 vCPU) + laptop Windows; see PROTOCOL.md deviations,
protocol_A.jsonl:1437,A,unrollgan,NbhdPenalty@b=0.25,0.08,20809684,0,oom,"oom: evictable pool empty, pinned 0.02 GB at depth 50",,20021668,50,58,3.19,60,1200,eff53cc4804cc7d6246a6e5086861ce2b846f62b,5f939db,unknown (not recorded),,inferred: cloud container (2 vCPU) + laptop Windows; see PROTOCOL.md deviations,
protocol_A.jsonl:1438,A,unrollgan,TwoPhase@k=8,0.07,18208474,0,oom,"oom: evictable pool empty, pinned 0.02 GB at depth 40",,17391748,40,41,0.67,60,1200,eff53cc4804cc7d6246a6e5086861ce2b846f62b,5f939db,unknown (not recorded),,inferred: cloud container (2 vCPU) + laptop Windows; see PROTOCOL.md deviations,
protocol_A.jsonl:1439,A,unrollgan,DTR,0.06,15607263,0,oom,"oom: evictable pool empty, pinned 0.02 GB at depth 34",,15260620,34,39,0.19,60,1200,eff53cc4804cc7d6246a6e5086861ce2b846f62b,5f939db,unknown (not recorded),,inferred: cloud container (2 vCPU) + laptop Windows; see PROTOCOL.md deviations,
protocol_A.jsonl:1440,A,unrollgan,NbhdPenalty@b=0.25,0.06,15607263,0,oom,"oom: evictable pool empty, pinned 0.02 GB at depth 33",,15275556,33,57,0.41,60,1200,eff53cc4804cc7d6246a6e5086861ce2b846f62b,5f939db,unknown (not recorded),,inferred: cloud container (2 vCPU) + laptop Windows; see PROTOCOL.md deviations,
protocol_A.jsonl:1441,A,unrollgan,TwoPhase@k=8,0.06,15607263,0,oom,"oom: evictable pool empty, pinned 0.01 GB at depth 34",,14759748,34,39,0.31,60,1200,eff53cc4804cc7d6246a6e5086861ce2b846f62b,5f939db,unknown (not recorded),,inferred: cloud container (2 vCPU) + laptop Windows; see PROTOCOL.md deviations,
protocol_A.jsonl:1442,A,unrollgan,DTR,0.05,13006053,0,oom,"oom: evictable pool empty, pinned 0.01 GB at depth 25",,12630668,25,37,0.09,60,1200,eff53cc4804cc7d6246a6e5086861ce2b846f62b,5f939db,unknown (not recorded),,inferred: cloud container (2 vCPU) + laptop Windows; see PROTOCOL.md deviations,
protocol_A.jsonl:1443,A,unrollgan,NbhdPenalty@b=0.25,0.05,13006053,0,oom,"oom: evictable pool empty, pinned 0.01 GB at depth 25",,12630668,25,26,0.05,60,1200,eff53cc4804cc7d6246a6e5086861ce2b846f62b,5f939db,unknown (not recorded),,inferred: cloud container (2 vCPU) + laptop Windows; see PROTOCOL.md deviations,
protocol_A.jsonl:1444,A,unrollgan,TwoPhase@k=8,0.05,13006053,0,oom,"oom: evictable pool empty, pinned 0.01 GB at depth 25",,12630668,25,37,0.07,60,1200,eff53cc4804cc7d6246a6e5086861ce2b846f62b,5f939db,unknown (not recorded),,inferred: cloud container (2 vCPU) + laptop Windows; see PROTOCOL.md deviations,
protocol_A.jsonl:1445,A,unrollgan,TwoPhase@k=8,0.09,23410895,0,oom,"oom: evictable pool empty, pinned 0.02 GB at depth 56",,23184412,56,97,33.47,60,1200,eff53cc4804cc7d6246a6e5086861ce2b846f62b,5f939db,unknown (not recorded),,inferred: cloud container (2 vCPU) + laptop Windows; see PROTOCOL.md deviations,
protocol_A.jsonl:1446,A,unrollgan,NbhdPenalty@b=0.25,0.13,33815738,0,oom,"oom: evictable pool empty, pinned 0.03 GB at depth 110",,33175444,110,113,148.86,60,1200,eff53cc4804cc7d6246a6e5086861ce2b846f62b,5f939db,unknown (not recorded),,inferred: cloud container (2 vCPU) + laptop Windows; see PROTOCOL.md deviations,
deferred_A.jsonl:1,A,densenet,TwoPhase@k=8,0.21,,0,deferred,deferred,,,,,165.1,60,1200,eff53cc4804cc7d6246a6e5086861ce2b846f62b,b3006e5,unknown (not recorded),,inferred: laptop Cowork VM (chunked),"deferred by chunk deadline, rerun elsewhere"
protocol_A_baselines.jsonl:1,A-baselines,densenet,CostStale,0.6,6612450782,0,ok,ok,1.2292010022878186,622324440,1,22,19.01,60,1200,eff53cc4804cc7d6246a6e5086861ce2b846f62b,5c5f70e,unknown (not recorded),,inferred: cloud container / laptop Windows,
protocol_A_baselines.jsonl:2,A-baselines,densenet,HEStar,0.6,6612450782,0,ok,ok,2.0857129797724814,1521105984,26,38,119.87,60,1200,eff53cc4804cc7d6246a6e5086861ce2b846f62b,5c5f70e,unknown (not recorded),,inferred: cloud container / laptop Windows,
protocol_A_baselines.jsonl:3,A-baselines,densenet,HEStar,0.59,6502243269,0,ok,ok,2.030917876693988,1521105984,26,38,111.74,60,1200,eff53cc4804cc7d6246a6e5086861ce2b846f62b,5c5f70e,unknown (not recorded),,inferred: cloud container / laptop Windows,
protocol_A_baselines.jsonl:4,A-baselines,densenet,CostStale,0.59,6502243269,0,ok,ok,1.2324338218212405,622324440,1,22,20.21,60,1200,eff53cc4804cc7d6246a6e5086861ce2b846f62b,5c5f70e,unknown (not recorded),,inferred: cloud container / laptop Windows,
protocol_A_baselines.jsonl:5,A-baselines,densenet,CostStale,0.58,6392035756,0,ok,ok,1.332609310565739,622324440,1,22,71.42,60,1200,eff53cc4804cc7d6246a6e5086861ce2b846f62b,5c5f70e,unknown (not recorded),,inferred: cloud container / laptop Windows,
protocol_A_baselines.jsonl:6,A-baselines,densenet,HEStar,0.58,6392035756,0,ok,ok,1.9059578022057695,705948224,38,73,152.02,60,1200,eff53cc4804cc7d6246a6e5086861ce2b846f62b,5c5f70e,unknown (not recorded),,inferred: cloud container / laptop Windows,
protocol_A_baselines.jsonl:7,A-baselines,densenet,CostStale,0.57,6281828243,0,ok,ok,1.2424372037601892,622324440,1,22,23.4,60,1200,eff53cc4804cc7d6246a6e5086861ce2b846f62b,5c5f70e,unknown (not recorded),,inferred: cloud container / laptop Windows,
protocol_A_baselines.jsonl:8,A-baselines,densenet,HEStar,0.56,6171620730,0,ok,ok,1.5484786228303282,622324440,1,13,17.88,60,1200,eff53cc4804cc7d6246a6e5086861ce2b846f62b,5c5f70e,unknown (not recorded),,inferred: cloud container / laptop Windows,
protocol_A_baselines.jsonl:9,A-baselines,densenet,HEStar,0.57,6281828243,0,ok,ok,2.1861823110520335,1386232896,26,78,145.42,60,1200,eff53cc4804cc7d6246a6e5086861ce2b846f62b,5c5f70e,unknown (not recorded),,inferred: cloud container / laptop Windows,
protocol_A_baselines.jsonl:10,A-baselines,densenet,CostStale,0.56,6171620730,0,ok,ok,2.291675445654048,1260681792,6,27,108.45,60,1200,eff53cc4804cc7d6246a6e5086861ce2b846f62b,a92e215,unknown (not recorded),,inferred: cloud container / laptop Windows,
protocol_A_baselines.jsonl:11,A-baselines,densenet,HEStar,0.55,6061413217,0,ok,ok,2.281074268854127,1504246848,26,61,149.35,60,1200,eff53cc4804cc7d6246a6e5086861ce2b846f62b,a92e215,unknown (not recorded),,inferred: cloud container / laptop Windows,
protocol_A_baselines.jsonl:12,A-baselines,densenet,CostStale,0.55,6061413217,0,ok,ok,2.3126142185427185,1260681792,6,27,107.91,60,1200,eff53cc4804cc7d6246a6e5086861ce2b846f62b,a92e215,unknown (not recorded),,inferred: cloud container / laptop Windows,
protocol_A_baselines.jsonl:13,A-baselines,densenet,CostStale,0.54,5951205704,0,ok,ok,2.325090370328507,1260681792,6,27,101.52,60,1200,eff53cc4804cc7d6246a6e5086861ce2b846f62b,a92e215,unknown (not recorded),,inferred: cloud container / laptop Windows,
protocol_A_baselines.jsonl:14,A-baselines,densenet,HEStar,0.54,5951205704,0,ok,ok,2.2359036810502833,1386232896,26,76,142.61,60,1200,eff53cc4804cc7d6246a6e5086861ce2b846f62b,a92e215,unknown (not recorded),,inferred: cloud container / laptop Windows,
protocol_A_baselines.jsonl:15,A-baselines,densenet,CostStale,0.53,5840998191,0,ok,ok,2.3532938272803023,1260681792,6,27,99.71,60,1200,eff53cc4804cc7d6246a6e5086861ce2b846f62b,652eb39,unknown (not recorded),,inferred: cloud container / laptop Windows,
protocol_A_baselines.jsonl:16,A-baselines,densenet,HEStar,0.53,5840998191,0,ok,ok,2.2871828088297654,1504246848,26,38,113.93,60,1200,eff53cc4804cc7d6246a6e5086861ce2b846f62b,652eb39,unknown (not recorded),,inferred: cloud container / laptop Windows,
protocol_A_baselines.jsonl:17,A-baselines,densenet,CostStale,0.52,5730790678,0,ok,ok,2.3615200701020553,1260681792,6,27,94.8,60,1200,eff53cc4804cc7d6246a6e5086861ce2b846f62b,652eb39,unknown (not recorded),,inferred: cloud container / laptop Windows,
protocol_A_baselines.jsonl:18,A-baselines,densenet,HEStar,0.52,5730790678,0,ok,ok,2.3060855143077466,1386232896,26,78,144.89,60,1200,eff53cc4804cc7d6246a6e5086861ce2b846f62b,652eb39,unknown (not recorded),,inferred: cloud container / laptop Windows,
protocol_A_baselines.jsonl:19,A-baselines,densenet,CostStale,0.51,5620583165,0,ok,ok,2.3781317202175045,1091858752,5,27,93.23,60,1200,eff53cc4804cc7d6246a6e5086861ce2b846f62b,652eb39,unknown (not recorded),,inferred: cloud container / laptop Windows,
protocol_A_baselines.jsonl:20,A-baselines,densenet,HEStar,0.51,5620583165,0,ok,ok,2.3466978191953967,1386232896,26,78,142.48,60,1200,eff53cc4804cc7d6246a6e5086861ce2b846f62b,652eb39,unknown (not recorded),,inferred: cloud container / laptop Windows,
protocol_C.jsonl:1,C,densenet,NbhdPenalty@b=0.25,0.0531,585201894,0,oom,"oom: evictable pool empty, pinned 0.35 GB at depth 1",,352575248,1,1,0.01,60,1200,eff53cc4804cc7d6246a6e5086861ce2b846f62b,5f939db,unknown (not recorded),,inferred: laptop Windows (native),
protocol_C.jsonl:2,C,densenet,DTR,0.0531,585201894,0,oom,"oom: evictable pool empty, pinned 0.35 GB at depth 1",,352575248,1,1,0.01,60,1200,eff53cc4804cc7d6246a6e5086861ce2b846f62b,5f939db,unknown (not recorded),,inferred: laptop Windows (native),
protocol_C.jsonl:3,C,densenet,TwoPhase@k=8,0.0531,585201894,0,oom,"oom: evictable pool empty, pinned 0.35 GB at depth 1",,352575248,1,1,0.01,60,1200,eff53cc4804cc7d6246a6e5086861ce2b846f62b,5f939db,unknown (not recorded),,inferred: laptop Windows (native),
protocol_C.jsonl:4,C,densenet,DTR,0.0563,620468298,0,oom,"oom: evictable pool empty, pinned 0.35 GB at depth 1",,352575248,1,1,0.01,60,1200,eff53cc4804cc7d6246a6e5086861ce2b846f62b,5f939db,unknown (not recorded),,inferred: laptop Windows (native),
protocol_C.jsonl:5,C,densenet,NbhdPenalty@b=0.25,0.0563,620468298,0,oom,"oom: evictable pool empty, pinned 0.35 GB at depth 1",,352575248,1,1,0.01,60,1200,eff53cc4804cc7d6246a6e5086861ce2b846f62b,5f939db,unknown (not recorded),,inferred: laptop Windows (native),
protocol_C.jsonl:6,C,densenet,TwoPhase@k=8,0.0563,620468298,0,oom,"oom: evictable pool empty, pinned 0.35 GB at depth 1",,352575248,1,1,0.01,60,1200,eff53cc4804cc7d6246a6e5086861ce2b846f62b,5f939db,unknown (not recorded),,inferred: laptop Windows (native),
protocol_C.jsonl:7,C,densenet,DTR,0.0641,706430158,0,oom,"oom: evictable pool empty, pinned 0.49 GB at depth 4",,487448432,4,5,0.02,60,1200,eff53cc4804cc7d6246a6e5086861ce2b846f62b,5f939db,unknown (not recorded),,inferred: laptop Windows (native),
protocol_C.jsonl:8,C,densenet,NbhdPenalty@b=0.25,0.0641,706430158,0,oom,"oom: evictable pool empty, pinned 0.52 GB at depth 7",,521166704,7,8,0.02,60,1200,eff53cc4804cc7d6246a6e5086861ce2b846f62b,5f939db,unknown (not recorded),,inferred: laptop Windows (native),
protocol_C.jsonl:9,C,densenet,TwoPhase@k=8,0.0641,706430158,0,oom,"oom: evictable pool empty, pinned 0.49 GB at depth 4",,487448432,4,8,0.02,60,1200,eff53cc4804cc7d6246a6e5086861ce2b846f62b,5f939db,unknown (not recorded),,inferred: laptop Windows (native),
protocol_C.jsonl:10,C,densenet,NbhdPenalty@b=0.25,0.0616,678878280,0,oom,"oom: evictable pool empty, pinned 0.45 GB at depth 4",,453730160,4,8,0.01,60,1200,eff53cc4804cc7d6246a6e5086861ce2b846f62b,5f939db,unknown (not recorded),,inferred: laptop Windows (native),
protocol_C.jsonl:11,C,densenet,TwoPhase@k=8,0.0616,678878280,0,oom,"oom: evictable pool empty, pinned 0.49 GB at depth 4",,487448416,4,8,0.01,60,1200,eff53cc4804cc7d6246a6e5086861ce2b846f62b,5f939db,unknown (not recorded),,inferred: laptop Windows (native),
protocol_C.jsonl:12,C,densenet,DTR,0.0616,678878280,0,oom,"oom: evictable pool empty, pinned 0.45 GB at depth 4",,453730160,4,8,0.02,60,1200,eff53cc4804cc7d6246a6e5086861ce2b846f62b,5f939db,unknown (not recorded),,inferred: laptop Windows (native),
protocol_C.jsonl:13,C,densenet,TwoPhase@k=8,0.071,782473342,0,oom,"oom: evictable pool empty, pinned 0.62 GB at depth 18",,622330584,18,19,1.25,60,1200,eff53cc4804cc7d6246a6e5086861ce2b846f62b,5f939db,unknown (not recorded),,inferred: laptop Windows (native),superseded by protocol_C.jsonl:17
protocol_C.jsonl:14,C,densenet,NbhdPenalty@b=0.25,0.071,782473342,0,oom,"oom: evictable pool empty, pinned 0.62 GB at depth 23",,622322392,23,24,1.36,60,1200,eff53cc4804cc7d6246a6e5086861ce2b846f62b,5f939db,unknown (not recorded),,inferred: laptop Windows (native),superseded by protocol_C.jsonl:18
protocol_C.jsonl:15,C,densenet,DTR,0.071,782473342,0,oom,"oom: evictable pool empty, pinned 0.62 GB at depth 23",,622322392,23,24,1.5,60,1200,eff53cc4804cc7d6246a6e5086861ce2b846f62b,5f939db,unknown (not recorded),,inferred: laptop Windows (native),superseded by protocol_C.jsonl:16
protocol_C.jsonl:16,C,densenet,DTR,0.071,782473342,0,oom,"oom: evictable pool empty, pinned 0.62 GB at depth 23",,622322392,23,24,1.52,60,1200,eff53cc4804cc7d6246a6e5086861ce2b846f62b,5f939db,unknown (not recorded),,inferred: laptop Windows (native),
protocol_C.jsonl:17,C,densenet,TwoPhase@k=8,0.071,782473342,0,oom,"oom: evictable pool empty, pinned 0.62 GB at depth 18",,622330584,18,19,1.02,60,1200,eff53cc4804cc7d6246a6e5086861ce2b846f62b,5f939db,unknown (not recorded),,inferred: laptop Windows (native),
protocol_C.jsonl:18,C,densenet,NbhdPenalty@b=0.25,0.071,782473342,0,oom,"oom: evictable pool empty, pinned 0.62 GB at depth 23",,622322392,23,24,1.34,60,1200,eff53cc4804cc7d6246a6e5086861ce2b846f62b,5f939db,unknown (not recorded),,inferred: laptop Windows (native),
protocol_C.jsonl:19,C,densenet,TwoPhase@k=8,0.0864,952192912,0,oom,"oom: evictable pool empty, pinned 0.77 GB at depth 13",,774058456,13,19,6.81,60,1200,eff53cc4804cc7d6246a6e5086861ce2b846f62b,5f939db,unknown (not recorded),,inferred: laptop Windows (native),
protocol_C.jsonl:20,C,densenet,DTR,0.0852,938968011,0,oom,"oom: evictable pool empty, pinned 0.76 GB at depth 8",,757197528,8,17,17.36,60,1200,eff53cc4804cc7d6246a6e5086861ce2b846f62b,5f939db,unknown (not recorded),,inferred: laptop Windows (native),
protocol_C.jsonl:21,C,densenet,DTR,0.0864,952192912,0,oom,"oom: evictable pool empty, pinned 0.76 GB at depth 8",,757197528,8,17,18.89,60,1200,eff53cc4804cc7d6246a6e5086861ce2b846f62b,5f939db,unknown (not recorded),,inferred: laptop Windows (native),
protocol_C.jsonl:22,C,densenet,DTR,0.0947,1043665148,0,oom,"oom: evictable pool empty, pinned 0.82 GB at depth 8",,824634072,8,17,17.09,60,1200,eff53cc4804cc7d6246a6e5086861ce2b846f62b,5f939db,unknown (not recorded),,inferred: laptop Windows (native),
protocol_C.jsonl:23,C,densenet,NbhdPenalty@b=0.25,0.0864,952192912,0,oom,"oom: evictable pool empty, pinned 0.76 GB at depth 8",,757197528,8,14,37.83,60,1200,eff53cc4804cc7d6246a6e5086861ce2b846f62b,5f939db,unknown (not recorded),,inferred: laptop Windows (native),
protocol_C.jsonl:24,C,densenet,NbhdPenalty@b=0.25,0.0852,938968011,0,oom,"oom: evictable pool empty, pinned 0.76 GB at depth 8",,757197528,8,14,35.52,60,1200,eff53cc4804cc7d6246a6e5086861ce2b846f62b,5f939db,unknown (not recorded),,inferred: laptop Windows (native),
protocol_C.jsonl:25,C,densenet,NbhdPenalty@b=0.25,0.0947,1043665148,0,oom,"oom: evictable pool empty, pinned 0.82 GB at depth 8",,824634072,8,19,8.83,60,1200,eff53cc4804cc7d6246a6e5086861ce2b846f62b,5f939db,unknown (not recorded),,inferred: laptop Windows (native),
protocol_C.jsonl:26,C,densenet,NbhdPenalty@b=0.25,0.0988,1088850228,0,oom,"oom: evictable pool empty, pinned 0.86 GB at depth 6",,858350296,6,19,23.72,60,1200,eff53cc4804cc7d6246a6e5086861ce2b846f62b,5f939db,unknown (not recorded),,inferred: laptop Windows (native),
protocol_C.jsonl:27,C,densenet,DTR,0.0988,1088850228,0,oom,"oom: evictable pool empty, pinned 0.86 GB at depth 6",,858350296,6,17,31.97,60,1200,eff53cc4804cc7d6246a6e5086861ce2b846f62b,5f939db,unknown (not recorded),,inferred: laptop Windows (native),
protocol_C.jsonl:28,C,densenet,DTR,0.1014,1117504182,0,oom,"oom: evictable pool empty, pinned 0.86 GB at depth 6",,858350296,6,17,20.59,60,1200,eff53cc4804cc7d6246a6e5086861ce2b846f62b,5f939db,unknown (not recorded),,inferred: laptop Windows (native),
protocol_C.jsonl:29,C,densenet,TwoPhase@k=8,0.0988,1088850228,0,oom,"oom: evictable pool empty, pinned 0.86 GB at depth 6",,858350296,6,35,31.98,60,1200,eff53cc4804cc7d6246a6e5086861ce2b846f62b,5f939db,unknown (not recorded),,inferred: laptop Windows (native),
protocol_C.jsonl:30,C,densenet,NbhdPenalty@b=0.25,0.1014,1117504182,0,oom,"oom: evictable pool empty, pinned 0.86 GB at depth 6",,858350296,6,19,17.98,60,1200,eff53cc4804cc7d6246a6e5086861ce2b846f62b,5f939db,unknown (not recorded),,inferred: laptop Windows (native),
protocol_C.jsonl:31,C,densenet,DTR,0.104,1146158135,0,oom,"oom: evictable pool empty, pinned 1.06 GB at depth 27",,1060659928,27,28,42.02,60,1200,eff53cc4804cc7d6246a6e5086861ce2b846f62b,5f939db,unknown (not recorded),,inferred: laptop Windows (native),
protocol_C.jsonl:32,C,densenet,TwoPhase@k=8,0.1014,1117504182,0,oom,"oom: evictable pool empty, pinned 1.05 GB at depth 56",,1052255704,56,80,94.8,60,1200,eff53cc4804cc7d6246a6e5086861ce2b846f62b,5f939db,unknown (not recorded),,inferred: laptop Windows (native),
protocol_C.jsonl:33,C,densenet,NbhdPenalty@b=0.25,0.104,1146158135,0,oom,"oom: evictable pool empty, pinned 1.06 GB at depth 27",,1060659928,27,28,39.6,60,1200,eff53cc4804cc7d6246a6e5086861ce2b846f62b,5f939db,unknown (not recorded),,inferred: laptop Windows (native),
protocol_C.jsonl:34,C,densenet,DTR,0.111,1223303394,0,oom,"oom: evictable pool empty, pinned 1.11 GB at depth 27",,1111237336,27,28,41.73,60,1200,eff53cc4804cc7d6246a6e5086861ce2b846f62b,5f939db,unknown (not recorded),,inferred: laptop Windows (native),
protocol_C.jsonl:35,C,densenet,TwoPhase@k=8,0.0947,1043665148,0,oom,"oom: evictable pool empty, pinned 1.04 GB at depth 83",,1035914968,83,94,210.78,60,1200,eff53cc4804cc7d6246a6e5086861ce2b846f62b,5f939db,unknown (not recorded),,inferred: laptop Windows (native),
protocol_C.jsonl:36,C,densenet,NbhdPenalty@b=0.25,0.111,1223303394,0,oom,"oom: evictable pool empty, pinned 1.11 GB at depth 27",,1111237336,27,28,38.9,60,1200,eff53cc4804cc7d6246a6e5086861ce2b846f62b,5f939db,unknown (not recorded),,inferred: laptop Windows (native),
protocol_C.jsonl:37,C,densenet,DTR,0.1124,1238732446,0,oom,"oom: evictable pool empty, pinned 1.13 GB at depth 23",,1128096472,23,28,37.61,60,1200,eff53cc4804cc7d6246a6e5086861ce2b846f62b,5f939db,unknown (not recorded),,inferred: laptop Windows (native),
protocol_C.jsonl:38,C,densenet,TwoPhase@k=8,0.0852,938968011,0,oom,"oom: evictable pool empty, pinned 0.90 GB at depth 40",,902613464,40,75,300.06,60,1200,eff53cc4804cc7d6246a6e5086861ce2b846f62b,5f939db,unknown (not recorded),,inferred: laptop Windows (native),
protocol_C.jsonl:39,C,densenet,TwoPhase@k=8,0.1124,1238732446,0,oom,"oom: evictable pool empty, pinned 1.13 GB at depth 23",,1128096472,23,28,23.71,60,1200,eff53cc4804cc7d6246a6e5086861ce2b846f62b,5f939db,unknown (not recorded),,inferred: laptop Windows (native),
protocol_C.jsonl:40,C,densenet,NbhdPenalty@b=0.25,0.1124,1238732446,0,oom,"oom: evictable pool empty, pinned 1.13 GB at depth 23",,1128096472,23,28,39.06,60,1200,eff53cc4804cc7d6246a6e5086861ce2b846f62b,5f939db,unknown (not recorded),,inferred: laptop Windows (native),
protocol_C.jsonl:41,C,densenet,DTR,0.1286,1417268617,0,oom,"oom: evictable pool empty, pinned 1.41 GB at depth 85",,1405242840,85,102,111.87,60,1200,eff53cc4804cc7d6246a6e5086861ce2b846f62b,5f939db,unknown (not recorded),,inferred: laptop Windows (native),
protocol_C.jsonl:42,C,densenet,TwoPhase@k=8,0.104,1146158135,0,oom,"oom: evictable pool empty, pinned 1.06 GB at depth 27",,1060659928,27,64,411.33,60,1200,eff53cc4804cc7d6246a6e5086861ce2b846f62b,5f939db,unknown (not recorded),,inferred: laptop Windows (native),
protocol_C.jsonl:43,C,densenet,TwoPhase@k=8,0.111,1223303394,0,oom,"oom: evictable pool empty, pinned 1.11 GB at depth 27",,1111237336,27,71,371.45,60,1200,eff53cc4804cc7d6246a6e5086861ce2b846f62b,5f939db,unknown (not recorded),,inferred: laptop Windows (native),
protocol_C.jsonl:44,C,densenet,DTR,0.126,1388614664,0,oom,"oom: evictable pool empty, pinned 1.37 GB at depth 78",,1373097432,78,88,87.17,60,1200,eff53cc4804cc7d6246a6e5086861ce2b846f62b,5f939db,unknown (not recorded),,inferred: laptop Windows (native),
protocol_C.jsonl:45,C,densenet,NbhdPenalty@b=0.25,0.126,1388614664,0,oom,"oom: evictable pool empty, pinned 1.37 GB at depth 78",,1373089496,78,88,87.11,60,1200,eff53cc4804cc7d6246a6e5086861ce2b846f62b,5f939db,unknown (not recorded),,inferred: laptop Windows (native),
protocol_C.jsonl:46,C,densenet,TwoPhase@k=8,0.126,1388614664,0,oom,"oom: evictable pool empty, pinned 1.37 GB at depth 78",,1373097432,78,90,28.42,60,1200,eff53cc4804cc7d6246a6e5086861ce2b846f62b,5f939db,unknown (not recorded),,inferred: laptop Windows (native),
protocol_C.jsonl:47,C,densenet,NbhdPenalty@b=0.25,0.1286,1417268617,0,oom,"oom: evictable pool empty, pinned 1.40 GB at depth 108",,1403123008,108,116,414.73,60,1200,eff53cc4804cc7d6246a6e5086861ce2b846f62b,5f939db,unknown (not recorded),,inferred: laptop Windows (native),
protocol_C.jsonl:48,C,densenet,DTR,0.1338,1474576524,0,oom,"oom: evictable pool empty, pinned 1.46 GB at depth 99",,1461102040,99,116,155.36,60,1200,eff53cc4804cc7d6246a6e5086861ce2b846f62b,5f939db,unknown (not recorded),,inferred: laptop Windows (native),
protocol_C.jsonl:49,C,densenet,NbhdPenalty@b=0.25,0.1338,1474576524,0,oom,"oom: evictable pool empty, pinned 1.41 GB at depth 59",,1411521600,59,61,141.33,60,1200,eff53cc4804cc7d6246a6e5086861ce2b846f62b,5f939db,unknown (not recorded),,inferred: laptop Windows (native),
protocol_C.jsonl:50,C,densenet,TwoPhase@k=8,0.1286,1417268617,0,oom,"oom: evictable pool empty, pinned 1.39 GB at depth 50",,1391528408,50,88,436.43,60,1200,eff53cc4804cc7d6246a6e5086861ce2b846f62b,5f939db,unknown (not recorded),,inferred: laptop Windows (native),
protocol_C.jsonl:51,C,densenet,DTR,0.1333,1469066148,0,oom,"oom: evictable pool empty, pinned 1.46 GB at depth 99",,1461102040,99,116,149.33,60,1200,eff53cc4804cc7d6246a6e5086861ce2b846f62b,5f939db,unknown (not recorded),,inferred: laptop Windows (native),
protocol_C.jsonl:52,C,densenet,DTR,0.1401,1544007257,0,ok,ok,1.7737120331898355,824634072,8,24,27.44,60,1200,eff53cc4804cc7d6246a6e5086861ce2b846f62b,5f939db,unknown (not recorded),,inferred: laptop Windows (native),
protocol_C.jsonl:53,C,densenet,NbhdPenalty@b=0.25,0.1401,1544007257,0,ok,ok,1.8884411569360962,824634072,8,22,50.39,60,1200,eff53cc4804cc7d6246a6e5086861ce2b846f62b,5f939db,unknown (not recorded),,inferred: laptop Windows (native),
protocol_C.jsonl:54,C,densenet,NbhdPenalty@b=0.25,0.1333,1469066148,0,oom,"oom: evictable pool empty, pinned 1.42 GB at depth 59",,1415745088,59,88,259.32,60,1200,eff53cc4804cc7d6246a6e5086861ce2b846f62b,5f939db,unknown (not recorded),,inferred: laptop Windows (native),
protocol_C.jsonl:55,C,densenet,DTR,0.1418,1562742534,0,ok,ok,1.7620673188232316,824634072,8,24,24.51,60,1200,eff53cc4804cc7d6246a6e5086861ce2b846f62b,5f939db,unknown (not recorded),,inferred: laptop Windows (native),
protocol_C.jsonl:56,C,densenet,NbhdPenalty@b=0.25,0.1418,1562742534,0,ok,ok,1.8751195119695476,824634072,8,22,45.11,60,1200,eff53cc4804cc7d6246a6e5086861ce2b846f62b,5f939db,unknown (not recorded),,inferred: laptop Windows (native),
protocol_C.jsonl:57,C,densenet,TwoPhase@k=8,0.1338,1474576524,0,oom,"oom: evictable pool empty, pinned 1.42 GB at depth 63",,1418933464,63,90,432.78,60,1200,eff53cc4804cc7d6246a6e5086861ce2b846f62b,5f939db,unknown (not recorded),,inferred: laptop Windows (native),
protocol_C.jsonl:58,C,densenet,DTR,0.1545,1702706076,0,ok,ok,1.7104311651303181,824634072,8,24,37.21,60,1200,eff53cc4804cc7d6246a6e5086861ce2b846f62b,5f939db,unknown (not recorded),,inferred: laptop Windows (native),
protocol_C.jsonl:59,C,densenet,NbhdPenalty@b=0.25,0.1545,1702706076,0,ok,ok,1.9177790945398854,824634072,8,22,33.15,60,1200,eff53cc4804cc7d6246a6e5086861ce2b846f62b,5f939db,unknown (not recorded),,inferred: laptop Windows (native),
protocol_C.jsonl:60,C,densenet,TwoPhase@k=8,0.1333,1469066148,0,oom,"oom: evictable pool empty, pinned 1.42 GB at depth 63",,1418916568,63,86,440.34,60,1200,eff53cc4804cc7d6246a6e5086861ce2b846f62b,5f939db,unknown (not recorded),,inferred: laptop Windows (native),
protocol_C.jsonl:61,C,densenet,DTR,0.1569,1729155879,0,ok,ok,1.7007138970277271,824634072,8,24,32.72,60,1200,eff53cc4804cc7d6246a6e5086861ce2b846f62b,5f939db,unknown (not recorded),,inferred: laptop Windows (native),
protocol_C.jsonl:62,C,densenet,NbhdPenalty@b=0.25,0.1569,1729155879,0,ok,ok,1.9032675536450778,824634072,8,22,27.17,60,1200,eff53cc4804cc7d6246a6e5086861ce2b846f62b,5f939db,unknown (not recorded),,inferred: laptop Windows (native),
protocol_C.jsonl:63,C,densenet,TwoPhase@k=8,0.1401,1544007257,0,oom,"oom: evictable pool empty, pinned 1.53 GB at depth 85",,1533276120,85,92,390.63,60,1200,eff53cc4804cc7d6246a6e5086861ce2b846f62b,5f939db,unknown (not recorded),,inferred: laptop Windows (native),
protocol_C.jsonl:64,C,densenet,DTR,0.1698,1871323571,0,ok,ok,1.6708114604499182,689758936,18,24,33.47,60,1200,eff53cc4804cc7d6246a6e5086861ce2b846f62b,5f939db,unknown (not recorded),,inferred: laptop Windows (native),
protocol_C.jsonl:65,C,densenet,NbhdPenalty@b=0.25,0.1698,1871323571,0,ok,ok,1.6910192915186903,824634072,8,22,19.29,60,1200,eff53cc4804cc7d6246a6e5086861ce2b846f62b,5f939db,unknown (not recorded),,inferred: laptop Windows (native),
protocol_C.jsonl:66,C,densenet,TwoPhase@k=8,0.1418,1562742534,0,oom,"oom: evictable pool empty, pinned 1.55 GB at depth 93",,1553305048,93,111,414.32,60,1200,eff53cc4804cc7d6246a6e5086861ce2b846f62b,5f939db,unknown (not recorded),,inferred: laptop Windows (native),
protocol_C.jsonl:67,C,densenet,DTR,0.1681,1852588294,0,ok,ok,1.6621745805520385,824634072,8,19,2.6,60,1200,eff53cc4804cc7d6246a6e5086861ce2b846f62b,5f939db,unknown (not recorded),,inferred: laptop Windows (native),
protocol_C.jsonl:68,C,densenet,NbhdPenalty@b=0.25,0.1681,1852588294,0,ok,ok,1.8594045625891467,824634072,8,22,21.06,60,1200,eff53cc4804cc7d6246a6e5086861ce2b846f62b,5f939db,unknown (not recorded),,inferred: laptop Windows (native),
protocol_C.jsonl:69,C,densenet,TwoPhase@k=8,0.1545,1702706076,0,oom,"oom: evictable pool empty, pinned 1.69 GB at depth 100",,1694508760,100,118,423.33,60,1200,eff53cc4804cc7d6246a6e5086861ce2b846f62b,5f939db,unknown (not recorded),,inferred: laptop Windows (native),
protocol_C.jsonl:70,C,densenet,DTR,0.1779,1960591656,0,ok,ok,1.681588466552438,824634072,8,24,36.1,60,1200,eff53cc4804cc7d6246a6e5086861ce2b846f62b,5f939db,unknown (not recorded),,inferred: laptop Windows (native),
protocol_C.jsonl:71,C,densenet,NbhdPenalty@b=0.25,0.1779,1960591656,0,ok,ok,1.8496537818808119,824634072,8,22,19.21,60,1200,eff53cc4804cc7d6246a6e5086861ce2b846f62b,5f939db,unknown (not recorded),,inferred: laptop Windows (native),
protocol_C.jsonl:72,C,densenet,TwoPhase@k=8,0.1569,1729155879,0,oom,"oom: evictable pool empty, pinned 1.68 GB at depth 64",,1684476632,64,91,645.91,60,1200,eff53cc4804cc7d6246a6e5086861ce2b846f62b,5f939db,unknown (not recorded),,inferred: laptop Windows (native),
protocol_C.jsonl:73,C,densenet,DTR,0.1726,1902181675,0,ok,ok,1.685885879149609,824634072,8,24,44.76,60,1200,eff53cc4804cc7d6246a6e5086861ce2b846f62b,5f939db,unknown (not recorded),,inferred: laptop Windows (native),
protocol_C.jsonl:74,C,densenet,NbhdPenalty@b=0.25,0.1726,1902181675,0,ok,ok,1.6680238967085594,824634072,8,22,18.73,60,1200,eff53cc4804cc7d6246a6e5086861ce2b846f62b,5f939db,unknown (not recorded),,inferred: laptop Windows (native),
protocol_C.jsonl:75,C,densenet,TwoPhase@k=8,0.1681,1852588294,0,oom,"oom: evictable pool empty, pinned 1.84 GB at depth 98",,1837268184,98,104,632.47,60,1200,eff53cc4804cc7d6246a6e5086861ce2b846f62b,5f939db,unknown (not recorded),,inferred: laptop Windows (native),
protocol_C.jsonl:76,C,densenet,DTR,0.1882,2074105395,0,ok,ok,1.6335099544569682,689758936,18,19,2.44,60,1200,eff53cc4804cc7d6246a6e5086861ce2b846f62b,5f939db,unknown (not recorded),,inferred: laptop Windows (native),
protocol_C.jsonl:77,C,densenet,NbhdPenalty@b=0.25,0.1882,2074105395,0,ok,ok,1.806838761275921,824634072,8,22,18.82,60,1200,eff53cc4804cc7d6246a6e5086861ce2b846f62b,5f939db,unknown (not recorded),,inferred: laptop Windows (native),
protocol_C.jsonl:78,C,densenet,TwoPhase@k=8,0.1698,1871323571,0,oom,"oom: evictable pool empty, pinned 1.86 GB at depth 93",,1855189208,93,103,776.22,60,1200,eff53cc4804cc7d6246a6e5086861ce2b846f62b,5f939db,unknown (not recorded),,inferred: laptop Windows (native),
protocol_C.jsonl:79,C,densenet,DTR,0.1802,1985939384,0,ok,ok,1.6785459992951293,824634072,8,24,26.87,60,1200,eff53cc4804cc7d6246a6e5086861ce2b846f62b,5f939db,unknown (not recorded),,inferred: laptop Windows (native),
protocol_C.jsonl:80,C,densenet,NbhdPenalty@b=0.25,0.1802,1985939384,0,ok,ok,1.843616742218965,824634072,8,22,20.97,60,1200,eff53cc4804cc7d6246a6e5086861ce2b846f62b,5f939db,unknown (not recorded),,inferred: laptop Windows (native),
protocol_C.jsonl:81,C,densenet,TwoPhase@k=8,0.1779,1960591656,0,oom,"oom: evictable pool empty, pinned 1.90 GB at depth 77",,1897303256,77,104,868.15,60,1200,eff53cc4804cc7d6246a6e5086861ce2b846f62b,5f939db,unknown (not recorded),,inferred: laptop Windows (native),
protocol_C.jsonl:82,C,densenet,DTR,0.1965,2165577631,0,ok,ok,1.6850835411535192,824634072,8,24,44.71,60,1200,eff53cc4804cc7d6246a6e5086861ce2b846f62b,5f939db,unknown (not recorded),,inferred: laptop Windows (native),
protocol_C.jsonl:83,C,densenet,NbhdPenalty@b=0.25,0.1965,2165577631,0,ok,ok,1.7754391412261792,824634072,8,22,19.3,60,1200,eff53cc4804cc7d6246a6e5086861ce2b846f62b,5f939db,unknown (not recorded),,inferred: laptop Windows (native),
protocol_C.jsonl:84,C,densenet,TwoPhase@k=8,0.1965,2165577631,0,ok,ok,1.5324427832839673,824634072,8,24,32.44,60,1200,eff53cc4804cc7d6246a6e5086861ce2b846f62b,5f939db,unknown (not recorded),,inferred: laptop Windows (native),
protocol_C.jsonl:85,C,densenet,DTR,0.1919,2114882175,0,ok,ok,1.6841720444355706,824634072,8,24,31.05,60,1200,eff53cc4804cc7d6246a6e5086861ce2b846f62b,5f939db,unknown (not recorded),,inferred: laptop Windows (native),
protocol_C.jsonl:86,C,densenet,NbhdPenalty@b=0.25,0.1919,2114882175,0,ok,ok,1.7754887079096222,824634072,8,22,19.34,60,1200,eff53cc4804cc7d6246a6e5086861ce2b846f62b,5f939db,unknown (not recorded),,inferred: laptop Windows (native),
protocol_C.jsonl:87,C,densenet,TwoPhase@k=8,0.1726,1902181675,0,oom,"oom: evictable pool empty, pinned 1.89 GB at depth 100",,1890496472,100,116,1006.18,60,1200,eff53cc4804cc7d6246a6e5086861ce2b846f62b,5f939db,unknown (not recorded),,inferred: laptop Windows (native),
protocol_C.jsonl:88,C,densenet,DTR,0.2067,2277989294,0,ok,ok,1.6196784574260439,689758936,18,19,2.44,60,1200,eff53cc4804cc7d6246a6e5086861ce2b846f62b,5f939db,unknown (not recorded),,inferred: laptop Windows (native),
protocol_C.jsonl:89,C,densenet,NbhdPenalty@b=0.25,0.2067,2277989294,0,ok,ok,1.662565901510485,824634072,8,22,19.4,60,1200,eff53cc4804cc7d6246a6e5086861ce2b846f62b,5f939db,unknown (not recorded),,inferred: laptop Windows (native),
protocol_C.jsonl:90,C,densenet,TwoPhase@k=8,0.1882,2074105395,0,oom,"oom: evictable pool empty, pinned 2.02 GB at depth 71",,2021663960,71,98,1006.77,60,1200,eff53cc4804cc7d6246a6e5086861ce2b846f62b,5f939db,unknown (not recorded),,inferred: laptop Windows (native),
protocol_C.jsonl:91,C,densenet,DTR,0.2009,2214068936,0,ok,ok,1.66679920193446,824634072,8,24,30.08,60,1200,eff53cc4804cc7d6246a6e5086861ce2b846f62b,5f939db,unknown (not recorded),,inferred: laptop Windows (native),
protocol_C.jsonl:92,C,densenet,NbhdPenalty@b=0.25,0.2009,2214068936,0,ok,ok,1.6717306774229739,824634072,8,22,17.43,60,1200,eff53cc4804cc7d6246a6e5086861ce2b846f62b,5f939db,unknown (not recorded),,inferred: laptop Windows (native),
protocol_C.jsonl:93,C,densenet,TwoPhase@k=8,0.2009,2214068936,0,ok,ok,1.5060907071151368,622324440,2,24,31.17,60,1200,eff53cc4804cc7d6246a6e5086861ce2b846f62b,5f939db,unknown (not recorded),,inferred: laptop Windows (native),
protocol_C.jsonl:94,C,densenet,DTR,0.2137,2355134553,0,ok,ok,1.6322305452245114,824634072,8,19,2.49,60,1200,eff53cc4804cc7d6246a6e5086861ce2b846f62b,5f939db,unknown (not recorded),,inferred: laptop Windows (native),
protocol_C.jsonl:95,C,densenet,NbhdPenalty@b=0.25,0.2137,2355134553,0,ok,ok,1.6476222852664377,824634072,8,22,19.78,60,1200,eff53cc4804cc7d6246a6e5086861ce2b846f62b,5f939db,unknown (not recorded),,inferred: laptop Windows (native),
protocol_C.jsonl:96,C,densenet,TwoPhase@k=8,0.1802,1985939384,0,oom,"oom: evictable pool empty, pinned 1.95 GB at depth 101",,1967407320,92,111,1182.31,60,1200,eff53cc4804cc7d6246a6e5086861ce2b846f62b,5f939db,unknown (not recorded),,inferred: laptop Windows (native),
protocol_C.jsonl:97,C,densenet,DTR,0.2127,2344113802,0,ok,ok,1.6406050434008932,689758936,18,24,32.51,60,1200,eff53cc4804cc7d6246a6e5086861ce2b846f62b,5f939db,unknown (not recorded),,inferred: laptop Windows (native),
protocol_C.jsonl:98,C,densenet,NbhdPenalty@b=0.25,0.2127,2344113802,0,ok,ok,1.7619970174991135,824634072,8,22,22.2,60,1200,eff53cc4804cc7d6246a6e5086861ce2b846f62b,5f939db,unknown (not recorded),,inferred: laptop Windows (native),
protocol_C.jsonl:99,C,densenet,TwoPhase@k=8,0.2127,2344113802,0,ok,ok,1.4881382206554172,622324440,2,24,25.81,60,1200,eff53cc4804cc7d6246a6e5086861ce2b846f62b,5f939db,unknown (not recorded),,inferred: laptop Windows (native),
protocol_C.jsonl:100,C,densenet,DTR,0.228,2512731297,0,ok,ok,1.6428259494239137,824634072,8,24,32.54,60,1200,eff53cc4804cc7d6246a6e5086861ce2b846f62b,5f939db,unknown (not recorded),,inferred: laptop Windows (native),
protocol_C.jsonl:101,C,densenet,NbhdPenalty@b=0.25,0.228,2512731297,0,ok,ok,1.614027075888785,824634072,8,22,20.1,60,1200,eff53cc4804cc7d6246a6e5086861ce2b846f62b,5f939db,unknown (not recorded),,inferred: laptop Windows (native),
protocol_C.jsonl:102,C,densenet,TwoPhase@k=8,0.228,2512731297,0,ok,ok,2.0353581773375526,873109976,40,64,56.02,60,1200,eff53cc4804cc7d6246a6e5086861ce2b846f62b,5f939db,unknown (not recorded),,inferred: laptop Windows (native),
protocol_C.jsonl:103,C,densenet,TwoPhase@k=8,0.1919,2114882175,0,oom,"oom: evictable pool empty, pinned 2.10 GB at depth 112",,2098600408,112,118,973.83,60,1200,eff53cc4804cc7d6246a6e5086861ce2b846f62b,5f939db,unknown (not recorded),,inferred: laptop Windows (native),
protocol_C.jsonl:104,C,densenet,NbhdPenalty@b=0.25,0.2299,2533670724,0,ok,ok,1.6054864247630884,824634072,8,22,14.99,60,1200,eff53cc4804cc7d6246a6e5086861ce2b846f62b,5f939db,unknown (not recorded),,inferred: laptop Windows (native),
protocol_C.jsonl:105,C,densenet,DTR,0.2299,2533670724,0,ok,ok,1.5553984256758966,672903384,13,24,33.14,60,1200,eff53cc4804cc7d6246a6e5086861ce2b846f62b,5f939db,unknown (not recorded),,inferred: laptop Windows (native),
protocol_C.jsonl:106,C,densenet,TwoPhase@k=8,0.2299,2533670724,0,ok,ok,1.5426316652497385,824634072,8,24,13.69,60,1200,eff53cc4804cc7d6246a6e5086861ce2b846f62b,5f939db,unknown (not recorded),,inferred: laptop Windows (native),
protocol_C.jsonl:107,C,densenet,NbhdPenalty@b=0.25,0.2355,2595386932,0,ok,ok,1.549717708295044,757195480,13,24,17.54,60,1200,eff53cc4804cc7d6246a6e5086861ce2b846f62b,5f939db,unknown (not recorded),,inferred: laptop Windows (native),
protocol_C.jsonl:108,C,densenet,TwoPhase@k=8,0.2355,2595386932,0,ok,ok,1.4569033659918231,622324440,2,14,2.27,60,1200,eff53cc4804cc7d6246a6e5086861ce2b846f62b,5f939db,unknown (not recorded),,inferred: laptop Windows (native),
protocol_C.jsonl:109,C,densenet,DTR,0.2355,2595386932,0,ok,ok,1.5938894701518276,824634072,8,24,35.35,60,1200,eff53cc4804cc7d6246a6e5086861ce2b846f62b,5f939db,unknown (not recorded),,inferred: laptop Windows (native),
protocol_C.jsonl:110,C,densenet,NbhdPenalty@b=0.25,0.2315,2551303926,0,ok,ok,1.6218511308527233,824634072,8,22,15.09,60,1200,eff53cc4804cc7d6246a6e5086861ce2b846f62b,5f939db,unknown (not recorded),,inferred: laptop Windows (native),
protocol_C.jsonl:111,C,densenet,DTR,0.2315,2551303926,0,ok,ok,1.6264688510081955,824634072,8,24,30.57,60,1200,eff53cc4804cc7d6246a6e5086861ce2b846f62b,5f939db,unknown (not recorded),,inferred: laptop Windows (native),
protocol_C.jsonl:112,C,densenet,DTR,0.2455,2705594445,0,ok,ok,1.5482653518384537,622324440,2,19,4.19,60,1200,eff53cc4804cc7d6246a6e5086861ce2b846f62b,5f939db,unknown (not recorded),,inferred: laptop Windows (native),
protocol_C.jsonl:113,C,densenet,TwoPhase@k=8,0.2315,2551303926,0,ok,ok,1.503634914511755,824634072,8,24,17.76,60,1200,eff53cc4804cc7d6246a6e5086861ce2b846f62b,5f939db,unknown (not recorded),,inferred: laptop Windows (native),
protocol_C.jsonl:114,C,densenet,NbhdPenalty@b=0.25,0.2455,2705594445,0,ok,ok,1.5702115687642813,824634072,8,22,15.88,60,1200,eff53cc4804cc7d6246a6e5086861ce2b846f62b,5f939db,unknown (not recorded),,inferred: laptop Windows (native),
protocol_C.jsonl:115,C,densenet,DTR,0.2416,2662613515,0,ok,ok,1.5794332657264523,824634072,8,19,4.56,60,1200,eff53cc4804cc7d6246a6e5086861ce2b846f62b,5f939db,unknown (not recorded),,inferred: laptop Windows (native),
protocol_C.jsonl:116,C,densenet,TwoPhase@k=8,0.2455,2705594445,0,ok,ok,1.479968372566283,622324440,2,24,20.1,60,1200,eff53cc4804cc7d6246a6e5086861ce2b846f62b,5f939db,unknown (not recorded),,inferred: laptop Windows (native),
protocol_C.jsonl:117,C,densenet,NbhdPenalty@b=0.25,0.2416,2662613515,0,ok,ok,1.593544555159914,824634072,8,22,18.75,60,1200,eff53cc4804cc7d6246a6e5086861ce2b846f62b,5f939db,unknown (not recorded),,inferred: laptop Windows (native),
protocol_C.jsonl:118,C,densenet,DTR,0.2508,2764004427,0,ok,ok,1.5302349985986456,622324440,2,19,4.09,60,1200,eff53cc4804cc7d6246a6e5086861ce2b846f62b,5f939db,unknown (not recorded),,inferred: laptop Windows (native),
protocol_C.jsonl:119,C,densenet,TwoPhase@k=8,0.2416,2662613515,0,ok,ok,1.458161376354584,622324440,2,24,20.48,60,1200,eff53cc4804cc7d6246a6e5086861ce2b846f62b,5f939db,unknown (not recorded),,inferred: laptop Windows (native),
protocol_C.jsonl:120,C,densenet,NbhdPenalty@b=0.25,0.2508,2764004427,0,ok,ok,1.531541857939763,757195480,13,24,18.82,60,1200,eff53cc4804cc7d6246a6e5086861ce2b846f62b,5f939db,unknown (not recorded),,inferred: laptop Windows (native),
protocol_C.jsonl:121,C,densenet,DTR,0.2579,2842251761,0,ok,ok,1.5574123877699226,824634072,8,19,4.01,60,1200,eff53cc4804cc7d6246a6e5086861ce2b846f62b,5f939db,unknown (not recorded),,inferred: laptop Windows (native),
protocol_C.jsonl:122,C,densenet,TwoPhase@k=8,0.2508,2764004427,0,ok,ok,1.526346931208446,622324440,2,24,27.28,60,1200,eff53cc4804cc7d6246a6e5086861ce2b846f62b,5f939db,unknown (not recorded),,inferred: laptop Windows (native),
protocol_C.jsonl:123,C,densenet,NbhdPenalty@b=0.25,0.2579,2842251761,0,ok,ok,1.5210903071704593,757195480,13,24,22.02,60,1200,eff53cc4804cc7d6246a6e5086861ce2b846f62b,5f939db,unknown (not recorded),,inferred: laptop Windows (native),
protocol_C.jsonl:124,C,densenet,DTR,0.2605,2870905714,0,ok,ok,1.509267027778339,622324440,2,19,4.09,60,1200,eff53cc4804cc7d6246a6e5086861ce2b846f62b,5f939db,unknown (not recorded),,inferred: laptop Windows (native),
protocol_C.jsonl:125,C,densenet,NbhdPenalty@b=0.25,0.2605,2870905714,0,ok,ok,1.524993513916189,757195480,13,24,15.33,60,1200,eff53cc4804cc7d6246a6e5086861ce2b846f62b,5f939db,unknown (not recorded),,inferred: laptop Windows (native),
protocol_C.jsonl:126,C,densenet,TwoPhase@k=8,0.2579,2842251761,0,ok,ok,1.8977795133419124,868895192,40,64,55.66,60,1200,eff53cc4804cc7d6246a6e5086861ce2b846f62b,5f939db,unknown (not recorded),,inferred: laptop Windows (native),
protocol_C.jsonl:127,C,densenet,DTR,0.269,2964582100,0,ok,ok,1.506960087209893,622324440,2,19,4.13,60,1200,eff53cc4804cc7d6246a6e5086861ce2b846f62b,5f939db,unknown (not recorded),,inferred: laptop Windows (native),
protocol_C.jsonl:128,C,densenet,TwoPhase@k=8,0.2605,2870905714,0,ok,ok,1.4738174598452447,622324440,2,24,34.26,60,1200,eff53cc4804cc7d6246a6e5086861ce2b846f62b,5f939db,unknown (not recorded),,inferred: laptop Windows (native),
protocol_C.jsonl:129,C,densenet,TwoPhase@k=8,0.269,2964582100,0,ok,ok,1.4382340413207868,757195480,13,14,3.29,60,1200,eff53cc4804cc7d6246a6e5086861ce2b846f62b,5f939db,unknown (not recorded),,inferred: laptop Windows (native),
protocol_C.jsonl:130,C,densenet,DTR,0.2789,3073687538,0,ok,ok,1.4148714151123474,757195480,13,14,3.18,60,1200,eff53cc4804cc7d6246a6e5086861ce2b846f62b,5f939db,unknown (not recorded),,inferred: laptop Windows (native),
protocol_C.jsonl:131,C,densenet,NbhdPenalty@b=0.25,0.269,2964582100,0,ok,ok,1.499502013993054,757195480,13,24,16.71,60,1200,eff53cc4804cc7d6246a6e5086861ce2b846f62b,5f939db,unknown (not recorded),,inferred: laptop Windows (native),
protocol_C.jsonl:132,C,densenet,TwoPhase@k=8,0.2789,3073687538,0,ok,ok,1.4506291262061597,757195480,13,14,2.83,60,1200,eff53cc4804cc7d6246a6e5086861ce2b846f62b,5f939db,unknown (not recorded),,inferred: laptop Windows (native),
protocol_C.jsonl:133,C,densenet,DTR,0.2752,3032910758,0,ok,ok,1.4716497765798138,622324440,2,19,4.99,60,1200,eff53cc4804cc7d6246a6e5086861ce2b846f62b,5f939db,unknown (not recorded),,inferred: laptop Windows (native),
protocol_C.jsonl:134,C,densenet,NbhdPenalty@b=0.25,0.2789,3073687538,0,ok,ok,1.4866343329736176,757195480,13,24,19.43,60,1200,eff53cc4804cc7d6246a6e5086861ce2b846f62b,5f939db,unknown (not recorded),,inferred: laptop Windows (native),
protocol_C.jsonl:135,C,densenet,TwoPhase@k=8,0.2752,3032910758,0,ok,ok,1.4136656536798822,757195480,13,14,2.57,60,1200,eff53cc4804cc7d6246a6e5086861ce2b846f62b,5f939db,unknown (not recorded),,inferred: laptop Windows (native),
protocol_C.jsonl:136,C,densenet,DTR,0.2805,3091320740,0,ok,ok,1.472623648906102,622324440,2,19,4.9,60,1200,eff53cc4804cc7d6246a6e5086861ce2b846f62b,5f939db,unknown (not recorded),,inferred: laptop Windows (native),
protocol_C.jsonl:137,C,densenet,NbhdPenalty@b=0.25,0.2752,3032910758,0,ok,ok,1.495713096856919,757195480,13,24,19.22,60,1200,eff53cc4804cc7d6246a6e5086861ce2b846f62b,5f939db,unknown (not recorded),,inferred: laptop Windows (native),
protocol_C.jsonl:138,C,densenet,NbhdPenalty@b=0.25,0.2805,3091320740,0,ok,ok,1.5012092373767074,757195480,13,24,19.11,60,1200,eff53cc4804cc7d6246a6e5086861ce2b846f62b,5f939db,unknown (not recorded),,inferred: laptop Windows (native),
protocol_C.jsonl:139,C,densenet,TwoPhase@k=8,0.2805,3091320740,0,ok,ok,1.475219379928699,824634072,8,24,22.07,60,1200,eff53cc4804cc7d6246a6e5086861ce2b846f62b,5f939db,unknown (not recorded),,inferred: laptop Windows (native),
protocol_C.jsonl:140,C,densenet,DTR,0.2817,3104545642,0,ok,ok,1.4705310460363061,622324440,2,19,4.65,60,1200,eff53cc4804cc7d6246a6e5086861ce2b846f62b,5f939db,unknown (not recorded),,inferred: laptop Windows (native),
protocol_C.jsonl:141,C,densenet,NbhdPenalty@b=0.25,0.2817,3104545642,0,ok,ok,1.4930540726892838,757195480,13,24,19.37,60,1200,eff53cc4804cc7d6246a6e5086861ce2b846f62b,5f939db,unknown (not recorded),,inferred: laptop Windows (native),
protocol_C.jsonl:142,C,densenet,TwoPhase@k=8,0.2817,3104545642,0,ok,ok,1.4997331122163706,622324440,2,24,18.16,60,1200,eff53cc4804cc7d6246a6e5086861ce2b846f62b,5f939db,unknown (not recorded),,inferred: laptop Windows (native),
protocol_C.jsonl:143,C,densenet,DTR,0.2934,3233488432,0,ok,ok,1.4496377840937076,656043736,13,14,5.98,60,1200,eff53cc4804cc7d6246a6e5086861ce2b846f62b,5f939db,unknown (not recorded),,inferred: laptop Windows (native),
protocol_C.jsonl:144,C,densenet,NbhdPenalty@b=0.25,0.2934,3233488432,0,ok,ok,1.487486558509542,757195480,13,24,21.58,60,1200,eff53cc4804cc7d6246a6e5086861ce2b846f62b,5f939db,unknown (not recorded),,inferred: laptop Windows (native),
protocol_C.jsonl:145,C,densenet,DTR,0.2978,3281979738,0,ok,ok,1.4192088728388141,757195480,13,14,3.08,60,1200,eff53cc4804cc7d6246a6e5086861ce2b846f62b,5f939db,unknown (not recorded),,inferred: laptop Windows (native),
protocol_C.jsonl:146,C,densenet,NbhdPenalty@b=0.25,0.2978,3281979738,0,ok,ok,1.4627511510441595,757195480,13,14,2.75,60,1200,eff53cc4804cc7d6246a6e5086861ce2b846f62b,5f939db,unknown (not recorded),,inferred: laptop Windows (native),
protocol_C.jsonl:147,C,densenet,TwoPhase@k=8,0.2934,3233488432,0,ok,ok,1.4066945504005441,757195480,13,24,22.72,60,1200,eff53cc4804cc7d6246a6e5086861ce2b846f62b,5f939db,unknown (not recorded),,inferred: laptop Windows (native),
protocol_C.jsonl:148,C,densenet,TwoPhase@k=8,0.2978,3281979738,0,ok,ok,1.3780788042436578,824634072,8,11,2.08,60,1200,eff53cc4804cc7d6246a6e5086861ce2b846f62b,5f939db,unknown (not recorded),,inferred: laptop Windows (native),
protocol_C.jsonl:149,C,densenet,DTR,0.3041,3351410471,0,ok,ok,1.412717373872619,757195480,13,14,3.53,60,1200,eff53cc4804cc7d6246a6e5086861ce2b846f62b,5f939db,unknown (not recorded),,inferred: laptop Windows (native),
protocol_C.jsonl:150,C,densenet,NbhdPenalty@b=0.25,0.3041,3351410471,0,ok,ok,1.4253867712711041,757195480,13,14,2.99,60,1200,eff53cc4804cc7d6246a6e5086861ce2b846f62b,5f939db,unknown (not recorded),,inferred: laptop Windows (native),
protocol_C.jsonl:151,C,densenet,TwoPhase@k=8,0.3041,3351410471,0,ok,ok,1.362681691264437,622324440,1,14,2.75,60,1200,eff53cc4804cc7d6246a6e5086861ce2b846f62b,5f939db,unknown (not recorded),,inferred: laptop Windows (native),
protocol_C.jsonl:152,C,densenet,DTR,0.3104,3420841204,0,ok,ok,1.410984867568213,757195480,13,14,3.62,60,1200,eff53cc4804cc7d6246a6e5086861ce2b846f62b,5f939db,unknown (not recorded),,inferred: laptop Windows (native),
protocol_C.jsonl:153,C,densenet,NbhdPenalty@b=0.25,0.3104,3420841204,0,ok,ok,1.4338489617509347,757195480,13,14,3.1,60,1200,eff53cc4804cc7d6246a6e5086861ce2b846f62b,5f939db,unknown (not recorded),,inferred: laptop Windows (native),
protocol_C.jsonl:154,C,densenet,TwoPhase@k=8,0.3104,3420841204,0,ok,ok,1.3890804041912401,824634072,8,11,2.22,60,1200,eff53cc4804cc7d6246a6e5086861ce2b846f62b,5f939db,unknown (not recorded),,inferred: laptop Windows (native),
protocol_C.jsonl:155,C,densenet,DTR,0.3224,3553090220,0,ok,ok,1.4136634921210336,757195480,13,14,3.67,60,1200,eff53cc4804cc7d6246a6e5086861ce2b846f62b,5f939db,unknown (not recorded),,inferred: laptop Windows (native),
protocol_C.jsonl:156,C,densenet,NbhdPenalty@b=0.25,0.3224,3553090220,0,ok,ok,1.4285985887835249,757195480,13,14,3.42,60,1200,eff53cc4804cc7d6246a6e5086861ce2b846f62b,5f939db,unknown (not recorded),,inferred: laptop Windows (native),
protocol_C.jsonl:157,C,densenet,DTR,0.3364,3707380738,0,ok,ok,1.4110466183509478,757195480,13,14,3.95,60,1200,eff53cc4804cc7d6246a6e5086861ce2b846f62b,5f939db,unknown (not recorded),,inferred: laptop Windows (native),
protocol_C.jsonl:158,C,densenet,NbhdPenalty@b=0.25,0.3364,3707380738,0,ok,ok,1.3491672875988385,622324440,1,14,3.55,60,1200,eff53cc4804cc7d6246a6e5086861ce2b846f62b,5f939db,unknown (not recorded),,inferred: laptop Windows (native),
protocol_C.jsonl:159,C,densenet,TwoPhase@k=8,0.3364,3707380738,0,ok,ok,1.365749863621961,824634072,8,14,2.03,60,1200,eff53cc4804cc7d6246a6e5086861ce2b846f62b,5f939db,unknown (not recorded),,inferred: laptop Windows (native),
protocol_C.jsonl:160,C,densenet,DTR,0.3418,3766892795,0,ok,ok,1.3894586544735235,757195480,13,14,2.93,60,1200,eff53cc4804cc7d6246a6e5086861ce2b846f62b,5f939db,unknown (not recorded),,inferred: laptop Windows (native),
protocol_C.jsonl:161,C,densenet,NbhdPenalty@b=0.25,0.3418,3766892795,0,ok,ok,1.2998138188569779,622324440,1,14,4.1,60,1200,eff53cc4804cc7d6246a6e5086861ce2b846f62b,5f939db,unknown (not recorded),,inferred: laptop Windows (native),
protocol_C.jsonl:162,C,densenet,TwoPhase@k=8,0.3418,3766892795,0,ok,ok,1.3178339497247304,622324440,1,14,3.39,60,1200,eff53cc4804cc7d6246a6e5086861ce2b846f62b,5f939db,unknown (not recorded),,inferred: laptop Windows (native),
protocol_C.jsonl:163,C,densenet,DTR,0.3576,3941020666,0,ok,ok,1.3662410778703264,757195480,13,14,3.14,60,1200,eff53cc4804cc7d6246a6e5086861ce2b846f62b,5f939db,unknown (not recorded),,inferred: laptop Windows (native),
protocol_C.jsonl:164,C,densenet,TwoPhase@k=8,0.2067,2277989294,0,oom,"oom: evictable pool empty, pinned 2.26 GB at depth 99",,2262446552,99,118,992.69,60,1200,eff53cc4804cc7d6246a6e5086861ce2b846f62b,5f939db,unknown (not recorded),,inferred: laptop Windows (native),
protocol_C.jsonl:165,C,densenet,TwoPhase@k=8,0.3576,3941020666,0,ok,ok,1.3542276488482352,824634072,8,9,2.53,60,1200,eff53cc4804cc7d6246a6e5086861ce2b846f62b,5f939db,unknown (not recorded),,inferred: laptop Windows (native),
protocol_C.jsonl:166,C,densenet,NbhdPenalty@b=0.25,0.3576,3941020666,0,ok,ok,1.2771326043738807,622324440,1,6,3.64,60,1200,eff53cc4804cc7d6246a6e5086861ce2b846f62b,5f939db,unknown (not recorded),,inferred: laptop Windows (native),
protocol_C.jsonl:167,C,densenet,DTR,0.3617,3986205746,0,ok,ok,1.3595009771202937,757195480,13,14,2.89,60,1200,eff53cc4804cc7d6246a6e5086861ce2b846f62b,5f939db,unknown (not recorded),,inferred: laptop Windows (native),
protocol_C.jsonl:168,C,densenet,NbhdPenalty@b=0.25,0.3617,3986205746,0,ok,ok,1.288973134018844,622324440,1,11,3.91,60,1200,eff53cc4804cc7d6246a6e5086861ce2b846f62b,5f939db,unknown (not recorded),,inferred: laptop Windows (native),
protocol_C.jsonl:169,C,densenet,TwoPhase@k=8,0.3224,3553090220,0,ok,ok,1.3610898382698027,622324440,1,24,35.2,60,1200,eff53cc4804cc7d6246a6e5086861ce2b846f62b,5f939db,unknown (not recorded),,inferred: laptop Windows (native),
protocol_C.jsonl:170,C,densenet,TwoPhase@k=8,0.3617,3986205746,0,ok,ok,1.286906666872315,622324440,1,14,3.41,60,1200,eff53cc4804cc7d6246a6e5086861ce2b846f62b,5f939db,unknown (not recorded),,inferred: laptop Windows (native),
protocol_C.jsonl:171,C,densenet,DTR,0.3717,4096413259,0,ok,ok,1.3267593245511373,622324440,1,14,4.23,60,1200,eff53cc4804cc7d6246a6e5086861ce2b846f62b,5f939db,unknown (not recorded),,inferred: laptop Windows (native),
protocol_C.jsonl:172,C,densenet,NbhdPenalty@b=0.25,0.3717,4096413259,0,ok,ok,1.2734502931811205,622324440,1,6,4.63,60,1200,eff53cc4804cc7d6246a6e5086861ce2b846f62b,5f939db,unknown (not recorded),,inferred: laptop Windows (native),
protocol_C.jsonl:173,C,densenet,TwoPhase@k=8,0.3717,4096413259,0,ok,ok,1.2811213390496807,622324440,1,9,3.15,60,1200,eff53cc4804cc7d6246a6e5086861ce2b846f62b,5f939db,unknown (not recorded),,inferred: laptop Windows (native),
protocol_C.jsonl:174,C,densenet,DTR,0.3814,4203314547,0,ok,ok,1.3120630745123671,622324440,1,14,3.98,60,1200,eff53cc4804cc7d6246a6e5086861ce2b846f62b,5f939db,unknown (not recorded),,inferred: laptop Windows (native),
protocol_C.jsonl:175,C,densenet,NbhdPenalty@b=0.25,0.3814,4203314547,0,ok,ok,1.243544056988148,622324440,1,6,5.01,60,1200,eff53cc4804cc7d6246a6e5086861ce2b846f62b,5f939db,unknown (not recorded),,inferred: laptop Windows (native),
protocol_C.jsonl:176,C,densenet,DTR,0.3928,4328951112,0,ok,ok,1.2686311765347926,622324440,1,14,3.54,60,1200,eff53cc4804cc7d6246a6e5086861ce2b846f62b,5f939db,unknown (not recorded),,inferred: laptop Windows (native),
protocol_C.jsonl:177,C,densenet,NbhdPenalty@b=0.25,0.3928,4328951112,0,ok,ok,1.242402145977612,622324440,1,11,4.11,60,1200,eff53cc4804cc7d6246a6e5086861ce2b846f62b,5f939db,unknown (not recorded),,inferred: laptop Windows (native),
protocol_C.jsonl:178,C,densenet,TwoPhase@k=8,0.3928,4328951112,0,ok,ok,1.2684707483389912,622324440,1,14,3.38,60,1200,eff53cc4804cc7d6246a6e5086861ce2b846f62b,5f939db,unknown (not recorded),,inferred: laptop Windows (native),
protocol_C.jsonl:179,C,densenet,NbhdPenalty@b=0.25,0.4005,4413810897,0,ok,ok,1.229334630531332,622324440,1,6,3.47,60,1200,eff53cc4804cc7d6246a6e5086861ce2b846f62b,5f939db,unknown (not recorded),,inferred: laptop Windows (native),
protocol_C.jsonl:180,C,densenet,DTR,0.4005,4413810897,0,ok,ok,1.2709258513825843,622324440,1,14,4.21,60,1200,eff53cc4804cc7d6246a6e5086861ce2b846f62b,5f939db,unknown (not recorded),,inferred: laptop Windows (native),
protocol_C.jsonl:181,C,densenet,DTR,0.4106,4525120485,0,ok,ok,1.2534915029628273,622324440,1,11,3.82,60,1200,eff53cc4804cc7d6246a6e5086861ce2b846f62b,5f939db,unknown (not recorded),,inferred: laptop Windows (native),
protocol_C.jsonl:182,C,densenet,TwoPhase@k=8,0.4005,4413810897,0,ok,ok,1.2562168599676318,622324440,1,14,3.95,60,1200,eff53cc4804cc7d6246a6e5086861ce2b846f62b,5f939db,unknown (not recorded),,inferred: laptop Windows (native),
protocol_C.jsonl:183,C,densenet,NbhdPenalty@b=0.25,0.4106,4525120485,0,ok,ok,1.2261475442918326,622324440,1,6,4.25,60,1200,eff53cc4804cc7d6246a6e5086861ce2b846f62b,5f939db,unknown (not recorded),,inferred: laptop Windows (native),
protocol_C.jsonl:184,C,densenet,TwoPhase@k=8,0.4106,4525120485,0,ok,ok,1.2507512993135868,622324440,1,9,4.88,60,1200,eff53cc4804cc7d6246a6e5086861ce2b846f62b,5f939db,unknown (not recorded),,inferred: laptop Windows (native),
protocol_C.jsonl:185,C,densenet,DTR,0.4221,4651859125,0,ok,ok,1.2092654769724465,622324440,1,6,3.52,60,1200,eff53cc4804cc7d6246a6e5086861ce2b846f62b,5f939db,unknown (not recorded),,inferred: laptop Windows (native),
protocol_C.jsonl:186,C,densenet,NbhdPenalty@b=0.25,0.4221,4651859125,0,ok,ok,1.2085817911070655,622324440,1,6,3.28,60,1200,eff53cc4804cc7d6246a6e5086861ce2b846f62b,5f939db,unknown (not recorded),,inferred: laptop Windows (native),
protocol_C.jsonl:187,C,densenet,TwoPhase@k=8,0.3814,4203314547,0,ok,ok,1.2937199904283472,622324440,1,24,29.93,60,1200,eff53cc4804cc7d6246a6e5086861ce2b846f62b,ff0e00d,unknown (not recorded),,inferred: laptop Windows (native),
protocol_C.jsonl:188,C,densenet,TwoPhase@k=8,0.4221,4651859125,0,ok,ok,1.2154121847860369,622324440,1,8,3.78,60,1200,eff53cc4804cc7d6246a6e5086861ce2b846f62b,ff0e00d,unknown (not recorded),,inferred: laptop Windows (native),
protocol_C.jsonl:189,C,densenet,DTR,0.4379,4825986996,0,ok,ok,1.2003639975036247,622324440,1,6,4.78,60,1200,eff53cc4804cc7d6246a6e5086861ce2b846f62b,ff0e00d,unknown (not recorded),,inferred: laptop Windows (native),
protocol_C.jsonl:190,C,densenet,NbhdPenalty@b=0.25,0.4379,4825986996,0,ok,ok,1.1985967711602117,622324440,1,6,5.06,60,1200,eff53cc4804cc7d6246a6e5086861ce2b846f62b,ff0e00d,unknown (not recorded),,inferred: laptop Windows (native),
protocol_C.jsonl:191,C,densenet,TwoPhase@k=8,0.4379,4825986996,0,ok,ok,1.2141048920073378,622324440,1,14,5.1,60,1200,eff53cc4804cc7d6246a6e5086861ce2b846f62b,ff0e00d,unknown (not recorded),,inferred: laptop Windows (native),
protocol_C.jsonl:192,C,densenet,DTR,0.4468,4924071682,0,ok,ok,1.193839872508557,622324440,1,6,5.3,60,1200,eff53cc4804cc7d6246a6e5086861ce2b846f62b,ff0e00d,unknown (not recorded),,inferred: laptop Windows (native),
protocol_C.jsonl:193,C,densenet,TwoPhase@k=8,0.4468,4924071682,0,ok,ok,1.2031297007924084,622324440,1,8,4.6,60,1200,eff53cc4804cc7d6246a6e5086861ce2b846f62b,ff0e00d,unknown (not recorded),,inferred: laptop Windows (native),
protocol_C.jsonl:194,C,densenet,NbhdPenalty@b=0.25,0.4468,4924071682,0,ok,ok,1.1894486657074375,622324440,1,6,6.79,60,1200,eff53cc4804cc7d6246a6e5086861ce2b846f62b,ff0e00d,unknown (not recorded),,inferred: laptop Windows (native),
protocol_C.jsonl:195,C,densenet,DTR,0.4509,4969256762,0,ok,ok,1.193276094054154,622324440,1,6,4.59,60,1200,eff53cc4804cc7d6246a6e5086861ce2b846f62b,ff0e00d,unknown (not recorded),,inferred: laptop Windows (native),
protocol_C.jsonl:196,C,densenet,NbhdPenalty@b=0.25,0.4509,4969256762,0,ok,ok,1.187706063684815,622324440,1,6,5.3,60,1200,eff53cc4804cc7d6246a6e5086861ce2b846f62b,ff0e00d,unknown (not recorded),,inferred: laptop Windows (native),
protocol_C.jsonl:197,C,densenet,TwoPhase@k=8,0.4509,4969256762,0,ok,ok,1.1990130119650726,622324440,1,8,4.49,60,1200,eff53cc4804cc7d6246a6e5086861ce2b846f62b,ff0e00d,unknown (not recorded),,inferred: laptop Windows (native),
protocol_C.jsonl:198,C,densenet,DTR,0.4607,5077260125,0,ok,ok,1.185380749866155,622324440,1,6,5.69,60,1200,eff53cc4804cc7d6246a6e5086861ce2b846f62b,ff0e00d,unknown (not recorded),,inferred: laptop Windows (native),
protocol_C.jsonl:199,C,densenet,TwoPhase@k=8,0.4607,5077260125,0,ok,ok,1.2042801539007384,622324440,1,14,4.37,60,1200,eff53cc4804cc7d6246a6e5086861ce2b846f62b,ff0e00d,unknown (not recorded),,inferred: laptop Windows (native),
protocol_C.jsonl:200,C,densenet,NbhdPenalty@b=0.25,0.4607,5077260125,0,ok,ok,1.1866711160629322,622324440,1,6,5.51,60,1200,eff53cc4804cc7d6246a6e5086861ce2b846f62b,ff0e00d,unknown (not recorded),,inferred: laptop Windows (native),
protocol_C.jsonl:201,C,densenet,DTR,0.4777,5264612897,0,ok,ok,1.1809587521095604,622324440,1,6,4.71,60,1200,eff53cc4804cc7d6246a6e5086861ce2b846f62b,ff0e00d,unknown (not recorded),,inferred: laptop Windows (native),
protocol_C.jsonl:202,C,densenet,NbhdPenalty@b=0.25,0.4777,5264612897,0,ok,ok,1.178567187075094,622324440,1,6,5.62,60,1200,eff53cc4804cc7d6246a6e5086861ce2b846f62b,ff0e00d,unknown (not recorded),,inferred: laptop Windows (native),
protocol_C.jsonl:203,C,densenet,TwoPhase@k=8,0.4777,5264612897,0,ok,ok,1.1906057948803366,622324440,1,8,5.78,60,1200,eff53cc4804cc7d6246a6e5086861ce2b846f62b,ff0e00d,unknown (not recorded),,inferred: laptop Windows (native),
protocol_C.jsonl:204,C,densenet,DTR,0.4858,5353880983,0,ok,ok,1.1797522701574792,622324440,1,6,5.37,60,1200,eff53cc4804cc7d6246a6e5086861ce2b846f62b,ff0e00d,unknown (not recorded),,inferred: laptop Windows (native),
protocol_C.jsonl:205,C,densenet,TwoPhase@k=8,0.4858,5353880983,0,ok,ok,1.1809804352467614,622324440,1,8,3.43,60,1200,eff53cc4804cc7d6246a6e5086861ce2b846f62b,ff0e00d,unknown (not recorded),,inferred: laptop Windows (native),
protocol_C.jsonl:206,C,densenet,NbhdPenalty@b=0.25,0.4858,5353880983,0,ok,ok,1.1767422741299065,622324440,1,6,5.29,60,1200,eff53cc4804cc7d6246a6e5086861ce2b846f62b,ff0e00d,unknown (not recorded),,inferred: laptop Windows (native),
protocol_C.jsonl:207,C,densenet,DTR,0.4911,5412290965,0,ok,ok,1.1792161247561703,622324440,1,6,5.02,60,1200,eff53cc4804cc7d6246a6e5086861ce2b846f62b,ff0e00d,unknown (not recorded),,inferred: laptop Windows (native),
protocol_C.jsonl:208,C,densenet,TwoPhase@k=8,0.4911,5412290965,0,ok,ok,1.1859622007528643,622324440,1,8,3.46,60,1200,eff53cc4804cc7d6246a6e5086861ce2b846f62b,ff0e00d,unknown (not recorded),,inferred: laptop Windows (native),
protocol_C.jsonl:209,C,densenet,NbhdPenalty@b=0.25,0.4911,5412290965,0,ok,ok,1.175515457200375,622324440,1,6,5.01,60,1200,eff53cc4804cc7d6246a6e5086861ce2b846f62b,ff0e00d,unknown (not recorded),,inferred: laptop Windows (native),
protocol_C.jsonl:210,C,densenet,DTR,0.5058,5574296009,0,ok,ok,1.174078316091618,622324440,1,6,5.12,60,1200,eff53cc4804cc7d6246a6e5086861ce2b846f62b,ff0e00d,unknown (not recorded),,inferred: laptop Windows (native),
protocol_C.jsonl:211,C,densenet,TwoPhase@k=8,0.5058,5574296009,0,ok,ok,1.1798624167792806,622324440,1,8,4.03,60,1200,eff53cc4804cc7d6246a6e5086861ce2b846f62b,ff0e00d,unknown (not recorded),,inferred: laptop Windows (native),
protocol_C.jsonl:212,C,densenet,NbhdPenalty@b=0.25,0.5058,5574296009,0,ok,ok,1.1708027663675178,622324440,1,6,4.88,60,1200,eff53cc4804cc7d6246a6e5086861ce2b846f62b,ff0e00d,unknown (not recorded),,inferred: laptop Windows (native),
protocol_C.jsonl:213,C,densenet,DTR,0.5181,5709851250,0,ok,ok,1.1739496920820016,622324440,1,6,6.15,60,1200,eff53cc4804cc7d6246a6e5086861ce2b846f62b,ff0e00d,unknown (not recorded),,inferred: laptop Windows (native),
protocol_C.jsonl:214,C,densenet,TwoPhase@k=8,0.5181,5709851250,0,ok,ok,1.1755232365606063,622324440,1,8,4.4,60,1200,eff53cc4804cc7d6246a6e5086861ce2b846f62b,ff0e00d,unknown (not recorded),,inferred: laptop Windows (native),
protocol_C.jsonl:215,C,densenet,NbhdPenalty@b=0.25,0.5181,5709851250,0,ok,ok,1.1702278845932472,622324440,1,6,5.26,60,1200,eff53cc4804cc7d6246a6e5086861ce2b846f62b,ff0e00d,unknown (not recorded),,inferred: laptop Windows (native),
protocol_C.jsonl:216,C,densenet,NbhdPenalty@b=0.25,0.5297,5837691965,0,ok,ok,1.1631245575207416,622324440,1,6,5.13,60,1200,eff53cc4804cc7d6246a6e5086861ce2b846f62b,ff0e00d,unknown (not recorded),,inferred: laptop Windows (native),
protocol_C.jsonl:217,C,densenet,DTR,0.5297,5837691965,0,ok,ok,1.1682807197337994,622324440,1,6,5.9,60,1200,eff53cc4804cc7d6246a6e5086861ce2b846f62b,ff0e00d,unknown (not recorded),,inferred: laptop Windows (native),
protocol_C.jsonl:218,C,densenet,TwoPhase@k=8,0.5297,5837691965,0,ok,ok,1.1690681153914417,622324440,1,8,5.89,60,1200,eff53cc4804cc7d6246a6e5086861ce2b846f62b,ff0e00d,unknown (not recorded),,inferred: laptop Windows (native),
protocol_C.jsonl:219,C,densenet,NbhdPenalty@b=0.25,0.5305,5846508566,0,ok,ok,1.1634305954132058,622324440,1,6,5.13,60,1200,eff53cc4804cc7d6246a6e5086861ce2b846f62b,ff0e00d,unknown (not recorded),,inferred: laptop Windows (native),
protocol_C.jsonl:220,C,densenet,TwoPhase@k=8,0.5305,5846508566,0,ok,ok,1.1740809561205243,622324440,1,8,5.19,60,1200,eff53cc4804cc7d6246a6e5086861ce2b846f62b,ff0e00d,unknown (not recorded),,inferred: laptop Windows (native),
protocol_C.jsonl:221,C,densenet,DTR,0.5305,5846508566,0,ok,ok,1.1682807197337994,622324440,1,6,6.21,60,1200,eff53cc4804cc7d6246a6e5086861ce2b846f62b,ff0e00d,unknown (not recorded),,inferred: laptop Windows (native),
protocol_C.jsonl:222,C,densenet,NbhdPenalty@b=0.25,0.5484,6043780015,0,ok,ok,1.1577546345876322,622324440,1,6,4.36,60,1200,eff53cc4804cc7d6246a6e5086861ce2b846f62b,ff0e00d,unknown (not recorded),,inferred: laptop Windows (native),
protocol_C.jsonl:223,C,densenet,TwoPhase@k=8,0.5484,6043780015,0,ok,ok,1.1649338160514546,622324440,1,8,4.42,60,1200,eff53cc4804cc7d6246a6e5086861ce2b846f62b,ff0e00d,unknown (not recorded),,inferred: laptop Windows (native),
protocol_C.jsonl:224,C,densenet,DTR,0.5484,6043780015,0,ok,ok,1.160194328080839,622324440,1,6,5.9,60,1200,eff53cc4804cc7d6246a6e5086861ce2b846f62b,ff0e00d,unknown (not recorded),,inferred: laptop Windows (native),
protocol_C.jsonl:225,C,densenet,NbhdPenalty@b=0.25,0.554,6105496222,0,ok,ok,1.156927841142537,622324440,1,6,4.92,60,1200,eff53cc4804cc7d6246a6e5086861ce2b846f62b,ff0e00d,unknown (not recorded),,inferred: laptop Windows (native),
protocol_C.jsonl:226,C,densenet,TwoPhase@k=8,0.554,6105496222,0,ok,ok,1.1609108285485858,622324440,1,8,4.56,60,1200,eff53cc4804cc7d6246a6e5086861ce2b846f62b,ff0e00d,unknown (not recorded),,inferred: laptop Windows (native),
protocol_C.jsonl:227,C,densenet,DTR,0.554,6105496222,0,ok,ok,1.161271240341308,622324440,1,6,6.67,60,1200,eff53cc4804cc7d6246a6e5086861ce2b846f62b,ff0e00d,unknown (not recorded),,inferred: laptop Windows (native),
protocol_C.jsonl:228,C,densenet,NbhdPenalty@b=0.25,0.561,6182641481,0,ok,ok,1.156651175682553,622324440,1,6,5.7,60,1200,eff53cc4804cc7d6246a6e5086861ce2b846f62b,ff0e00d,unknown (not recorded),,inferred: laptop Windows (native),
protocol_C.jsonl:229,C,densenet,TwoPhase@k=8,0.561,6182641481,0,ok,ok,1.1595762601620707,622324440,1,8,5.1,60,1200,eff53cc4804cc7d6246a6e5086861ce2b846f62b,ff0e00d,unknown (not recorded),,inferred: laptop Windows (native),
protocol_C.jsonl:230,C,densenet,DTR,0.561,6182641481,0,ok,ok,1.158107365528664,622324440,1,6,7.01,60,1200,eff53cc4804cc7d6246a6e5086861ce2b846f62b,ff0e00d,unknown (not recorded),,inferred: laptop Windows (native),
protocol_C.jsonl:231,C,densenet,TwoPhase@k=8,0.5725,6309380121,0,ok,ok,1.1620735501921,622324440,1,6,3.55,60,1200,eff53cc4804cc7d6246a6e5086861ce2b846f62b,ff0e00d,unknown (not recorded),,inferred: laptop Windows (native),
protocol_C.jsonl:232,C,densenet,NbhdPenalty@b=0.25,0.5725,6309380121,0,ok,ok,1.1506654533416545,622324440,1,6,4.97,60,1200,eff53cc4804cc7d6246a6e5086861ce2b846f62b,ff0e00d,unknown (not recorded),,inferred: laptop Windows (native),
protocol_C.jsonl:233,C,densenet,DTR,0.5725,6309380121,0,ok,ok,1.152898315487057,622324440,1,6,6.23,60,1200,eff53cc4804cc7d6246a6e5086861ce2b846f62b,ff0e00d,unknown (not recorded),,inferred: laptop Windows (native),
protocol_C.jsonl:234,C,densenet,DTR,0.586,6458160264,0,ok,ok,1.1491096995056054,622324440,1,6,5.57,60,1200,eff53cc4804cc7d6246a6e5086861ce2b846f62b,ff0e00d,unknown (not recorded),,inferred: laptop Windows (native),
protocol_C.jsonl:235,C,densenet,NbhdPenalty@b=0.25,0.586,6458160264,0,ok,ok,1.1465001012949256,622324440,1,6,4.9,60,1200,eff53cc4804cc7d6246a6e5086861ce2b846f62b,ff0e00d,unknown (not recorded),,inferred: laptop Windows (native),
protocol_C.jsonl:236,C,densenet,TwoPhase@k=8,0.586,6458160264,0,ok,ok,1.1506434943805381,622324440,1,6,5.16,60,1200,eff53cc4804cc7d6246a6e5086861ce2b846f62b,ff0e00d,unknown (not recorded),,inferred: laptop Windows (native),
protocol_C.jsonl:237,C,densenet,DTR,0.5973,6582694753,0,ok,ok,1.1426585777832168,622324440,1,6,4.18,60,1200,eff53cc4804cc7d6246a6e5086861ce2b846f62b,ff0e00d,unknown (not recorded),,inferred: laptop Windows (native),
protocol_C.jsonl:238,C,inception,DTR,0.0588,661226660,0,oom,"oom: evictable pool empty, pinned 0.42 GB at depth 1",,421510356,1,1,0.01,60,1200,eff53cc4804cc7d6246a6e5086861ce2b846f62b,ff0e00d,unknown (not recorded),,inferred: laptop Windows (native),
protocol_C.jsonl:239,C,inception,NbhdPenalty@b=0.25,0.0588,661226660,0,oom,"oom: evictable pool empty, pinned 0.42 GB at depth 1",,421510356,1,1,0.01,60,1200,eff53cc4804cc7d6246a6e5086861ce2b846f62b,ff0e00d,unknown (not recorded),,inferred: laptop Windows (native),
protocol_C.jsonl:240,C,inception,TwoPhase@k=8,0.0588,661226660,0,oom,"oom: evictable pool empty, pinned 0.42 GB at depth 1",,421510356,1,1,0.01,60,1200,eff53cc4804cc7d6246a6e5086861ce2b846f62b,ff0e00d,unknown (not recorded),,inferred: laptop Windows (native),
protocol_C.jsonl:241,C,inception,DTR,0.0571,642109563,0,oom,"oom: evictable pool empty, pinned 0.42 GB at depth 1",,421510356,1,1,0.01,60,1200,eff53cc4804cc7d6246a6e5086861ce2b846f62b,ff0e00d,unknown (not recorded),,inferred: laptop Windows (native),
protocol_C.jsonl:242,C,inception,NbhdPenalty@b=0.25,0.0571,642109563,0,oom,"oom: evictable pool empty, pinned 0.42 GB at depth 1",,421510356,1,1,0.01,60,1200,eff53cc4804cc7d6246a6e5086861ce2b846f62b,ff0e00d,unknown (not recorded),,inferred: laptop Windows (native),
protocol_C.jsonl:243,C,densenet,TwoPhase@k=8,0.5973,6582694753,0,ok,ok,1.148231236923343,622324440,1,6,4.18,60,1200,eff53cc4804cc7d6246a6e5086861ce2b846f62b,ff0e00d,unknown (not recorded),,inferred: laptop Windows (native),
protocol_C.jsonl:244,C,inception,TwoPhase@k=8,0.0571,642109563,0,oom,"oom: evictable pool empty, pinned 0.42 GB at depth 1",,421510356,1,1,0.01,60,1200,eff53cc4804cc7d6246a6e5086861ce2b846f62b,ff0e00d,unknown (not recorded),,inferred: laptop Windows (native),
protocol_C.jsonl:245,C,densenet,NbhdPenalty@b=0.25,0.5973,6582694753,0,ok,ok,1.151656100265258,622324440,1,6,5.36,60,1200,eff53cc4804cc7d6246a6e5086861ce2b846f62b,ff0e00d,unknown (not recorded),,inferred: laptop Windows (native),
protocol_C.jsonl:246,C,inception,DTR,0.0636,715204347,0,oom,"oom: evictable pool empty, pinned 0.42 GB at depth 1",,421510356,1,1,0.01,60,1200,eff53cc4804cc7d6246a6e5086861ce2b846f62b,ff0e00d,unknown (not recorded),,inferred: laptop Windows (native),
protocol_C.jsonl:247,C,inception,NbhdPenalty@b=0.25,0.0636,715204347,0,oom,"oom: evictable pool empty, pinned 0.42 GB at depth 1",,421510356,1,1,0.02,60,1200,eff53cc4804cc7d6246a6e5086861ce2b846f62b,ff0e00d,unknown (not recorded),,inferred: laptop Windows (native),
protocol_C.jsonl:248,C,inception,TwoPhase@k=8,0.0636,715204347,0,oom,"oom: evictable pool empty, pinned 0.42 GB at depth 1",,421510356,1,1,0.01,60,1200,eff53cc4804cc7d6246a6e5086861ce2b846f62b,ff0e00d,unknown (not recorded),,inferred: laptop Windows (native),
protocol_C.jsonl:249,C,inception,DTR,0.0689,774804709,0,oom,"oom: evictable pool empty, pinned 0.59 GB at depth 1",,593681636,1,1,0.01,60,1200,eff53cc4804cc7d6246a6e5086861ce2b846f62b,ff0e00d,unknown (not recorded),,inferred: laptop Windows (native),
protocol_C.jsonl:250,C,inception,TwoPhase@k=8,0.0689,774804709,0,oom,"oom: evictable pool empty, pinned 0.59 GB at depth 1",,593681636,1,1,0.01,60,1200,eff53cc4804cc7d6246a6e5086861ce2b846f62b,ff0e00d,unknown (not recorded),,inferred: laptop Windows (native),
protocol_C.jsonl:251,C,inception,NbhdPenalty@b=0.25,0.0689,774804709,0,oom,"oom: evictable pool empty, pinned 0.59 GB at depth 1",,593681636,1,1,0.02,60,1200,eff53cc4804cc7d6246a6e5086861ce2b846f62b,ff0e00d,unknown (not recorded),,inferred: laptop Windows (native),
protocol_C.jsonl:252,C,inception,DTR,0.0797,896254504,0,oom,"oom: evictable pool empty, pinned 0.59 GB at depth 1",,593681636,1,1,0.01,60,1200,eff53cc4804cc7d6246a6e5086861ce2b846f62b,ff0e00d,unknown (not recorded),,inferred: laptop Windows (native),
protocol_C.jsonl:253,C,inception,NbhdPenalty@b=0.25,0.0797,896254504,0,oom,"oom: evictable pool empty, pinned 0.59 GB at depth 1",,593681636,1,1,0.02,60,1200,eff53cc4804cc7d6246a6e5086861ce2b846f62b,ff0e00d,unknown (not recorded),,inferred: laptop Windows (native),
protocol_C.jsonl:254,C,inception,TwoPhase@k=8,0.0797,896254504,0,oom,"oom: evictable pool empty, pinned 0.59 GB at depth 1",,593681636,1,1,0.01,60,1200,eff53cc4804cc7d6246a6e5086861ce2b846f62b,ff0e00d,unknown (not recorded),,inferred: laptop Windows (native),
protocol_C.jsonl:255,C,inception,DTR,0.0705,792797271,0,oom,"oom: evictable pool empty, pinned 0.59 GB at depth 1",,593681636,1,1,0.01,60,1200,eff53cc4804cc7d6246a6e5086861ce2b846f62b,ff0e00d,unknown (not recorded),,inferred: laptop Windows (native),
protocol_C.jsonl:256,C,inception,NbhdPenalty@b=0.25,0.0705,792797271,0,oom,"oom: evictable pool empty, pinned 0.59 GB at depth 1",,593681636,1,1,0.01,60,1200,eff53cc4804cc7d6246a6e5086861ce2b846f62b,ff0e00d,unknown (not recorded),,inferred: laptop Windows (native),
protocol_C.jsonl:257,C,inception,TwoPhase@k=8,0.0705,792797271,0,oom,"oom: evictable pool empty, pinned 0.59 GB at depth 1",,593681636,1,1,0.01,60,1200,eff53cc4804cc7d6246a6e5086861ce2b846f62b,ff0e00d,unknown (not recorded),,inferred: laptop Windows (native),
protocol_C.jsonl:258,C,inception,DTR,0.0828,931115093,0,oom,"oom: evictable pool empty, pinned 0.59 GB at depth 1",,593681636,1,1,0.01,60,1200,eff53cc4804cc7d6246a6e5086861ce2b846f62b,ff0e00d,unknown (not recorded),,inferred: laptop Windows (native),
protocol_C.jsonl:259,C,inception,NbhdPenalty@b=0.25,0.0828,931115093,0,oom,"oom: evictable pool empty, pinned 0.59 GB at depth 1",,593681636,1,1,0.01,60,1200,eff53cc4804cc7d6246a6e5086861ce2b846f62b,ff0e00d,unknown (not recorded),,inferred: laptop Windows (native),
protocol_C.jsonl:260,C,inception,TwoPhase@k=8,0.0828,931115093,0,oom,"oom: evictable pool empty, pinned 0.59 GB at depth 1",,593681636,1,1,0.01,60,1200,eff53cc4804cc7d6246a6e5086861ce2b846f62b,ff0e00d,unknown (not recorded),,inferred: laptop Windows (native),
protocol_C.jsonl:261,C,inception,DTR,0.0813,914247066,0,oom,"oom: evictable pool empty, pinned 0.59 GB at depth 1",,593681636,1,1,0.01,60,1200,eff53cc4804cc7d6246a6e5086861ce2b846f62b,ff0e00d,unknown (not recorded),,inferred: laptop Windows (native),
protocol_C.jsonl:262,C,inception,NbhdPenalty@b=0.25,0.0813,914247066,0,oom,"oom: evictable pool empty, pinned 0.59 GB at depth 1",,593681636,1,1,0.01,60,1200,eff53cc4804cc7d6246a6e5086861ce2b846f62b,ff0e00d,unknown (not recorded),,inferred: laptop Windows (native),
protocol_C.jsonl:263,C,inception,TwoPhase@k=8,0.0813,914247066,0,oom,"oom: evictable pool empty, pinned 0.59 GB at depth 1",,593681636,1,1,0.01,60,1200,eff53cc4804cc7d6246a6e5086861ce2b846f62b,ff0e00d,unknown (not recorded),,inferred: laptop Windows (native),
protocol_C.jsonl:264,C,inception,TwoPhase@k=8,0.0957,1076180125,0,oom,"oom: evictable pool empty, pinned 0.81 GB at depth 75",,808026484,75,82,1.22,60,1200,eff53cc4804cc7d6246a6e5086861ce2b846f62b,ff0e00d,unknown (not recorded),,inferred: laptop Windows (native),
protocol_C.jsonl:265,C,inception,DTR,0.0946,1063810239,0,oom,"oom: evictable pool empty, pinned 0.72 GB at depth 11",,724647148,2,18,0.02,60,1200,eff53cc4804cc7d6246a6e5086861ce2b846f62b,ff0e00d,unknown (not recorded),,inferred: laptop Windows (native),
protocol_C.jsonl:266,C,inception,NbhdPenalty@b=0.25,0.0946,1063810239,0,oom,"oom: evictable pool empty, pinned 0.71 GB at depth 28",,804879644,11,59,79.39,60,1200,eff53cc4804cc7d6246a6e5086861ce2b846f62b,ff0e00d,unknown (not recorded),,inferred: laptop Windows (native),
protocol_C.jsonl:267,C,inception,TwoPhase@k=8,0.0946,1063810239,0,oom,"oom: evictable pool empty, pinned 0.74 GB at depth 73",,804879644,11,80,2.51,60,1200,eff53cc4804cc7d6246a6e5086861ce2b846f62b,ff0e00d,unknown (not recorded),,inferred: laptop Windows (native),
protocol_C.jsonl:268,C,densenet,TwoPhase@k=8,0.2137,2355134553,0,oom,"oom: evictable pool empty, pinned 2.33 GB at depth 78",,2325133272,78,113,999.2,60,1200,eff53cc4804cc7d6246a6e5086861ce2b846f62b,ff0e00d,unknown (not recorded),,inferred: laptop Windows (native),
protocol_C.jsonl:269,C,inception,NbhdPenalty@b=0.25,0.0957,1076180125,0,oom,"oom: evictable pool empty, pinned 1.06 GB at depth 37",,1059423348,37,59,138.09,60,1200,eff53cc4804cc7d6246a6e5086861ce2b846f62b,ff0e00d,unknown (not recorded),,inferred: laptop Windows (native),
protocol_C.jsonl:270,C,inception,TwoPhase@k=8,0.108,1214497947,0,oom,"oom: evictable pool empty, pinned 0.93 GB at depth 81",,933134708,81,88,3.26,60,1200,eff53cc4804cc7d6246a6e5086861ce2b846f62b,ff0e00d,unknown (not recorded),,inferred: laptop Windows (native),
protocol_C.jsonl:271,C,inception,DTR,0.0957,1076180125,0,oom,"oom: evictable pool empty, pinned 0.94 GB at depth 67",,969105780,35,67,168.01,60,1200,eff53cc4804cc7d6246a6e5086861ce2b846f62b,ff0e00d,unknown (not recorded),,inferred: laptop Windows (native),
protocol_C.jsonl:272,C,inception,DTR,0.1026,1153773050,0,oom,"oom: evictable pool empty, pinned 0.98 GB at depth 134",,977595260,101,135,63.87,60,1200,eff53cc4804cc7d6246a6e5086861ce2b846f62b,ff0e00d,unknown (not recorded),,inferred: laptop Windows (native),
protocol_C.jsonl:273,C,inception,TwoPhase@k=8,0.1026,1153773050,0,oom,"oom: evictable pool empty, pinned 0.91 GB at depth 81",,914194804,81,88,9.62,60,1200,eff53cc4804cc7d6246a6e5086861ce2b846f62b,ff0e00d,unknown (not recorded),,inferred: laptop Windows (native),
protocol_C.jsonl:274,C,inception,DTR,0.108,1214497947,0,oom,"oom: evictable pool empty, pinned 1.09 GB at depth 87",,1119633780,43,87,149.59,60,1200,eff53cc4804cc7d6246a6e5086861ce2b846f62b,ff0e00d,unknown (not recorded),,inferred: laptop Windows (native),
protocol_C.jsonl:275,C,inception,NbhdPenalty@b=0.25,0.108,1214497947,0,oom,"oom: evictable pool empty, pinned 1.09 GB at depth 87",,1119633780,43,87,130.69,60,1200,eff53cc4804cc7d6246a6e5086861ce2b846f62b,ff0e00d,unknown (not recorded),,inferred: laptop Windows (native),
protocol_C.jsonl:276,C,inception,NbhdPenalty@b=0.25,0.1026,1153773050,0,oom,"oom: evictable pool empty, pinned 1.00 GB at depth 73",,1089529716,40,73,124.64,60,1200,eff53cc4804cc7d6246a6e5086861ce2b846f62b,ff0e00d,unknown (not recorded),,inferred: laptop Windows (native),
protocol_C.jsonl:277,C,inception,DTR,0.1191,1339321347,0,oom,"oom: evictable pool empty, pinned 1.32 GB at depth 84",,1318748532,84,85,83.64,60,1200,eff53cc4804cc7d6246a6e5086861ce2b846f62b,ff0e00d,unknown (not recorded),,inferred: laptop Windows (native),
protocol_C.jsonl:278,C,inception,NbhdPenalty@b=0.25,0.1191,1339321347,0,oom,"oom: evictable pool empty, pinned 1.32 GB at depth 84",,1318749300,84,85,70.48,60,1200,eff53cc4804cc7d6246a6e5086861ce2b846f62b,ff0e00d,unknown (not recorded),,inferred: laptop Windows (native),
protocol_C.jsonl:279,C,inception,DTR,0.1143,1285343661,0,oom,"oom: evictable pool empty, pinned 1.20 GB at depth 12",,1200054644,12,60,83.16,60,1200,eff53cc4804cc7d6246a6e5086861ce2b846f62b,ff0e00d,unknown (not recorded),,inferred: laptop Windows (native),
protocol_C.jsonl:280,C,inception,TwoPhase@k=8,0.1143,1285343661,0,oom,"oom: evictable pool empty, pinned 0.97 GB at depth 84",,972096884,84,91,92.11,60,1200,eff53cc4804cc7d6246a6e5086861ce2b846f62b,ff0e00d,unknown (not recorded),,inferred: laptop Windows (native),
protocol_C.jsonl:281,C,inception,NbhdPenalty@b=0.25,0.1143,1285343661,0,oom,"oom: evictable pool empty, pinned 1.20 GB at depth 12",,1200054644,12,51,115.97,60,1200,eff53cc4804cc7d6246a6e5086861ce2b846f62b,ff0e00d,unknown (not recorded),,inferred: laptop Windows (native),
protocol_C.jsonl:282,C,inception,NbhdPenalty@b=0.25,0.1266,1423661483,0,oom,"oom: evictable pool empty, pinned 1.35 GB at depth 123",,1383096692,77,123,70.07,60,1200,eff53cc4804cc7d6246a6e5086861ce2b846f62b,ff0e00d,unknown (not recorded),,inferred: laptop Windows (native),
protocol_C.jsonl:283,C,inception,DTR,0.1266,1423661483,0,oom,"oom: evictable pool empty, pinned 1.26 GB at depth 111",,1297868148,69,111,93.68,60,1200,eff53cc4804cc7d6246a6e5086861ce2b846f62b,ff0e00d,unknown (not recorded),,inferred: laptop Windows (native),
protocol_C.jsonl:284,C,inception,TwoPhase@k=8,0.1191,1339321347,0,oom,"oom: evictable pool empty, pinned 1.03 GB at depth 98",,1087218036,36,105,214.47,60,1200,eff53cc4804cc7d6246a6e5086861ce2b846f62b,ff0e00d,unknown (not recorded),,inferred: laptop Windows (native),
protocol_C.jsonl:285,C,inception,NbhdPenalty@b=0.25,0.1205,1355064839,0,oom,"oom: evictable pool empty, pinned 1.24 GB at depth 50",,1300268148,59,59,49.45,60,1200,eff53cc4804cc7d6246a6e5086861ce2b846f62b,ff0e00d,unknown (not recorded),,inferred: laptop Windows (native),
protocol_C.jsonl:286,C,inception,DTR,0.1205,1355064839,0,oom,"oom: evictable pool empty, pinned 1.32 GB at depth 84",,1318750068,84,85,68.5,60,1200,eff53cc4804cc7d6246a6e5086861ce2b846f62b,ff0e00d,unknown (not recorded),,inferred: laptop Windows (native),
protocol_C.jsonl:287,C,inception,DTR,0.136,1529367786,0,oom,"oom: evictable pool empty, pinned 1.47 GB at depth 11",,1471586676,11,44,32.25,60,1200,eff53cc4804cc7d6246a6e5086861ce2b846f62b,ff0e00d,unknown (not recorded),,inferred: laptop Windows (native),
protocol_C.jsonl:288,C,inception,TwoPhase@k=8,0.1205,1355064839,0,oom,"oom: evictable pool empty, pinned 1.07 GB at depth 83",,1070040436,83,90,91.8,60,1200,eff53cc4804cc7d6246a6e5086861ce2b846f62b,ff0e00d,unknown (not recorded),,inferred: laptop Windows (native),
protocol_C.jsonl:289,C,inception,TwoPhase@k=8,0.1266,1423661483,0,oom,"oom: evictable pool empty, pinned 1.16 GB at depth 91",,1155271028,91,98,158.7,60,1200,eff53cc4804cc7d6246a6e5086861ce2b846f62b,ff0e00d,unknown (not recorded),,inferred: laptop Windows (native),
protocol_C.jsonl:290,C,inception,NbhdPenalty@b=0.25,0.136,1529367786,0,oom,"oom: evictable pool empty, pinned 1.46 GB at depth 135",,1498433652,85,135,83.46,60,1200,eff53cc4804cc7d6246a6e5086861ce2b846f62b,ff0e00d,unknown (not recorded),,inferred: laptop Windows (native),
protocol_C.jsonl:291,C,inception,DTR,0.1304,1466393818,0,oom,"oom: evictable pool empty, pinned 1.45 GB at depth 110",,1451327860,110,111,68.5,60,1200,eff53cc4804cc7d6246a6e5086861ce2b846f62b,ff0e00d,unknown (not recorded),,inferred: laptop Windows (native),
protocol_C.jsonl:292,C,inception,NbhdPenalty@b=0.25,0.1304,1466393818,0,oom,"oom: evictable pool empty, pinned 1.37 GB at depth 129",,1420977268,73,129,72.66,60,1200,eff53cc4804cc7d6246a6e5086861ce2b846f62b,ff0e00d,unknown (not recorded),,inferred: laptop Windows (native),
protocol_C.jsonl:293,C,inception,DTR,0.1434,1612583386,0,oom,"oom: evictable pool empty, pinned 1.56 GB at depth 15",,1558897012,15,47,32.39,60,1200,eff53cc4804cc7d6246a6e5086861ce2b846f62b,ff0e00d,unknown (not recorded),,inferred: laptop Windows (native),
protocol_C.jsonl:294,C,inception,TwoPhase@k=8,0.136,1529367786,0,oom,"oom: evictable pool empty, pinned 1.51 GB at depth 101",,1512319860,99,104,136.42,60,1200,eff53cc4804cc7d6246a6e5086861ce2b846f62b,ff0e00d,unknown (not recorded),,inferred: laptop Windows (native),
protocol_C.jsonl:295,C,inception,DTR,0.1486,1671059213,0,oom,"oom: evictable pool empty, pinned 1.65 GB at depth 14",,1646207348,14,29,31.1,60,1200,eff53cc4804cc7d6246a6e5086861ce2b846f62b,ff0e00d,unknown (not recorded),,inferred: laptop Windows (native),
protocol_C.jsonl:296,C,inception,NbhdPenalty@b=0.25,0.1434,1612583386,0,oom,"oom: evictable pool empty, pinned 1.52 GB at depth 147",,1553557876,93,147,80.64,60,1200,eff53cc4804cc7d6246a6e5086861ce2b846f62b,ff0e00d,unknown (not recorded),,inferred: laptop Windows (native),
protocol_C.jsonl:297,C,inception,TwoPhase@k=8,0.1304,1466393818,0,oom,"oom: evictable pool empty, pinned 1.45 GB at depth 106",,1455370100,102,113,120.78,60,1200,eff53cc4804cc7d6246a6e5086861ce2b846f62b,ff0e00d,unknown (not recorded),,inferred: laptop Windows (native),
protocol_C.jsonl:298,C,inception,DTR,0.1589,1786886332,0,oom,"oom: evictable pool empty, pinned 1.73 GB at depth 18",,1733517684,18,37,39.72,60,1200,eff53cc4804cc7d6246a6e5086861ce2b846f62b,ff0e00d,unknown (not recorded),,inferred: laptop Windows (native),
protocol_C.jsonl:299,C,inception,NbhdPenalty@b=0.25,0.1486,1671059213,0,oom,"oom: evictable pool empty, pinned 1.60 GB at depth 159",,1638786420,101,159,89.37,60,1200,eff53cc4804cc7d6246a6e5086861ce2b846f62b,ff0e00d,unknown (not recorded),,inferred: laptop Windows (native),
protocol_C.jsonl:300,C,inception,TwoPhase@k=8,0.1434,1612583386,0,oom,"oom: evictable pool empty, pinned 1.60 GB at depth 114",,1596195444,112,117,191.07,60,1200,eff53cc4804cc7d6246a6e5086861ce2b846f62b,ff0e00d,unknown (not recorded),,inferred: laptop Windows (native),
protocol_C.jsonl:301,C,inception,NbhdPenalty@b=0.25,0.1589,1786886332,0,oom,"oom: evictable pool empty, pinned 1.70 GB at depth 182",,1733488756,109,182,95.34,60,1200,eff53cc4804cc7d6246a6e5086861ce2b846f62b,ff0e00d,unknown (not recorded),,inferred: laptop Windows (native),
protocol_C.jsonl:302,C,inception,DTR,0.1552,1745278532,0,oom,"oom: evictable pool empty, pinned 1.73 GB at depth 18",,1733517684,18,29,29.17,60,1200,eff53cc4804cc7d6246a6e5086861ce2b846f62b,ff0e00d,unknown (not recorded),,inferred: laptop Windows (native),
protocol_C.jsonl:303,C,inception,TwoPhase@k=8,0.1486,1671059213,0,oom,"oom: evictable pool empty, pinned 1.66 GB at depth 132",,1661834612,130,135,222.11,60,1200,eff53cc4804cc7d6246a6e5086861ce2b846f62b,ff0e00d,unknown (not recorded),,inferred: laptop Windows (native),
protocol_C.jsonl:304,C,inception,NbhdPenalty@b=0.25,0.1552,1745278532,0,oom,"oom: evictable pool empty, pinned 1.62 GB at depth 159",,1638787444,101,159,99.68,60,1200,eff53cc4804cc7d6246a6e5086861ce2b846f62b,ff0e00d,unknown (not recorded),,inferred: laptop Windows (native),
protocol_C.jsonl:305,C,inception,DTR,0.1684,1893717170,0,oom,"oom: evictable pool empty, pinned 1.82 GB at depth 17",,1820828020,17,29,25.67,60,1200,eff53cc4804cc7d6246a6e5086861ce2b846f62b,ff0e00d,unknown (not recorded),,inferred: laptop Windows (native),
protocol_C.jsonl:306,C,inception,NbhdPenalty@b=0.25,0.1684,1893717170,0,oom,"oom: evictable pool empty, pinned 1.82 GB at depth 17",,1820828020,17,35,25.91,60,1200,eff53cc4804cc7d6246a6e5086861ce2b846f62b,ff0e00d,unknown (not recorded),,inferred: laptop Windows (native),
protocol_C.jsonl:307,C,inception,TwoPhase@k=8,0.1589,1786886332,0,oom,"oom: evictable pool empty, pinned 1.76 GB at depth 117",,1762199156,115,120,199.62,60,1200,eff53cc4804cc7d6246a6e5086861ce2b846f62b,ff0e00d,unknown (not recorded),,inferred: laptop Windows (native),
protocol_C.jsonl:308,C,inception,DTR,0.1674,1882471819,0,oom,"oom: evictable pool empty, pinned 1.82 GB at depth 17",,1820828020,17,33,26.71,60,1200,eff53cc4804cc7d6246a6e5086861ce2b846f62b,ff0e00d,unknown (not recorded),,inferred: laptop Windows (native),
protocol_C.jsonl:309,C,inception,TwoPhase@k=8,0.1552,1745278532,0,oom,"oom: evictable pool empty, pinned 1.71 GB at depth 107",,1712628084,107,107,158.04,60,1200,eff53cc4804cc7d6246a6e5086861ce2b846f62b,ff0e00d,unknown (not recorded),,inferred: laptop Windows (native),
protocol_C.jsonl:310,C,inception,DTR,0.1787,2009544289,0,oom,"oom: evictable pool empty, pinned 1.94 GB at depth 39",,1944715636,39,39,22.51,60,1200,eff53cc4804cc7d6246a6e5086861ce2b846f62b,ff0e00d,unknown (not recorded),,inferred: laptop Windows (native),
protocol_C.jsonl:311,C,inception,NbhdPenalty@b=0.25,0.1674,1882471819,0,oom,"oom: evictable pool empty, pinned 1.87 GB at depth 181",,1868007284,181,182,104.02,60,1200,eff53cc4804cc7d6246a6e5086861ce2b846f62b,ff0e00d,unknown (not recorded),,inferred: laptop Windows (native),
protocol_C.jsonl:312,C,inception,TwoPhase@k=8,0.1684,1893717170,0,oom,"oom: evictable pool empty, pinned 1.88 GB at depth 155",,1879365492,154,158,137.69,60,1200,eff53cc4804cc7d6246a6e5086861ce2b846f62b,ff0e00d,unknown (not recorded),,inferred: laptop Windows (native),
protocol_C.jsonl:313,C,inception,DTR,0.1768,1988178121,0,oom,"oom: evictable pool empty, pinned 1.94 GB at depth 39",,1944715636,39,39,30.11,60,1200,eff53cc4804cc7d6246a6e5086861ce2b846f62b,ff0e00d,unknown (not recorded),,inferred: laptop Windows (native),
protocol_C.jsonl:314,C,inception,NbhdPenalty@b=0.25,0.1787,2009544289,0,oom,"oom: evictable pool empty, pinned 1.89 GB at depth 179",,1893767804,146,180,158.68,60,1200,eff53cc4804cc7d6246a6e5086861ce2b846f62b,ff0e00d,unknown (not recorded),,inferred: laptop Windows (native),
protocol_C.jsonl:315,C,inception,TwoPhase@k=8,0.1787,2009544289,0,oom,"oom: evictable pool empty, pinned 2.01 GB at depth 157",,2005502836,157,158,158.39,60,1200,eff53cc4804cc7d6246a6e5086861ce2b846f62b,ff0e00d,unknown (not recorded),,inferred: laptop Windows (native),
protocol_C.jsonl:316,C,inception,NbhdPenalty@b=0.25,0.1768,1988178121,0,oom,"oom: evictable pool empty, pinned 1.93 GB at depth 195",,1926726004,195,196,150.13,60,1200,eff53cc4804cc7d6246a6e5086861ce2b846f62b,ff0e00d,unknown (not recorded),,inferred: laptop Windows (native),
protocol_C.jsonl:317,C,inception,DTR,0.1813,2038782203,0,oom,"oom: evictable pool empty, pinned 2.03 GB at depth 38",,2032025972,38,39,22.79,60,1200,eff53cc4804cc7d6246a6e5086861ce2b846f62b,ff0e00d,unknown (not recorded),,inferred: laptop Windows (native),
protocol_C.jsonl:318,C,inception,TwoPhase@k=8,0.1674,1882471819,0,oom,"oom: evictable pool empty, pinned 1.87 GB at depth 109",,1865864052,107,126,333.03,60,1200,eff53cc4804cc7d6246a6e5086861ce2b846f62b,ff0e00d,unknown (not recorded),,inferred: laptop Windows (native),
protocol_C.jsonl:319,C,inception,DTR,0.1808,2033159527,0,oom,"oom: evictable pool empty, pinned 2.03 GB at depth 38",,2032025972,38,39,26.81,60,1200,eff53cc4804cc7d6246a6e5086861ce2b846f62b,ff0e00d,unknown (not recorded),,inferred: laptop Windows (native),
protocol_C.jsonl:320,C,inception,TwoPhase@k=8,0.1768,1988178121,0,oom,"oom: evictable pool empty, pinned 1.96 GB at depth 137",,1971299700,125,142,158.11,60,1200,eff53cc4804cc7d6246a6e5086861ce2b846f62b,ff0e00d,unknown (not recorded),,inferred: laptop Windows (native),
protocol_C.jsonl:321,C,inception,NbhdPenalty@b=0.25,0.1813,2038782203,0,oom,"oom: evictable pool empty, pinned 1.89 GB at depth 179",,1893766012,146,180,151.87,60,1200,eff53cc4804cc7d6246a6e5086861ce2b846f62b,ff0e00d,unknown (not recorded),,inferred: laptop Windows (native),
protocol_C.jsonl:322,C,inception,NbhdPenalty@b=0.25,0.1808,2033159527,0,oom,"oom: evictable pool empty, pinned 1.90 GB at depth 179",,1903236988,146,180,150.83,60,1200,eff53cc4804cc7d6246a6e5086861ce2b846f62b,ff0e00d,unknown (not recorded),,inferred: laptop Windows (native),
protocol_C.jsonl:323,C,inception,TwoPhase@k=8,0.1808,2033159527,0,oom,"oom: evictable pool empty, pinned 1.96 GB at depth 106",,1980561268,93,117,159.74,60,1200,eff53cc4804cc7d6246a6e5086861ce2b846f62b,ff0e00d,unknown (not recorded),,inferred: laptop Windows (native),
protocol_C.jsonl:324,C,inception,TwoPhase@k=8,0.1813,2038782203,0,oom,"oom: evictable pool empty, pinned 2.03 GB at depth 142",,2031913588,142,158,355.55,60,1200,eff53cc4804cc7d6246a6e5086861ce2b846f62b,ff0e00d,unknown (not recorded),,inferred: laptop Windows (native),
protocol_C.jsonl:325,C,inception,NbhdPenalty@b=0.25,0.1925,2164730138,0,oom,"oom: evictable pool empty, pinned 1.90 GB at depth 169",,1901560180,174,175,143.97,60,1200,eff53cc4804cc7d6246a6e5086861ce2b846f62b,ff0e00d,unknown (not recorded),,inferred: laptop Windows (native),
protocol_C.jsonl:326,C,inception,TwoPhase@k=8,0.1925,2164730138,0,oom,"oom: evictable pool empty, pinned 2.14 GB at depth 157",,2141815668,155,160,221.35,60,1200,eff53cc4804cc7d6246a6e5086861ce2b846f62b,ff0e00d,unknown (not recorded),,inferred: laptop Windows (native),
protocol_C.jsonl:327,C,inception,NbhdPenalty@b=0.25,0.1935,2175975489,0,oom,"oom: evictable pool empty, pinned 1.93 GB at depth 169",,1931666548,174,175,133.21,60,1200,eff53cc4804cc7d6246a6e5086861ce2b846f62b,ff0e00d,unknown (not recorded),,inferred: laptop Windows (native),
protocol_C.jsonl:328,C,inception,DTR,0.2071,2328912268,0,oom,"oom: evictable pool empty, pinned 2.08 GB at depth 161",,2084282740,161,168,171.42,60,1200,eff53cc4804cc7d6246a6e5086861ce2b846f62b,ff0e00d,unknown (not recorded),,inferred: laptop Windows (native),
protocol_C.jsonl:329,C,inception,NbhdPenalty@b=0.25,0.2071,2328912268,0,oom,"oom: evictable pool empty, pinned 2.19 GB at depth 33",,2192490868,34,39,34.39,60,1200,eff53cc4804cc7d6246a6e5086861ce2b846f62b,ff0e00d,unknown (not recorded),,inferred: laptop Windows (native),
protocol_C.jsonl:330,C,inception,TwoPhase@k=8,0.1935,2175975489,0,oom,"oom: evictable pool empty, pinned 2.17 GB at depth 136",,2166291316,134,149,776.5,60,1200,eff53cc4804cc7d6246a6e5086861ce2b846f62b,ff0e00d,unknown (not recorded),,inferred: laptop Windows (native),
protocol_C.jsonl:331,C,inception,DTR,0.1925,,0,timeout,timeout after 1200.0 s (20-min limit),,,,,1200.0,60,1200,eff53cc4804cc7d6246a6e5086861ce2b846f62b,ff0e00d,unknown (not recorded),,inferred: laptop Windows (native),
protocol_C.jsonl:332,C,inception,NbhdPenalty@b=0.25,0.2004,2253568414,0,oom,"oom: evictable pool empty, pinned 2.19 GB at depth 34",,2192490868,34,39,27.36,60,1200,eff53cc4804cc7d6246a6e5086861ce2b846f62b,ff0e00d,unknown (not recorded),,inferred: laptop Windows (native),
protocol_C.jsonl:333,C,inception,DTR,0.1935,,0,timeout,timeout after 1200.0 s (20-min limit),,,,,1200.0,60,1200,eff53cc4804cc7d6246a6e5086861ce2b846f62b,ff0e00d,unknown (not recorded),,inferred: laptop Windows (native),
protocol_C.jsonl:334,C,inception,TwoPhase@k=8,0.2004,2253568414,0,oom,"oom: evictable pool empty, pinned 2.24 GB at depth 136",,2235756404,135,162,468.17,60,1200,eff53cc4804cc7d6246a6e5086861ce2b846f62b,ff0e00d,unknown (not recorded),,inferred: laptop Windows (native),
protocol_C.jsonl:335,C,inception,NbhdPenalty@b=0.25,0.2131,2396384376,0,oom,"oom: evictable pool empty, pinned 2.19 GB at depth 33",,2192490868,34,39,26.18,60,1200,eff53cc4804cc7d6246a6e5086861ce2b846f62b,ff0e00d,unknown (not recorded),,inferred: laptop Windows (native),
protocol_C.jsonl:336,C,inception,TwoPhase@k=8,0.2071,,0,timeout,timeout after 1200.0 s (20-min limit),,,,,1200.0,60,1200,eff53cc4804cc7d6246a6e5086861ce2b846f62b,ff0e00d,unknown (not recorded),,inferred: laptop Windows (native),
protocol_C.jsonl:337,C,inception,TwoPhase@k=8,0.2131,2396384376,0,oom,"oom: evictable pool empty, pinned 2.35 GB at depth 153",,2362539380,145,158,505.2,60,1200,eff53cc4804cc7d6246a6e5086861ce2b846f62b,ff0e00d,unknown (not recorded),,inferred: laptop Windows (native),
protocol_C.jsonl:338,C,inception,NbhdPenalty@b=0.25,0.2162,2431244965,0,oom,"oom: evictable pool empty, pinned 2.19 GB at depth 33",,2192490868,34,39,28.74,60,1200,eff53cc4804cc7d6246a6e5086861ce2b846f62b,ff0e00d,unknown (not recorded),,inferred: laptop Windows (native),
protocol_C.jsonl:339,C,inception,DTR,0.2004,,0,timeout,timeout after 1200.0 s (20-min limit),,,,,1200.0,60,1200,eff53cc4804cc7d6246a6e5086861ce2b846f62b,ff0e00d,unknown (not recorded),,inferred: laptop Windows (native),
protocol_C.jsonl:340,C,inception,DTR,0.2131,2396384376,0,oom,"oom: evictable pool empty, pinned 2.25 GB at depth 172",,2249961920,173,173,937.87,60,1200,eff53cc4804cc7d6246a6e5086861ce2b846f62b,ff0e00d,unknown (not recorded),,inferred: laptop Windows (native),
protocol_C.jsonl:341,C,inception,NbhdPenalty@b=0.25,0.2281,2565064647,0,oom,"oom: evictable pool empty, pinned 2.51 GB at depth 77",,2516722036,56,78,52.21,60,1200,eff53cc4804cc7d6246a6e5086861ce2b846f62b,ff0e00d,unknown (not recorded),,inferred: laptop Windows (native),
protocol_C.jsonl:342,C,inception,TwoPhase@k=8,0.2281,2565064647,0,oom,"oom: evictable pool empty, pinned 2.56 GB at depth 145",,2558090356,146,151,385.67,60,1200,eff53cc4804cc7d6246a6e5086861ce2b846f62b,ff0e00d,unknown (not recorded),,inferred: laptop Windows (native),
protocol_C.jsonl:343,C,inception,DTR,0.2162,2431244965,0,oom,"oom: evictable pool empty, pinned 2.26 GB at depth 163",,2261430720,164,164,1062.5,60,1200,eff53cc4804cc7d6246a6e5086861ce2b846f62b,ff0e00d,unknown (not recorded),,inferred: laptop Windows (native),
protocol_C.jsonl:344,C,inception,DTR,0.2276,2559441971,0,ok,ok,1.5254328451911743,986579316,1,30,98.83,60,1200,eff53cc4804cc7d6246a6e5086861ce2b846f62b,ff0e00d,unknown (not recorded),,inferred: laptop Windows (native),
protocol_C.jsonl:345,C,inception,NbhdPenalty@b=0.25,0.2276,2559441971,0,oom,"oom: evictable pool empty, pinned 2.51 GB at depth 77",,2516722036,56,78,50.23,60,1200,eff53cc4804cc7d6246a6e5086861ce2b846f62b,ff0e00d,unknown (not recorded),,inferred: laptop Windows (native),
protocol_C.jsonl:346,C,inception,DTR,0.2337,2628038614,0,ok,ok,2.453626663014165,1161939392,28,75,285.53,60,1200,eff53cc4804cc7d6246a6e5086861ce2b846f62b,ff0e00d,unknown (not recorded),,inferred: laptop Windows (native),
protocol_C.jsonl:347,C,inception,NbhdPenalty@b=0.25,0.2337,2628038614,0,oom,"oom: evictable pool empty, pinned 2.52 GB at depth 53",,2576933236,62,62,60.44,60,1200,eff53cc4804cc7d6246a6e5086861ce2b846f62b,ff0e00d,unknown (not recorded),,inferred: laptop Windows (native),
protocol_C.jsonl:348,C,inception,TwoPhase@k=8,0.2162,2431244965,0,oom,"oom: evictable pool empty, pinned 2.42 GB at depth 122",,2421868148,122,155,1026.43,60,1200,eff53cc4804cc7d6246a6e5086861ce2b846f62b,ff0e00d,unknown (not recorded),,inferred: laptop Windows (native),
protocol_C.jsonl:349,C,inception,DTR,0.2343,2634785825,0,ok,ok,1.4708777048776966,986579316,1,30,108.36,60,1200,eff53cc4804cc7d6246a6e5086861ce2b846f62b,ff0e00d,unknown (not recorded),,inferred: laptop Windows (native),
protocol_C.jsonl:350,C,inception,NbhdPenalty@b=0.25,0.2343,2634785825,0,oom,"oom: evictable pool empty, pinned 2.52 GB at depth 53",,2576933236,62,62,46.94,60,1200,eff53cc4804cc7d6246a6e5086861ce2b846f62b,ff0e00d,unknown (not recorded),,inferred: laptop Windows (native),
protocol_C.jsonl:351,C,inception,TwoPhase@k=8,0.2276,2559441971,0,oom,"oom: evictable pool empty, pinned 2.51 GB at depth 177",,2524957556,169,182,568.3,60,1200,eff53cc4804cc7d6246a6e5086861ce2b846f62b,ff0e00d,unknown (not recorded),,inferred: laptop Windows (native),
protocol_C.jsonl:352,C,inception,DTR,0.2281,,0,timeout,timeout after 1200.0 s (20-min limit),,,,,1200.0,60,1200,eff53cc4804cc7d6246a6e5086861ce2b846f62b,ff0e00d,unknown (not recorded),,inferred: laptop Windows (native),
protocol_C.jsonl:353,C,inception,TwoPhase@k=8,0.2337,2628038614,0,oom,"oom: evictable pool empty, pinned 2.61 GB at depth 110",,2605218932,107,143,285.2,60,1200,eff53cc4804cc7d6246a6e5086861ce2b846f62b,ff0e00d,unknown (not recorded),,inferred: laptop Windows (native),
protocol_C.jsonl:354,C,inception,NbhdPenalty@b=0.25,0.2423,2724748636,0,oom,"oom: evictable pool empty, pinned 2.66 GB at depth 97",,2667250036,72,98,56.81,60,1200,eff53cc4804cc7d6246a6e5086861ce2b846f62b,ff0e00d,unknown (not recorded),,inferred: laptop Windows (native),
protocol_C.jsonl:355,C,inception,TwoPhase@k=8,0.2343,2634785825,0,oom,"oom: evictable pool empty, pinned 2.62 GB at depth 141",,2616121460,139,168,200.15,60,1200,eff53cc4804cc7d6246a6e5086861ce2b846f62b,ff0e00d,unknown (not recorded),,inferred: laptop Windows (native),
protocol_C.jsonl:356,C,inception,DTR,0.248,2788847139,0,ok,ok,1.3657052598787127,986579316,1,34,87.42,60,1200,eff53cc4804cc7d6246a6e5086861ce2b846f62b,ff0e00d,unknown (not recorded),,inferred: laptop Windows (native),
protocol_C.jsonl:357,C,inception,NbhdPenalty@b=0.25,0.248,2788847139,0,ok,ok,4.867812452225173,2420081524,128,157,388.03,60,1200,eff53cc4804cc7d6246a6e5086861ce2b846f62b,ff0e00d,unknown (not recorded),,inferred: laptop Windows (native),
protocol_C.jsonl:358,C,inception,TwoPhase@k=8,0.2423,2724748636,0,oom,"oom: evictable pool empty, pinned 2.66 GB at depth 131",,2702602868,128,151,627.86,60,1200,eff53cc4804cc7d6246a6e5086861ce2b846f62b,ff0e00d,unknown (not recorded),,inferred: laptop Windows (native),
protocol_C.jsonl:359,C,inception,NbhdPenalty@b=0.25,0.2527,2841700290,0,oom,"oom: evictable pool empty, pinned 2.72 GB at depth 89",,2727461236,78,93,60.07,60,1200,eff53cc4804cc7d6246a6e5086861ce2b846f62b,ff0e00d,unknown (not recorded),,inferred: laptop Windows (native),
protocol_C.jsonl:360,C,inception,TwoPhase@k=8,0.248,2788847139,0,oom,"oom: evictable pool empty, pinned 2.78 GB at depth 171",,2778020468,160,174,626.19,60,1200,eff53cc4804cc7d6246a6e5086861ce2b846f62b,ff0e00d,unknown (not recorded),,inferred: laptop Windows (native),
protocol_C.jsonl:361,C,inception,DTR,0.2523,2837202150,0,ok,ok,1.377909518568073,986579316,1,34,90.84,60,1200,eff53cc4804cc7d6246a6e5086861ce2b846f62b,ff0e00d,unknown (not recorded),,inferred: laptop Windows (native),
protocol_C.jsonl:362,C,inception,TwoPhase@k=8,0.2527,2841700290,0,oom,"oom: evictable pool empty, pinned 2.79 GB at depth 134",,2823024244,131,143,264.89,60,1200,eff53cc4804cc7d6246a6e5086861ce2b846f62b,ff0e00d,unknown (not recorded),,inferred: laptop Windows (native),
protocol_C.jsonl:363,C,inception,DTR,0.2423,2724748636,0,oom,"oom: evictable pool empty, pinned 2.72 GB at depth 172",,2715854196,170,190,1183.12,60,1200,eff53cc4804cc7d6246a6e5086861ce2b846f62b,ff0e00d,unknown (not recorded),,inferred: laptop Windows (native),
protocol_C.jsonl:364,C,inception,TwoPhase@k=8,0.2523,2837202150,0,oom,"oom: evictable pool empty, pinned 2.79 GB at depth 107",,2785155188,104,143,216.3,60,1200,eff53cc4804cc7d6246a6e5086861ce2b846f62b,ff0e00d,unknown (not recorded),,inferred: laptop Windows (native),
protocol_C.jsonl:365,C,inception,NbhdPenalty@b=0.25,0.2523,2837202150,0,oom,"oom: evictable pool empty, pinned 2.82 GB at depth 85",,2817781108,85,168,334.8,60,1200,eff53cc4804cc7d6246a6e5086861ce2b846f62b,ff0e00d,unknown (not recorded),,inferred: laptop Windows (native),
protocol_C.jsonl:366,C,inception,DTR,0.2629,2956402874,0,ok,ok,1.391758490300547,986579316,1,30,106.36,60,1200,eff53cc4804cc7d6246a6e5086861ce2b846f62b,ff0e00d,unknown (not recorded),,inferred: laptop Windows (native),
protocol_C.jsonl:367,C,inception,NbhdPenalty@b=0.25,0.2629,2956402874,0,oom,"oom: evictable pool empty, pinned 2.89 GB at depth 143",,2925625716,104,143,88.3,60,1200,eff53cc4804cc7d6246a6e5086861ce2b846f62b,ff0e00d,unknown (not recorded),,inferred: laptop Windows (native),
protocol_C.jsonl:368,C,inception,DTR,0.2613,2938410312,0,ok,ok,1.3906167205831597,986579316,1,34,112.49,60,1200,eff53cc4804cc7d6246a6e5086861ce2b846f62b,ff0e00d,unknown (not recorded),,inferred: laptop Windows (native),
protocol_C.jsonl:369,C,inception,NbhdPenalty@b=0.25,0.2613,2938410312,0,oom,"oom: evictable pool empty, pinned 2.94 GB at depth 142",,2937176436,142,143,83.67,60,1200,eff53cc4804cc7d6246a6e5086861ce2b846f62b,ff0e00d,unknown (not recorded),,inferred: laptop Windows (native),
protocol_C.jsonl:370,C,inception,DTR,0.2731,3071105458,0,ok,ok,1.3777900850837443,986579316,1,34,99.96,60,1200,eff53cc4804cc7d6246a6e5086861ce2b846f62b,ff0e00d,unknown (not recorded),,inferred: laptop Windows (native),
protocol_C.jsonl:371,C,inception,TwoPhase@k=8,0.2629,2956402874,0,oom,"oom: evictable pool empty, pinned 2.95 GB at depth 143",,2947830388,143,155,309.31,60,1200,eff53cc4804cc7d6246a6e5086861ce2b846f62b,ff0e00d,unknown (not recorded),,inferred: laptop Windows (native),
protocol_C.jsonl:372,C,inception,TwoPhase@k=8,0.2613,2938410312,0,oom,"oom: evictable pool empty, pinned 2.73 GB at depth 86",,2733322868,88,142,186.14,60,1200,eff53cc4804cc7d6246a6e5086861ce2b846f62b,ff0e00d,unknown (not recorded),,inferred: laptop Windows (native),
protocol_C.jsonl:373,C,inception,DTR,0.2722,3060984642,0,ok,ok,1.3388471846926042,986579316,1,34,88.31,60,1200,eff53cc4804cc7d6246a6e5086861ce2b846f62b,ff0e00d,unknown (not recorded),,inferred: laptop Windows (native),
protocol_C.jsonl:374,C,inception,NbhdPenalty@b=0.25,0.2731,3071105458,0,ok,ok,3.5862850845798473,2223712116,121,138,192.23,60,1200,eff53cc4804cc7d6246a6e5086861ce2b846f62b,ff0e00d,unknown (not recorded),,inferred: laptop Windows (native),
protocol_C.jsonl:375,C,inception,DTR,0.2527,2841700290,0,oom,"oom: evictable pool empty, pinned 2.82 GB at depth 195",,2822015868,199,208,1193.82,60,1200,eff53cc4804cc7d6246a6e5086861ce2b846f62b,ff0e00d,unknown (not recorded),,inferred: laptop Windows (native),
protocol_C.jsonl:376,C,inception,DTR,0.2894,3254404685,0,ok,ok,1.295053954918351,986579316,1,34,52.99,60,1200,eff53cc4804cc7d6246a6e5086861ce2b846f62b,ff0e00d,unknown (not recorded),,inferred: laptop Windows (native),
protocol_C.jsonl:377,C,inception,NbhdPenalty@b=0.25,0.2722,3060984642,0,ok,ok,3.6157972068176765,2223712116,121,138,191.76,60,1200,eff53cc4804cc7d6246a6e5086861ce2b846f62b,ff0e00d,unknown (not recorded),,inferred: laptop Windows (native),
protocol_C.jsonl:378,C,inception,NbhdPenalty@b=0.25,0.2894,3254404685,0,oom,"oom: evictable pool empty, pinned 3.15 GB at depth 164",,3145515380,166,167,99.16,60,1200,eff53cc4804cc7d6246a6e5086861ce2b846f62b,ff0e00d,unknown (not recorded),,inferred: laptop Windows (native),
protocol_C.jsonl:379,C,inception,DTR,0.2846,3200426999,0,ok,ok,1.3056717316749529,986579316,1,34,59.04,60,1200,eff53cc4804cc7d6246a6e5086861ce2b846f62b,ff0e00d,unknown (not recorded),,inferred: laptop Windows (native),
protocol_C.jsonl:380,C,inception,NbhdPenalty@b=0.25,0.2846,3200426999,0,oom,"oom: evictable pool empty, pinned 3.15 GB at depth 166",,3154985332,166,167,102.68,60,1200,eff53cc4804cc7d6246a6e5086861ce2b846f62b,ff0e00d,unknown (not recorded),,inferred: laptop Windows (native),
protocol_C.jsonl:381,C,inception,TwoPhase@k=8,0.2722,3060984642,0,oom,"oom: evictable pool empty, pinned 2.84 GB at depth 87",,2841955700,88,167,391.56,60,1200,eff53cc4804cc7d6246a6e5086861ce2b846f62b,ff0e00d,unknown (not recorded),,inferred: laptop Windows (native),
protocol_C.jsonl:382,C,inception,DTR,0.2933,3298261556,0,ok,ok,1.2245557226717192,986579316,1,13,16.75,60,1200,eff53cc4804cc7d6246a6e5086861ce2b846f62b,ff0e00d,unknown (not recorded),,inferred: laptop Windows (native),
protocol_C.jsonl:383,C,inception,NbhdPenalty@b=0.25,0.2933,3298261556,0,oom,"oom: evictable pool empty, pinned 3.18 GB at depth 163",,3182092660,163,167,98.95,60,1200,eff53cc4804cc7d6246a6e5086861ce2b846f62b,ff0e00d,unknown (not recorded),,inferred: laptop Windows (native),
protocol_C.jsonl:384,C,inception,TwoPhase@k=8,0.2894,3254404685,0,oom,"oom: evictable pool empty, pinned 3.20 GB at depth 153",,3241409652,150,178,834.6,60,1200,eff53cc4804cc7d6246a6e5086861ce2b846f62b,ff0e00d,unknown (not recorded),,inferred: laptop Windows (native),
protocol_C.jsonl:385,C,inception,DTR,0.2955,3323001329,0,ok,ok,1.2225878143960067,986579316,1,13,14.3,60,1200,eff53cc4804cc7d6246a6e5086861ce2b846f62b,ff0e00d,unknown (not recorded),,inferred: laptop Windows (native),
protocol_C.jsonl:386,C,inception,TwoPhase@k=8,0.2731,,0,timeout,timeout after 1200.0 s (20-min limit),,,,,1200.0,60,1200,eff53cc4804cc7d6246a6e5086861ce2b846f62b,ff0e00d,unknown (not recorded),,inferred: laptop Windows (native),
protocol_C.jsonl:387,C,inception,NbhdPenalty@b=0.25,0.2955,3323001329,0,oom,"oom: evictable pool empty, pinned 3.23 GB at depth 187",,3230744948,189,190,106.49,60,1200,eff53cc4804cc7d6246a6e5086861ce2b846f62b,ff0e00d,unknown (not recorded),,inferred: laptop Windows (native),
protocol_C.jsonl:388,C,inception,DTR,0.3001,3374729945,0,ok,ok,1.2203536535600992,986579316,1,13,13.1,60,1200,eff53cc4804cc7d6246a6e5086861ce2b846f62b,ff0e00d,unknown (not recorded),,inferred: laptop Windows (native),
protocol_C.jsonl:389,C,inception,TwoPhase@k=8,0.2846,3200426999,0,oom,"oom: evictable pool empty, pinned 3.14 GB at depth 126",,3175170164,123,178,754.26,60,1200,eff53cc4804cc7d6246a6e5086861ce2b846f62b,ff0e00d,unknown (not recorded),,inferred: laptop Windows (native),
protocol_C.jsonl:390,C,inception,NbhdPenalty@b=0.25,0.3001,3374729945,0,oom,"oom: evictable pool empty, pinned 3.27 GB at depth 186",,3267322228,186,190,102.1,60,1200,eff53cc4804cc7d6246a6e5086861ce2b846f62b,ff0e00d,unknown (not recorded),,inferred: laptop Windows (native),
protocol_C.jsonl:391,C,inception,DTR,0.3102,3488307994,0,ok,ok,1.2052851423097237,986579316,1,13,12.45,60,1200,eff53cc4804cc7d6246a6e5086861ce2b846f62b,ff0e00d,unknown (not recorded),,inferred: laptop Windows (native),
protocol_C.jsonl:392,C,inception,NbhdPenalty@b=0.25,0.3102,3488307994,0,ok,ok,1.2218939968440592,986579316,1,12,8.4,60,1200,eff53cc4804cc7d6246a6e5086861ce2b846f62b,ff0e00d,unknown (not recorded),,inferred: laptop Windows (native),
protocol_C.jsonl:393,C,inception,TwoPhase@k=8,0.2933,3298261556,0,oom,"oom: evictable pool empty, pinned 3.22 GB at depth 136",,3269869684,135,178,775.45,60,1200,eff53cc4804cc7d6246a6e5086861ce2b846f62b,ff0e00d,unknown (not recorded),,inferred: laptop Windows (native),
protocol_C.jsonl:394,C,inception,DTR,0.3285,3694097924,0,ok,ok,1.2130583670358455,986579316,1,18,10.78,60,1200,eff53cc4804cc7d6246a6e5086861ce2b846f62b,ff0e00d,unknown (not recorded),,inferred: laptop Windows (native),
protocol_C.jsonl:395,C,inception,NbhdPenalty@b=0.25,0.3285,3694097924,0,ok,ok,1.2079948357395673,986579316,1,8,6.46,60,1200,eff53cc4804cc7d6246a6e5086861ce2b846f62b,ff0e00d,unknown (not recorded),,inferred: laptop Windows (native),
protocol_C.jsonl:396,C,inception,TwoPhase@k=8,0.3001,3374729945,0,ok,ok,9.107532193967339,2872941428,103,177,658.64,60,1200,eff53cc4804cc7d6246a6e5086861ce2b846f62b,ff0e00d,unknown (not recorded),,inferred: laptop Windows (native),
protocol_C.jsonl:397,C,inception,DTR,0.3386,3807675973,0,ok,ok,1.183563949820992,986579316,1,12,10.87,60,1200,eff53cc4804cc7d6246a6e5086861ce2b846f62b,ff0e00d,unknown (not recorded),,inferred: laptop Windows (native),
protocol_C.jsonl:398,C,inception,NbhdPenalty@b=0.25,0.3386,3807675973,0,ok,ok,1.203192489671296,986579316,1,8,6.63,60,1200,eff53cc4804cc7d6246a6e5086861ce2b846f62b,ff0e00d,unknown (not recorded),,inferred: laptop Windows (native),
protocol_C.jsonl:399,C,inception,TwoPhase@k=8,0.3285,3694097924,0,oom,"oom: evictable pool empty, pinned 3.68 GB at depth 180",,3675306100,179,183,598.77,60,1200,eff53cc4804cc7d6246a6e5086861ce2b846f62b,ff0e00d,unknown (not recorded),,inferred: laptop Windows (native),
protocol_C.jsonl:400,C,inception,DTR,0.3445,3874023546,0,ok,ok,1.1747586580127443,986579316,1,12,10.72,60,1200,eff53cc4804cc7d6246a6e5086861ce2b846f62b,ff0e00d,unknown (not recorded),,inferred: laptop Windows (native),
protocol_C.jsonl:401,C,inception,NbhdPenalty@b=0.25,0.3445,3874023546,0,ok,ok,1.1941427356168957,986579316,1,8,6.19,60,1200,eff53cc4804cc7d6246a6e5086861ce2b846f62b,ff0e00d,unknown (not recorded),,inferred: laptop Windows (native),
protocol_C.jsonl:402,C,inception,TwoPhase@k=8,0.2955,3323001329,0,oom,"oom: evictable pool empty, pinned 3.25 GB at depth 142",,3250930804,139,178,873.81,60,1200,eff53cc4804cc7d6246a6e5086861ce2b846f62b,ff0e00d,unknown (not recorded),,inferred: laptop Windows (native),
protocol_C.jsonl:403,C,inception,DTR,0.3565,4008967762,0,ok,ok,1.1681643068744885,986579316,1,12,9.93,60,1200,eff53cc4804cc7d6246a6e5086861ce2b846f62b,ff0e00d,unknown (not recorded),,inferred: laptop Windows (native),
protocol_C.jsonl:404,C,inception,NbhdPenalty@b=0.25,0.3565,4008967762,0,ok,ok,1.1752348206842642,986579316,1,8,4.8,60,1200,eff53cc4804cc7d6246a6e5086861ce2b846f62b,ff0e00d,unknown (not recorded),,inferred: laptop Windows (native),
protocol_C.jsonl:405,C,inception,TwoPhase@k=8,0.3102,3488307994,0,oom,"oom: evictable pool empty, pinned 3.42 GB at depth 156",,3468740724,153,177,697.48,60,1200,eff53cc4804cc7d6246a6e5086861ce2b846f62b,ff0e00d,unknown (not recorded),,inferred: laptop Windows (native),
protocol_C.jsonl:406,C,inception,DTR,0.3676,4133791162,0,ok,ok,1.1560706401568295,986579316,1,12,9.24,60,1200,eff53cc4804cc7d6246a6e5086861ce2b846f62b,ff0e00d,unknown (not recorded),,inferred: laptop Windows (native),
protocol_C.jsonl:407,C,inception,NbhdPenalty@b=0.25,0.3676,4133791162,0,ok,ok,1.1637791507299267,986579316,1,8,5.08,60,1200,eff53cc4804cc7d6246a6e5086861ce2b846f62b,ff0e00d,unknown (not recorded),,inferred: laptop Windows (native),
protocol_C.jsonl:408,C,inception,TwoPhase@k=8,0.3565,4008967762,0,ok,ok,4.829899155171392,2854001780,98,140,240.97,60,1200,eff53cc4804cc7d6246a6e5086861ce2b846f62b,ff0e00d,unknown (not recorded),,inferred: laptop Windows (native),
protocol_C.jsonl:409,C,inception,DTR,0.3787,4258614563,0,ok,ok,1.152189308818105,986579316,1,12,8.02,60,1200,eff53cc4804cc7d6246a6e5086861ce2b846f62b,ff0e00d,unknown (not recorded),,inferred: laptop Windows (native),
protocol_C.jsonl:410,C,inception,NbhdPenalty@b=0.25,0.3787,4258614563,0,ok,ok,1.1516621067197725,986579316,1,8,6.34,60,1200,eff53cc4804cc7d6246a6e5086861ce2b846f62b,ff0e00d,unknown (not recorded),,inferred: laptop Windows (native),
protocol_C.jsonl:411,C,inception,TwoPhase@k=8,0.3787,4258614563,0,oom,"oom: evictable pool empty, pinned 4.22 GB at depth 138",,4247784052,171,189,390.36,60,1200,eff53cc4804cc7d6246a6e5086861ce2b846f62b,ff0e00d,unknown (not recorded),,inferred: laptop Windows (native),
protocol_C.jsonl:412,C,inception,DTR,0.3807,4281105265,0,ok,ok,1.1508535411980965,986579316,1,12,7.74,60,1200,eff53cc4804cc7d6246a6e5086861ce2b846f62b,ff0e00d,unknown (not recorded),,inferred: laptop Windows (native),
protocol_C.jsonl:413,C,inception,NbhdPenalty@b=0.25,0.3807,4281105265,0,ok,ok,1.1509669488781022,986579316,1,8,6.32,60,1200,eff53cc4804cc7d6246a6e5086861ce2b846f62b,ff0e00d,unknown (not recorded),,inferred: laptop Windows (native),
protocol_C.jsonl:414,C,inception,TwoPhase@k=8,0.3386,3807675973,0,oom,"oom: evictable pool empty, pinned 3.76 GB at depth 227",,3769025908,231,232,1156.48,60,1200,eff53cc4804cc7d6246a6e5086861ce2b846f62b,ff0e00d,unknown (not recorded),,inferred: laptop Windows (native),
protocol_C.jsonl:415,C,inception,DTR,0.393,4419423087,0,ok,ok,1.1417295118383102,986579316,1,12,7.15,60,1200,eff53cc4804cc7d6246a6e5086861ce2b846f62b,ff0e00d,unknown (not recorded),,inferred: laptop Windows (native),
protocol_C.jsonl:416,C,inception,NbhdPenalty@b=0.25,0.393,4419423087,0,ok,ok,1.1406837810288326,986579316,1,8,6.36,60,1200,eff53cc4804cc7d6246a6e5086861ce2b846f62b,ff0e00d,unknown (not recorded),,inferred: laptop Windows (native),
protocol_C.jsonl:417,C,inception,TwoPhase@k=8,0.3445,3874023546,0,oom,"oom: evictable pool empty, pinned 3.87 GB at depth 168",,3869222516,168,181,1078.78,60,1200,eff53cc4804cc7d6246a6e5086861ce2b846f62b,ff0e00d,unknown (not recorded),,inferred: laptop Windows (native),
protocol_C.jsonl:418,C,inception,DTR,0.4073,4580231612,0,ok,ok,1.12538736553125,986579316,1,8,6.9,60,1200,eff53cc4804cc7d6246a6e5086861ce2b846f62b,ff0e00d,unknown (not recorded),,inferred: laptop Windows (native),
protocol_C.jsonl:419,C,inception,NbhdPenalty@b=0.25,0.4073,4580231612,0,ok,ok,1.1279361424885166,986579316,1,7,6.36,60,1200,eff53cc4804cc7d6246a6e5086861ce2b846f62b,ff0e00d,unknown (not recorded),,inferred: laptop Windows (native),
protocol_C.jsonl:420,C,inception,TwoPhase@k=8,0.3676,,0,timeout,timeout after 1200.0 s (20-min limit),,,,,1200.0,60,1200,eff53cc4804cc7d6246a6e5086861ce2b846f62b,ff0e00d,unknown (not recorded),,inferred: laptop Windows (native),
protocol_C.jsonl:421,C,inception,DTR,0.4198,4720798504,0,ok,ok,1.118332199845758,986579316,1,8,7.15,60,1200,eff53cc4804cc7d6246a6e5086861ce2b846f62b,ff0e00d,unknown (not recorded),,inferred: laptop Windows (native),
protocol_C.jsonl:422,C,inception,NbhdPenalty@b=0.25,0.4198,4720798504,0,ok,ok,1.124099958329874,986579316,1,7,5.61,60,1200,eff53cc4804cc7d6246a6e5086861ce2b846f62b,ff0e00d,unknown (not recorded),,inferred: laptop Windows (native),
protocol_C.jsonl:423,C,inception,TwoPhase@k=8,0.4198,4720798504,0,oom,"oom: evictable pool empty, pinned 4.72 GB at depth 181",,4717140852,181,190,598.17,60,1200,eff53cc4804cc7d6246a6e5086861ce2b846f62b,ff0e00d,unknown (not recorded),,inferred: laptop Windows (native),
protocol_C.jsonl:424,C,inception,DTR,0.4232,4759032698,0,ok,ok,1.11730951950549,986579316,1,8,7.06,60,1200,eff53cc4804cc7d6246a6e5086861ce2b846f62b,ff0e00d,unknown (not recorded),,inferred: laptop Windows (native),
protocol_C.jsonl:425,C,inception,NbhdPenalty@b=0.25,0.4232,4759032698,0,ok,ok,1.122920687211762,986579316,1,7,6.48,60,1200,eff53cc4804cc7d6246a6e5086861ce2b846f62b,ff0e00d,unknown (not recorded),,inferred: laptop Windows (native),
protocol_C.jsonl:426,C,inception,TwoPhase@k=8,0.3807,,0,timeout,timeout after 1200.0 s (20-min limit),,,,,1200.0,60,1200,eff53cc4804cc7d6246a6e5086861ce2b846f62b,ff0e00d,unknown (not recorded),,inferred: laptop Windows (native),
protocol_C.jsonl:427,C,inception,DTR,0.4301,4836625623,0,ok,ok,1.115231036542,986579316,1,8,7.54,60,1200,eff53cc4804cc7d6246a6e5086861ce2b846f62b,ff0e00d,unknown (not recorded),,inferred: laptop Windows (native),
protocol_C.jsonl:428,C,inception,NbhdPenalty@b=0.25,0.4301,4836625623,0,ok,ok,1.1195301595992333,986579316,1,6,6.13,60,1200,eff53cc4804cc7d6246a6e5086861ce2b846f62b,ff0e00d,unknown (not recorded),,inferred: laptop Windows (native),
protocol_C.jsonl:429,C,inception,TwoPhase@k=8,0.393,4419423087,0,oom,"oom: evictable pool empty, pinned 4.38 GB at depth 242",,4391977332,234,247,1140.99,60,1200,eff53cc4804cc7d6246a6e5086861ce2b846f62b,ff0e00d,unknown (not recorded),,inferred: laptop Windows (native),
protocol_C.jsonl:430,C,inception,DTR,0.4478,5035668342,0,ok,ok,1.1137271387681504,986579316,1,8,7.01,60,1200,eff53cc4804cc7d6246a6e5086861ce2b846f62b,ff0e00d,unknown (not recorded),,inferred: laptop Windows (native),
protocol_C.jsonl:431,C,inception,NbhdPenalty@b=0.25,0.4478,5035668342,0,ok,ok,1.1155077270208698,986579316,1,6,6.53,60,1200,eff53cc4804cc7d6246a6e5086861ce2b846f62b,ff0e00d,unknown (not recorded),,inferred: laptop Windows (native),
protocol_C.jsonl:432,C,inception,TwoPhase@k=8,0.4478,5035668342,0,ok,ok,1.1861601570075404,986579316,1,10,1.84,60,1200,eff53cc4804cc7d6246a6e5086861ce2b846f62b,ff0e00d,unknown (not recorded),,inferred: laptop Windows (native),
protocol_C.jsonl:433,C,inception,DTR,0.4562,5130129294,0,ok,ok,1.1083967562594095,986579316,1,8,6.35,60,1200,eff53cc4804cc7d6246a6e5086861ce2b846f62b,ff0e00d,unknown (not recorded),,inferred: laptop Windows (native),
protocol_C.jsonl:434,C,inception,NbhdPenalty@b=0.25,0.4562,5130129294,0,ok,ok,1.1122287357107852,986579316,1,6,5.53,60,1200,eff53cc4804cc7d6246a6e5086861ce2b846f62b,ff0e00d,unknown (not recorded),,inferred: laptop Windows (native),
protocol_C.jsonl:435,C,inception,TwoPhase@k=8,0.4562,5130129294,0,ok,ok,1.1792895254907871,986579316,1,10,1.95,60,1200,eff53cc4804cc7d6246a6e5086861ce2b846f62b,ff0e00d,unknown (not recorded),,inferred: laptop Windows (native),
protocol_C.jsonl:436,C,inception,DTR,0.4694,5278567932,0,ok,ok,1.1008011521325296,986579316,1,8,5.84,60,1200,eff53cc4804cc7d6246a6e5086861ce2b846f62b,ff0e00d,unknown (not recorded),,inferred: laptop Windows (native),
protocol_C.jsonl:437,C,inception,NbhdPenalty@b=0.25,0.4694,5278567932,0,ok,ok,1.106971712459472,986579316,1,6,5.22,60,1200,eff53cc4804cc7d6246a6e5086861ce2b846f62b,ff0e00d,unknown (not recorded),,inferred: laptop Windows (native),
protocol_C.jsonl:438,C,inception,TwoPhase@k=8,0.4694,5278567932,0,ok,ok,1.1749110927925612,986579316,1,10,1.7,60,1200,eff53cc4804cc7d6246a6e5086861ce2b846f62b,ff0e00d,unknown (not recorded),,inferred: laptop Windows (native),
protocol_C.jsonl:439,C,inception,DTR,0.4791,5387647840,0,ok,ok,1.097836476832037,986579316,1,8,6.04,60,1200,eff53cc4804cc7d6246a6e5086861ce2b846f62b,ff0e00d,unknown (not recorded),,inferred: laptop Windows (native),
protocol_C.jsonl:440,C,inception,NbhdPenalty@b=0.25,0.4791,5387647840,0,ok,ok,1.1014361902023593,986579316,1,6,5.35,60,1200,eff53cc4804cc7d6246a6e5086861ce2b846f62b,ff0e00d,unknown (not recorded),,inferred: laptop Windows (native),
protocol_C.jsonl:441,C,inception,TwoPhase@k=8,0.4791,5387647840,0,ok,ok,1.1540306956294886,986579316,1,7,1.92,60,1200,eff53cc4804cc7d6246a6e5086861ce2b846f62b,ff0e00d,unknown (not recorded),,inferred: laptop Windows (native),
protocol_C.jsonl:442,C,inception,DTR,0.4893,5502350424,0,ok,ok,1.0945180483217687,986579316,1,8,5.72,60,1200,eff53cc4804cc7d6246a6e5086861ce2b846f62b,ff0e00d,unknown (not recorded),,inferred: laptop Windows (native),
protocol_C.jsonl:443,C,inception,NbhdPenalty@b=0.25,0.4893,5502350424,0,ok,ok,1.098481052485241,986579316,1,5,5.52,60,1200,eff53cc4804cc7d6246a6e5086861ce2b846f62b,ff0e00d,unknown (not recorded),,inferred: laptop Windows (native),
protocol_C.jsonl:444,C,inception,TwoPhase@k=8,0.4893,5502350424,0,ok,ok,1.1481116651022438,986579316,1,10,1.57,60,1200,eff53cc4804cc7d6246a6e5086861ce2b846f62b,ff0e00d,unknown (not recorded),,inferred: laptop Windows (native),
protocol_C.jsonl:445,C,inception,DTR,0.4973,5592313235,0,ok,ok,1.0931346116400775,986579316,1,8,5.63,60,1200,eff53cc4804cc7d6246a6e5086861ce2b846f62b,ff0e00d,unknown (not recorded),,inferred: laptop Windows (native),
protocol_C.jsonl:446,C,inception,NbhdPenalty@b=0.25,0.4973,5592313235,0,ok,ok,1.0967754450362497,986579316,1,5,5.45,60,1200,eff53cc4804cc7d6246a6e5086861ce2b846f62b,ff0e00d,unknown (not recorded),,inferred: laptop Windows (native),
protocol_C.jsonl:447,C,inception,TwoPhase@k=8,0.4973,5592313235,0,ok,ok,1.1389274389785926,986579316,1,7,1.74,60,1200,eff53cc4804cc7d6246a6e5086861ce2b846f62b,ff0e00d,unknown (not recorded),,inferred: laptop Windows (native),
protocol_C.jsonl:448,C,inception,TwoPhase@k=8,0.4073,,0,timeout,timeout after 1200.0 s (20-min limit),,,,,1200.0,60,1200,eff53cc4804cc7d6246a6e5086861ce2b846f62b,ff0e00d,unknown (not recorded),,inferred: laptop Windows (native),
protocol_C.jsonl:449,C,inception,DTR,0.5055,5684525116,0,ok,ok,1.0900300654010633,986579316,1,8,4.91,60,1200,eff53cc4804cc7d6246a6e5086861ce2b846f62b,ff0e00d,unknown (not recorded),,inferred: laptop Windows (native),
protocol_C.jsonl:450,C,inception,NbhdPenalty@b=0.25,0.5055,5684525116,0,ok,ok,1.0938916569276078,986579316,1,5,5.47,60,1200,eff53cc4804cc7d6246a6e5086861ce2b846f62b,ff0e00d,unknown (not recorded),,inferred: laptop Windows (native),
protocol_C.jsonl:451,C,inception,TwoPhase@k=8,0.5055,5684525116,0,ok,ok,1.139665132556594,986579316,1,7,2.06,60,1200,eff53cc4804cc7d6246a6e5086861ce2b846f62b,ff0e00d,unknown (not recorded),,inferred: laptop Windows (native),
protocol_C.jsonl:452,C,inception,DTR,0.5155,5796978630,0,ok,ok,1.0881990850830388,986579316,1,8,4.71,60,1200,eff53cc4804cc7d6246a6e5086861ce2b846f62b,ff0e00d,unknown (not recorded),,inferred: laptop Windows (native),
protocol_C.jsonl:453,C,inception,NbhdPenalty@b=0.25,0.5155,5796978630,0,ok,ok,1.0905978658650017,986579316,1,5,4.5,60,1200,eff53cc4804cc7d6246a6e5086861ce2b846f62b,ff0e00d,unknown (not recorded),,inferred: laptop Windows (native),
protocol_C.jsonl:454,C,inception,TwoPhase@k=8,0.5155,5796978630,0,ok,ok,1.1370472010491668,986579316,1,8,1.57,60,1200,eff53cc4804cc7d6246a6e5086861ce2b846f62b,ff0e00d,unknown (not recorded),,inferred: laptop Windows (native),
protocol_C.jsonl:455,C,inception,DTR,0.5203,5850956316,0,ok,ok,1.0848041956366636,986579316,1,8,4.37,60,1200,eff53cc4804cc7d6246a6e5086861ce2b846f62b,ff0e00d,unknown (not recorded),,inferred: laptop Windows (native),
protocol_C.jsonl:456,C,inception,NbhdPenalty@b=0.25,0.5203,5850956316,0,ok,ok,1.0914250870254596,986579316,1,5,4.84,60,1200,eff53cc4804cc7d6246a6e5086861ce2b846f62b,ff0e00d,unknown (not recorded),,inferred: laptop Windows (native),
protocol_C.jsonl:457,C,inception,TwoPhase@k=8,0.5203,5850956316,0,ok,ok,1.131785559847683,986579316,1,7,1.91,60,1200,eff53cc4804cc7d6246a6e5086861ce2b846f62b,ff0e00d,unknown (not recorded),,inferred: laptop Windows (native),
protocol_C.jsonl:458,C,inception,DTR,0.5393,6064617992,0,ok,ok,1.0798514118674007,986579316,1,8,4.15,60,1200,eff53cc4804cc7d6246a6e5086861ce2b846f62b,ff0e00d,unknown (not recorded),,inferred: laptop Windows (native),
protocol_C.jsonl:459,C,inception,NbhdPenalty@b=0.25,0.5393,6064617992,0,ok,ok,1.0833408333777883,986579316,1,4,4.54,60,1200,eff53cc4804cc7d6246a6e5086861ce2b846f62b,ff0e00d,unknown (not recorded),,inferred: laptop Windows (native),
protocol_C.jsonl:460,C,inception,TwoPhase@k=8,0.5393,6064617992,0,ok,ok,1.1280260110356501,986579316,1,7,1.36,60,1200,eff53cc4804cc7d6246a6e5086861ce2b846f62b,ff0e00d,unknown (not recorded),,inferred: laptop Windows (native),
protocol_C.jsonl:461,C,inception,DTR,0.5482,6164701619,0,ok,ok,1.0777582532813872,986579316,1,8,3.6,60,1200,eff53cc4804cc7d6246a6e5086861ce2b846f62b,ff0e00d,unknown (not recorded),,inferred: laptop Windows (native),
protocol_C.jsonl:462,C,inception,NbhdPenalty@b=0.25,0.5482,6164701619,0,ok,ok,1.0812468121668535,986579316,1,4,4.03,60,1200,eff53cc4804cc7d6246a6e5086861ce2b846f62b,ff0e00d,unknown (not recorded),,inferred: laptop Windows (native),
protocol_C.jsonl:463,C,inception,TwoPhase@k=8,0.5482,6164701619,0,ok,ok,1.1264210620160053,986579316,1,7,1.52,60,1200,eff53cc4804cc7d6246a6e5086861ce2b846f62b,ff0e00d,unknown (not recorded),,inferred: laptop Windows (native),
protocol_C.jsonl:464,C,inception,DTR,0.5512,6198437674,0,ok,ok,1.0769329522077307,986579316,1,8,3.94,60,1200,eff53cc4804cc7d6246a6e5086861ce2b846f62b,ff0e00d,unknown (not recorded),,inferred: laptop Windows (native),
protocol_C.jsonl:465,C,inception,NbhdPenalty@b=0.25,0.5512,6198437674,0,ok,ok,1.0799935312872746,986579316,1,4,4.08,60,1200,eff53cc4804cc7d6246a6e5086861ce2b846f62b,ff0e00d,unknown (not recorded),,inferred: laptop Windows (native),
protocol_C.jsonl:466,C,inception,TwoPhase@k=8,0.5512,6198437674,0,ok,ok,1.123011831626721,986579316,1,7,1.41,60,1200,eff53cc4804cc7d6246a6e5086861ce2b846f62b,ff0e00d,unknown (not recorded),,inferred: laptop Windows (native),
protocol_C.jsonl:467,C,inception,DTR,0.5647,6350249917,0,ok,ok,1.0776505445824192,986579316,1,8,3.82,60,1200,eff53cc4804cc7d6246a6e5086861ce2b846f62b,ff0e00d,unknown (not recorded),,inferred: laptop Windows (native),
protocol_C.jsonl:468,C,inception,TwoPhase@k=8,0.5647,6350249917,0,ok,ok,1.1173144627076805,986579316,1,7,1.31,60,1200,eff53cc4804cc7d6246a6e5086861ce2b846f62b,ff0e00d,unknown (not recorded),,inferred: laptop Windows (native),
protocol_C.jsonl:469,C,inception,NbhdPenalty@b=0.25,0.5647,6350249917,0,ok,ok,1.0791180596967902,986579316,1,4,4.04,60,1200,eff53cc4804cc7d6246a6e5086861ce2b846f62b,ff0e00d,unknown (not recorded),,inferred: laptop Windows (native),
protocol_C.jsonl:470,C,inception,DTR,0.5742,6457080755,0,ok,ok,1.0732235142044257,986579316,1,5,4.71,60,1200,eff53cc4804cc7d6246a6e5086861ce2b846f62b,ff0e00d,unknown (not recorded),,inferred: laptop Windows (native),
protocol_C.jsonl:471,C,inception,NbhdPenalty@b=0.25,0.5742,6457080755,0,ok,ok,1.0734016234673298,986579316,1,4,5.32,60,1200,eff53cc4804cc7d6246a6e5086861ce2b846f62b,ff0e00d,unknown (not recorded),,inferred: laptop Windows (native),
protocol_C.jsonl:472,C,inception,TwoPhase@k=8,0.5742,6457080755,0,ok,ok,1.1154943272661717,986579316,1,7,1.97,60,1200,eff53cc4804cc7d6246a6e5086861ce2b846f62b,ff0e00d,unknown (not recorded),,inferred: laptop Windows (native),
protocol_C.jsonl:473,C,inception,TwoPhase@k=8,0.4232,4759032698,0,ok,ok,6.7028038850005585,4176512884,129,183,466.32,60,1200,eff53cc4804cc7d6246a6e5086861ce2b846f62b,ff0e00d,unknown (not recorded),,inferred: laptop Windows (native),
protocol_C.jsonl:474,C,inception,TwoPhase@k=8,0.5822,6547043566,0,ok,ok,1.1090140028866446,986579316,1,7,1.17,60,1200,eff53cc4804cc7d6246a6e5086861ce2b846f62b,ff0e00d,unknown (not recorded),,inferred: laptop Windows (native),
protocol_C.jsonl:475,C,inception,DTR,0.5822,6547043566,0,ok,ok,1.07074046172409,986579316,1,5,3.73,60,1200,eff53cc4804cc7d6246a6e5086861ce2b846f62b,ff0e00d,unknown (not recorded),,inferred: laptop Windows (native),
protocol_C.jsonl:476,C,inception,NbhdPenalty@b=0.25,0.5822,6547043566,0,ok,ok,1.0721345405890095,986579316,1,4,4.08,60,1200,eff53cc4804cc7d6246a6e5086861ce2b846f62b,ff0e00d,unknown (not recorded),,inferred: laptop Windows (native),
protocol_C.jsonl:477,C,inception,TwoPhase@k=8,0.598,6724720118,0,ok,ok,1.1045473169025222,986579316,1,7,1.3,60,1200,eff53cc4804cc7d6246a6e5086861ce2b846f62b,ff0e00d,unknown (not recorded),,inferred: laptop Windows (native),
protocol_C.jsonl:478,C,transformer,DTR,0.0549,541555855,0,oom,"oom: evictable pool empty, pinned 0.43 GB at depth 1",,430968840,1,1,0.01,60,1200,eff53cc4804cc7d6246a6e5086861ce2b846f62b,ff0e00d,unknown (not recorded),,inferred: laptop Windows (native),
protocol_C.jsonl:479,C,inception,DTR,0.598,6724720118,0,ok,ok,1.0684069968899512,986579316,1,5,3.56,60,1200,eff53cc4804cc7d6246a6e5086861ce2b846f62b,ff0e00d,unknown (not recorded),,inferred: laptop Windows (native),
protocol_C.jsonl:480,C,transformer,NbhdPenalty@b=0.25,0.0549,541555855,0,oom,"oom: evictable pool empty, pinned 0.43 GB at depth 1",,430968840,1,1,0.01,60,1200,eff53cc4804cc7d6246a6e5086861ce2b846f62b,ff0e00d,unknown (not recorded),,inferred: laptop Windows (native),
protocol_C.jsonl:481,C,transformer,TwoPhase@k=8,0.0549,541555855,0,oom,"oom: evictable pool empty, pinned 0.43 GB at depth 1",,430968840,1,1,0.01,60,1200,eff53cc4804cc7d6246a6e5086861ce2b846f62b,ff0e00d,unknown (not recorded),,inferred: laptop Windows (native),
protocol_C.jsonl:482,C,transformer,DTR,0.0567,559311785,0,oom,"oom: evictable pool empty, pinned 0.43 GB at depth 1",,430968840,1,1,0.01,60,1200,eff53cc4804cc7d6246a6e5086861ce2b846f62b,ff0e00d,unknown (not recorded),,inferred: laptop Windows (native),
protocol_C.jsonl:483,C,transformer,NbhdPenalty@b=0.25,0.0567,559311785,0,oom,"oom: evictable pool empty, pinned 0.43 GB at depth 1",,430968840,1,1,0.01,60,1200,eff53cc4804cc7d6246a6e5086861ce2b846f62b,ff0e00d,unknown (not recorded),,inferred: laptop Windows (native),
protocol_C.jsonl:484,C,transformer,TwoPhase@k=8,0.0567,559311785,0,oom,"oom: evictable pool empty, pinned 0.43 GB at depth 1",,430968840,1,1,0.01,60,1200,eff53cc4804cc7d6246a6e5086861ce2b846f62b,ff0e00d,unknown (not recorded),,inferred: laptop Windows (native),
protocol_C.jsonl:485,C,transformer,DTR,0.0695,685576174,0,oom,"oom: evictable pool empty, pinned 0.60 GB at depth 3",,598741472,3,29,1.04,60,1200,eff53cc4804cc7d6246a6e5086861ce2b846f62b,ff0e00d,unknown (not recorded),,inferred: laptop Windows (native),
protocol_C.jsonl:486,C,transformer,NbhdPenalty@b=0.25,0.0695,685576174,0,oom,"oom: evictable pool empty, pinned 0.60 GB at depth 3",,598741472,3,23,1.04,60,1200,eff53cc4804cc7d6246a6e5086861ce2b846f62b,ff0e00d,unknown (not recorded),,inferred: laptop Windows (native),
protocol_C.jsonl:487,C,inception,NbhdPenalty@b=0.25,0.598,6724720118,0,ok,ok,1.0667836766306333,986579316,1,4,4.38,60,1200,eff53cc4804cc7d6246a6e5086861ce2b846f62b,ff0e00d,unknown (not recorded),,inferred: laptop Windows (native),
protocol_C.jsonl:488,C,transformer,DTR,0.0638,629349063,0,oom,"oom: evictable pool empty, pinned 0.43 GB at depth 1",,430968840,1,1,0.0,60,1200,eff53cc4804cc7d6246a6e5086861ce2b846f62b,ff0e00d,unknown (not recorded),,inferred: laptop Windows (native),
protocol_C.jsonl:489,C,transformer,NbhdPenalty@b=0.25,0.0638,629349063,0,oom,"oom: evictable pool empty, pinned 0.43 GB at depth 1",,430968840,1,1,0.01,60,1200,eff53cc4804cc7d6246a6e5086861ce2b846f62b,ff0e00d,unknown (not recorded),,inferred: laptop Windows (native),
protocol_C.jsonl:490,C,transformer,TwoPhase@k=8,0.0638,629349063,0,oom,"oom: evictable pool empty, pinned 0.43 GB at depth 1",,430968840,1,1,0.01,60,1200,eff53cc4804cc7d6246a6e5086861ce2b846f62b,ff0e00d,unknown (not recorded),,inferred: laptop Windows (native),
protocol_C.jsonl:491,C,transformer,TwoPhase@k=8,0.0695,685576174,0,oom,"oom: evictable pool empty, pinned 0.60 GB at depth 3",,598741472,3,23,1.3,60,1200,eff53cc4804cc7d6246a6e5086861ce2b846f62b,ff0e00d,unknown (not recorded),,inferred: laptop Windows (native),
protocol_C.jsonl:492,C,transformer,DTR,0.0786,775342263,0,oom,"oom: evictable pool empty, pinned 0.60 GB at depth 2",,598741472,3,22,1.13,60,1200,eff53cc4804cc7d6246a6e5086861ce2b846f62b,ff0e00d,unknown (not recorded),,inferred: laptop Windows (native),
protocol_C.jsonl:493,C,transformer,NbhdPenalty@b=0.25,0.0786,775342263,0,oom,"oom: evictable pool empty, pinned 0.60 GB at depth 2",,598741472,3,23,0.98,60,1200,eff53cc4804cc7d6246a6e5086861ce2b846f62b,ff0e00d,unknown (not recorded),,inferred: laptop Windows (native),
protocol_C.jsonl:494,C,transformer,TwoPhase@k=8,0.0786,775342263,0,oom,"oom: evictable pool empty, pinned 0.60 GB at depth 2",,598741472,3,11,1.19,60,1200,eff53cc4804cc7d6246a6e5086861ce2b846f62b,ff0e00d,unknown (not recorded),,inferred: laptop Windows (native),
protocol_C.jsonl:495,C,transformer,NbhdPenalty@b=0.25,0.076,749694809,0,oom,"oom: evictable pool empty, pinned 0.60 GB at depth 3",,598741472,3,23,0.97,60,1200,eff53cc4804cc7d6246a6e5086861ce2b846f62b,ff0e00d,unknown (not recorded),,inferred: laptop Windows (native),
protocol_C.jsonl:496,C,transformer,DTR,0.076,749694809,0,oom,"oom: evictable pool empty, pinned 0.60 GB at depth 3",,598741472,3,22,1.04,60,1200,eff53cc4804cc7d6246a6e5086861ce2b846f62b,ff0e00d,unknown (not recorded),,inferred: laptop Windows (native),
protocol_C.jsonl:497,C,transformer,DTR,0.0819,807894800,0,oom,"oom: evictable pool empty, pinned 0.60 GB at depth 2",,598741472,3,23,0.76,60,1200,eff53cc4804cc7d6246a6e5086861ce2b846f62b,ff0e00d,unknown (not recorded),,inferred: laptop Windows (native),
protocol_C.jsonl:498,C,transformer,NbhdPenalty@b=0.25,0.0819,807894800,0,oom,"oom: evictable pool empty, pinned 0.60 GB at depth 2",,598741472,3,23,0.9,60,1200,eff53cc4804cc7d6246a6e5086861ce2b846f62b,ff0e00d,unknown (not recorded),,inferred: laptop Windows (native),
protocol_C.jsonl:499,C,transformer,TwoPhase@k=8,0.076,749694809,0,oom,"oom: evictable pool empty, pinned 0.60 GB at depth 3",,598741472,3,23,1.22,60,1200,eff53cc4804cc7d6246a6e5086861ce2b846f62b,ff0e00d,unknown (not recorded),,inferred: laptop Windows (native),
protocol_C.jsonl:500,C,transformer,DTR,0.0856,844393100,0,oom,"oom: evictable pool empty, pinned 0.77 GB at depth 1",,766513632,1,10,0.83,60,1200,eff53cc4804cc7d6246a6e5086861ce2b846f62b,ff0e00d,unknown (not recorded),,inferred: laptop Windows (native),
protocol_C.jsonl:501,C,transformer,TwoPhase@k=8,0.0819,807894800,0,oom,"oom: evictable pool empty, pinned 0.60 GB at depth 2",,598741472,3,23,1.04,60,1200,eff53cc4804cc7d6246a6e5086861ce2b846f62b,ff0e00d,unknown (not recorded),,inferred: laptop Windows (native),
protocol_C.jsonl:502,C,transformer,NbhdPenalty@b=0.25,0.0856,844393100,0,oom,"oom: evictable pool empty, pinned 0.77 GB at depth 1",,766513632,1,23,1.06,60,1200,eff53cc4804cc7d6246a6e5086861ce2b846f62b,ff0e00d,unknown (not recorded),,inferred: laptop Windows (native),
protocol_C.jsonl:503,C,transformer,DTR,0.0931,918376141,0,oom,"oom: evictable pool empty, pinned 0.77 GB at depth 1",,766513632,1,9,0.65,60,1200,eff53cc4804cc7d6246a6e5086861ce2b846f62b,ff0e00d,unknown (not recorded),,inferred: laptop Windows (native),
protocol_C.jsonl:504,C,transformer,TwoPhase@k=8,0.0856,844393100,0,oom,"oom: evictable pool empty, pinned 0.77 GB at depth 1",,766513632,1,9,0.88,60,1200,eff53cc4804cc7d6246a6e5086861ce2b846f62b,ff0e00d,unknown (not recorded),,inferred: laptop Windows (native),
protocol_C.jsonl:505,C,transformer,NbhdPenalty@b=0.25,0.0931,918376141,0,oom,"oom: evictable pool empty, pinned 0.77 GB at depth 1",,766513632,1,10,0.8,60,1200,eff53cc4804cc7d6246a6e5086861ce2b846f62b,ff0e00d,unknown (not recorded),,inferred: laptop Windows (native),
protocol_C.jsonl:506,C,transformer,TwoPhase@k=8,0.0931,918376141,0,oom,"oom: evictable pool empty, pinned 0.77 GB at depth 1",,766513632,1,12,1.13,60,1200,eff53cc4804cc7d6246a6e5086861ce2b846f62b,ff0e00d,unknown (not recorded),,inferred: laptop Windows (native),
protocol_C.jsonl:507,C,transformer,TwoPhase@k=8,0.0977,963752406,0,oom,"oom: evictable pool empty, pinned 0.80 GB at depth 32",,797970936,32,131,8.42,60,1200,eff53cc4804cc7d6246a6e5086861ce2b846f62b,ff0e00d,unknown (not recorded),,inferred: laptop Windows (native),
protocol_C.jsonl:508,C,transformer,NbhdPenalty@b=0.25,0.0977,963752406,0,oom,"oom: evictable pool empty, pinned 0.78 GB at depth 24",,776999400,25,101,9.74,60,1200,eff53cc4804cc7d6246a6e5086861ce2b846f62b,ff0e00d,unknown (not recorded),,inferred: laptop Windows (native),
protocol_C.jsonl:509,C,transformer,DTR,0.0977,963752406,0,oom,"oom: evictable pool empty, pinned 0.78 GB at depth 24",,776999400,25,101,10.25,60,1200,eff53cc4804cc7d6246a6e5086861ce2b846f62b,ff0e00d,unknown (not recorded),,inferred: laptop Windows (native),
protocol_C.jsonl:510,C,transformer,NbhdPenalty@b=0.25,0.1047,1032803243,0,oom,"oom: evictable pool empty, pinned 0.88 GB at depth 11",,876876352,11,122,143.89,60,1200,eff53cc4804cc7d6246a6e5086861ce2b846f62b,ff0e00d,unknown (not recorded),,inferred: laptop Windows (native),
protocol_C.jsonl:511,C,transformer,DTR,0.1047,1032803243,0,oom,"oom: evictable pool empty, pinned 0.88 GB at depth 14",,876882496,14,130,160.1,60,1200,eff53cc4804cc7d6246a6e5086861ce2b846f62b,ff0e00d,unknown (not recorded),,inferred: laptop Windows (native),
protocol_C.jsonl:512,C,transformer,TwoPhase@k=8,0.1047,1032803243,0,oom,"oom: evictable pool empty, pinned 0.88 GB at depth 12",,876882496,12,134,162.32,60,1200,eff53cc4804cc7d6246a6e5086861ce2b846f62b,ff0e00d,unknown (not recorded),,inferred: laptop Windows (native),
protocol_C.jsonl:513,C,transformer,NbhdPenalty@b=0.25,0.1062,1047599851,0,oom,"oom: evictable pool empty, pinned 0.88 GB at depth 11",,876876352,11,122,114.98,60,1200,eff53cc4804cc7d6246a6e5086861ce2b846f62b,ff0e00d,unknown (not recorded),,inferred: laptop Windows (native),
protocol_C.jsonl:514,C,transformer,DTR,0.1062,1047599851,0,oom,"oom: evictable pool empty, pinned 0.88 GB at depth 14",,876882496,14,130,146.65,60,1200,eff53cc4804cc7d6246a6e5086861ce2b846f62b,ff0e00d,unknown (not recorded),,inferred: laptop Windows (native),
protocol_C.jsonl:515,C,inception,TwoPhase@k=8,0.4301,4836625623,0,oom,"oom: evictable pool empty, pinned 4.82 GB at depth 230",,4818829428,228,234,829.12,60,1200,eff53cc4804cc7d6246a6e5086861ce2b846f62b,ff0e00d,unknown (not recorded),,inferred: laptop Windows (native),
protocol_C.jsonl:516,C,transformer,TwoPhase@k=8,0.1062,1047599851,0,oom,"oom: evictable pool empty, pinned 0.89 GB at depth 9",,889485888,9,134,202.21,60,1200,eff53cc4804cc7d6246a6e5086861ce2b846f62b,ff0e00d,unknown (not recorded),,inferred: laptop Windows (native),
protocol_C.jsonl:517,C,transformer,NbhdPenalty@b=0.25,0.1109,1093962557,0,oom,"oom: evictable pool empty, pinned 0.96 GB at depth 22",,958302784,22,110,207.3,60,1200,eff53cc4804cc7d6246a6e5086861ce2b846f62b,ff0e00d,unknown (not recorded),,inferred: laptop Windows (native),
protocol_C.jsonl:518,C,transformer,DTR,0.1109,1093962557,0,oom,"oom: evictable pool empty, pinned 0.89 GB at depth 11",,918825536,13,126,242.68,60,1200,eff53cc4804cc7d6246a6e5086861ce2b846f62b,ff0e00d,unknown (not recorded),,inferred: laptop Windows (native),
protocol_C.jsonl:519,C,transformer,TwoPhase@k=8,0.1109,1093962557,0,oom,"oom: evictable pool empty, pinned 0.92 GB at depth 29",,920943168,30,161,222.29,60,1200,eff53cc4804cc7d6246a6e5086861ce2b846f62b,5209c39,unknown (not recorded),,inferred: laptop Windows (native),
protocol_C.jsonl:520,C,transformer,NbhdPenalty@b=0.25,0.1165,1149203227,0,oom,"oom: evictable pool empty, pinned 1.14 GB at depth 46",,1139241536,46,180,226.76,60,1200,eff53cc4804cc7d6246a6e5086861ce2b846f62b,5209c39,unknown (not recorded),,inferred: laptop Windows (native),
protocol_C.jsonl:521,C,transformer,DTR,0.1165,1149203227,0,oom,"oom: evictable pool empty, pinned 1.10 GB at depth 98",,1101412928,98,129,420.17,60,1200,eff53cc4804cc7d6246a6e5086861ce2b846f62b,5209c39,unknown (not recorded),,inferred: laptop Windows (native),
protocol_C.jsonl:522,C,transformer,NbhdPenalty@b=0.25,0.1202,1185701527,0,oom,"oom: evictable pool empty, pinned 1.18 GB at depth 30",,1177029184,30,98,175.84,60,1200,eff53cc4804cc7d6246a6e5086861ce2b846f62b,5209c39,unknown (not recorded),,inferred: laptop Windows (native),
protocol_C.jsonl:523,C,transformer,TwoPhase@k=8,0.1165,1149203227,0,oom,"oom: evictable pool empty, pinned 0.97 GB at depth 45",,971381312,46,177,411.66,60,1200,eff53cc4804cc7d6246a6e5086861ce2b846f62b,5209c39,unknown (not recorded),,inferred: laptop Windows (native),
protocol_C.jsonl:524,C,transformer,DTR,0.1202,1185701527,0,oom,"oom: evictable pool empty, pinned 1.02 GB at depth 59",,1020234304,59,177,344.37,60,1200,eff53cc4804cc7d6246a6e5086861ce2b846f62b,5209c39,unknown (not recorded),,inferred: laptop Windows (native),
protocol_C.jsonl:525,C,transformer,NbhdPenalty@b=0.25,0.124,1223186267,0,oom,"oom: evictable pool empty, pinned 1.20 GB at depth 66",,1202616896,66,165,161.82,60,1200,eff53cc4804cc7d6246a6e5086861ce2b846f62b,5209c39,unknown (not recorded),,inferred: laptop Windows (native),
protocol_C.jsonl:526,C,transformer,DTR,0.1365,1346491334,0,ok,ok,3.2101984123470633,1015587392,12,102,101.77,60,1200,eff53cc4804cc7d6246a6e5086861ce2b846f62b,5209c39,unknown (not recorded),,inferred: laptop Windows (native),
protocol_C.jsonl:527,C,transformer,DTR,0.124,1223186267,0,oom,"oom: evictable pool empty, pinned 1.14 GB at depth 46",,1139364416,46,153,359.42,60,1200,eff53cc4804cc7d6246a6e5086861ce2b846f62b,5209c39,unknown (not recorded),,inferred: laptop Windows (native),
protocol_C.jsonl:528,C,transformer,NbhdPenalty@b=0.25,0.1365,1346491334,0,ok,ok,3.1878975375574754,1057530432,13,88,97.65,60,1200,eff53cc4804cc7d6246a6e5086861ce2b846f62b,5209c39,unknown (not recorded),,inferred: laptop Windows (native),
protocol_C.jsonl:529,C,transformer,TwoPhase@k=8,0.1202,1185701527,0,oom,"oom: evictable pool empty, pinned 1.02 GB at depth 62",,1021819456,62,193,577.01,60,1200,eff53cc4804cc7d6246a6e5086861ce2b846f62b,5209c39,unknown (not recorded),,inferred: laptop Windows (native),
protocol_C.jsonl:530,C,transformer,DTR,0.1375,1356355740,0,ok,ok,3.1054394048995695,1015587392,12,102,102.96,60,1200,eff53cc4804cc7d6246a6e5086861ce2b846f62b,5209c39,unknown (not recorded),,inferred: laptop Windows (native),
protocol_C.jsonl:531,C,transformer,TwoPhase@k=8,0.124,1223186267,0,oom,"oom: evictable pool empty, pinned 1.03 GB at depth 65",,1044914752,37,190,511.92,60,1200,eff53cc4804cc7d6246a6e5086861ce2b846f62b,5209c39,unknown (not recorded),,inferred: laptop Windows (native),
protocol_C.jsonl:532,C,transformer,NbhdPenalty@b=0.25,0.1375,1356355740,0,ok,ok,3.1316594806474405,1057530432,13,88,88.37,60,1200,eff53cc4804cc7d6246a6e5086861ce2b846f62b,5209c39,unknown (not recorded),,inferred: laptop Windows (native),
protocol_C.jsonl:533,C,transformer,TwoPhase@k=8,0.1375,1356355740,0,ok,ok,1.8822219978274166,766513720,1,45,83.48,60,1200,eff53cc4804cc7d6246a6e5086861ce2b846f62b,5209c39,unknown (not recorded),,inferred: laptop Windows (native),
protocol_C.jsonl:534,C,transformer,TwoPhase@k=8,0.1365,1346491334,0,ok,ok,4.454080255913943,1104116288,34,122,224.59,60,1200,eff53cc4804cc7d6246a6e5086861ce2b846f62b,5209c39,unknown (not recorded),,inferred: laptop Windows (native),
protocol_C.jsonl:535,C,transformer,NbhdPenalty@b=0.25,0.1476,1455986234,0,ok,ok,3.259437775371454,1057530432,13,94,83.3,60,1200,eff53cc4804cc7d6246a6e5086861ce2b846f62b,5209c39,unknown (not recorded),,inferred: laptop Windows (native),
protocol_C.jsonl:536,C,transformer,TwoPhase@k=8,0.1476,1455986234,0,ok,ok,1.6741683074511227,766513720,1,53,59.91,60,1200,eff53cc4804cc7d6246a6e5086861ce2b846f62b,5209c39,unknown (not recorded),,inferred: laptop Windows (native),
protocol_C.jsonl:537,C,transformer,DTR,0.1476,1455986234,0,ok,ok,3.1531911572960283,1044920896,13,118,136.45,60,1200,eff53cc4804cc7d6246a6e5086861ce2b846f62b,5209c39,unknown (not recorded),,inferred: laptop Windows (native),
protocol_C.jsonl:538,C,transformer,DTR,0.1455,1435270983,0,ok,ok,2.8762591864931677,1019701824,13,99,94.07,60,1200,eff53cc4804cc7d6246a6e5086861ce2b846f62b,5209c39,unknown (not recorded),,inferred: laptop Windows (native),
protocol_C.jsonl:539,C,transformer,NbhdPenalty@b=0.25,0.1455,1435270983,0,ok,ok,3.1233190753906626,1057530432,13,91,73.32,60,1200,eff53cc4804cc7d6246a6e5086861ce2b846f62b,5209c39,unknown (not recorded),,inferred: laptop Windows (native),
protocol_C.jsonl:540,C,transformer,NbhdPenalty@b=0.25,0.1559,1537860799,0,ok,ok,1.83748921908887,1004968512,13,48,28.44,60,1200,eff53cc4804cc7d6246a6e5086861ce2b846f62b,5209c39,unknown (not recorded),,inferred: laptop Windows (native),
protocol_C.jsonl:541,C,transformer,TwoPhase@k=8,0.1559,1537860799,0,ok,ok,1.5519785088143228,766513720,1,45,52.36,60,1200,eff53cc4804cc7d6246a6e5086861ce2b846f62b,5209c39,unknown (not recorded),,inferred: laptop Windows (native),
protocol_C.jsonl:542,C,transformer,TwoPhase@k=8,0.1455,1435270983,0,ok,ok,2.0211270818579825,766513720,1,122,139.88,60,1200,eff53cc4804cc7d6246a6e5086861ce2b846f62b,5209c39,unknown (not recorded),,inferred: laptop Windows (native),
protocol_C.jsonl:543,C,transformer,NbhdPenalty@b=0.25,0.1557,1535887918,0,ok,ok,1.8166553547021749,1004968512,13,45,25.92,60,1200,eff53cc4804cc7d6246a6e5086861ce2b846f62b,5209c39,unknown (not recorded),,inferred: laptop Windows (native),
protocol_C.jsonl:544,C,transformer,DTR,0.1559,1537860799,0,ok,ok,2.8214098185892276,1032311360,13,118,125.93,60,1200,eff53cc4804cc7d6246a6e5086861ce2b846f62b,5209c39,unknown (not recorded),,inferred: laptop Windows (native),
protocol_C.jsonl:545,C,transformer,NbhdPenalty@b=0.25,0.1665,1642423496,0,ok,ok,1.7262765965972569,1030187584,13,45,10.58,60,1200,eff53cc4804cc7d6246a6e5086861ce2b846f62b,5209c39,unknown (not recorded),,inferred: laptop Windows (native),
protocol_C.jsonl:546,C,transformer,DTR,0.1665,1642423496,0,ok,ok,1.4486327868461522,766513720,1,41,36.06,60,1200,eff53cc4804cc7d6246a6e5086861ce2b846f62b,5209c39,unknown (not recorded),,inferred: laptop Windows (native),
protocol_C.jsonl:547,C,transformer,TwoPhase@k=8,0.1557,1535887918,0,ok,ok,1.5721684596126162,766513720,1,45,49.57,60,1200,eff53cc4804cc7d6246a6e5086861ce2b846f62b,5209c39,unknown (not recorded),,inferred: laptop Windows (native),
protocol_C.jsonl:548,C,transformer,DTR,0.1557,1535887918,0,ok,ok,2.7833052554667175,1032311360,13,118,125.53,60,1200,eff53cc4804cc7d6246a6e5086861ce2b846f62b,5209c39,unknown (not recorded),,inferred: laptop Windows (native),
protocol_C.jsonl:549,C,transformer,NbhdPenalty@b=0.25,0.1658,1635518412,0,ok,ok,1.6210096529736984,1017578048,13,45,7.48,60,1200,eff53cc4804cc7d6246a6e5086861ce2b846f62b,5209c39,unknown (not recorded),,inferred: laptop Windows (native),
protocol_C.jsonl:550,C,transformer,DTR,0.1658,1635518412,0,ok,ok,1.450833239104166,766513720,1,41,13.51,60,1200,eff53cc4804cc7d6246a6e5086861ce2b846f62b,5209c39,unknown (not recorded),,inferred: laptop Windows (native),
protocol_C.jsonl:551,C,transformer,NbhdPenalty@b=0.25,0.1787,1762769242,0,ok,ok,1.5487846305221318,1030187584,13,38,8.32,60,1200,eff53cc4804cc7d6246a6e5086861ce2b846f62b,5209c39,unknown (not recorded),,inferred: laptop Windows (native),
protocol_C.jsonl:552,C,transformer,TwoPhase@k=8,0.1665,1642423496,0,ok,ok,1.4234301616788627,766513720,1,37,36.92,60,1200,eff53cc4804cc7d6246a6e5086861ce2b846f62b,5209c39,unknown (not recorded),,inferred: laptop Windows (native),
protocol_C.jsonl:553,C,transformer,DTR,0.1787,1762769242,0,ok,ok,1.40069443789363,766513720,1,38,20.9,60,1200,eff53cc4804cc7d6246a6e5086861ce2b846f62b,5209c39,unknown (not recorded),,inferred: laptop Windows (native),
protocol_C.jsonl:554,C,transformer,TwoPhase@k=8,0.1787,1762769242,0,ok,ok,1.2961259580941686,766513720,1,39,21.54,60,1200,eff53cc4804cc7d6246a6e5086861ce2b846f62b,5209c39,unknown (not recorded),,inferred: laptop Windows (native),
protocol_C.jsonl:555,C,transformer,NbhdPenalty@b=0.25,0.1717,1693718404,0,ok,ok,1.5864114211788658,766513720,1,45,14.06,60,1200,eff53cc4804cc7d6246a6e5086861ce2b846f62b,5209c39,unknown (not recorded),,inferred: laptop Windows (native),
protocol_C.jsonl:556,C,transformer,TwoPhase@k=8,0.1658,1635518412,0,ok,ok,1.4422958050564687,766513720,1,41,37.34,60,1200,eff53cc4804cc7d6246a6e5086861ce2b846f62b,5209c39,unknown (not recorded),,inferred: laptop Windows (native),
protocol_C.jsonl:557,C,transformer,DTR,0.1717,1693718404,0,ok,ok,1.4084121342919802,766513720,1,38,21.4,60,1200,eff53cc4804cc7d6246a6e5086861ce2b846f62b,5209c39,unknown (not recorded),,inferred: laptop Windows (native),
protocol_C.jsonl:558,C,transformer,NbhdPenalty@b=0.25,0.189,1864372617,0,ok,ok,1.5580299108896742,1002977856,12,38,7.67,60,1200,eff53cc4804cc7d6246a6e5086861ce2b846f62b,5209c39,unknown (not recorded),,inferred: laptop Windows (native),
protocol_C.jsonl:559,C,transformer,TwoPhase@k=8,0.189,1864372617,0,ok,ok,1.217036072633809,766513720,1,29,13.05,60,1200,eff53cc4804cc7d6246a6e5086861ce2b846f62b,5209c39,unknown (not recorded),,inferred: laptop Windows (native),
protocol_C.jsonl:560,C,transformer,NbhdPenalty@b=0.25,0.1808,1783484493,0,ok,ok,1.6306587281582503,1002977856,12,38,9.52,60,1200,eff53cc4804cc7d6246a6e5086861ce2b846f62b,5209c39,unknown (not recorded),,inferred: laptop Windows (native),
protocol_C.jsonl:561,C,transformer,TwoPhase@k=8,0.1717,1693718404,0,ok,ok,1.3783447140376377,766513720,1,41,30.34,60,1200,eff53cc4804cc7d6246a6e5086861ce2b846f62b,5209c39,unknown (not recorded),,inferred: laptop Windows (native),
protocol_C.jsonl:562,C,transformer,DTR,0.1808,1783484493,0,ok,ok,1.3982721250851167,766513720,1,38,20.49,60,1200,eff53cc4804cc7d6246a6e5086861ce2b846f62b,5209c39,unknown (not recorded),,inferred: laptop Windows (native),
protocol_C.jsonl:563,C,transformer,DTR,0.189,1864372617,0,ok,ok,1.38688837412418,766513720,1,41,28.85,60,1200,eff53cc4804cc7d6246a6e5086861ce2b846f62b,5209c39,unknown (not recorded),,inferred: laptop Windows (native),
protocol_C.jsonl:564,C,transformer,NbhdPenalty@b=0.25,0.1924,1897911595,0,ok,ok,1.5161293463624248,1055406656,13,39,11.64,60,1200,eff53cc4804cc7d6246a6e5086861ce2b846f62b,5209c39,unknown (not recorded),,inferred: laptop Windows (native),
protocol_C.jsonl:565,C,transformer,TwoPhase@k=8,0.1924,1897911595,0,ok,ok,1.2066583409565508,766513720,1,29,13.58,60,1200,eff53cc4804cc7d6246a6e5086861ce2b846f62b,5209c39,unknown (not recorded),,inferred: laptop Windows (native),
protocol_C.jsonl:566,C,transformer,TwoPhase@k=8,0.1808,1783484493,0,ok,ok,1.245328329760323,766513720,1,33,18.45,60,1200,eff53cc4804cc7d6246a6e5086861ce2b846f62b,5209c39,unknown (not recorded),,inferred: laptop Windows (native),
protocol_C.jsonl:567,C,transformer,NbhdPenalty@b=0.25,0.1963,1936382776,0,ok,ok,1.4194736732635191,766513720,1,38,9.05,60,1200,eff53cc4804cc7d6246a6e5086861ce2b846f62b,5209c39,unknown (not recorded),,inferred: laptop Windows (native),
protocol_C.jsonl:568,C,transformer,DTR,0.1924,1897911595,0,ok,ok,1.340939494348201,766513720,1,34,25.99,60,1200,eff53cc4804cc7d6246a6e5086861ce2b846f62b,5209c39,unknown (not recorded),,inferred: laptop Windows (native),
protocol_C.jsonl:569,C,transformer,TwoPhase@k=8,0.1963,1936382776,0,ok,ok,1.2077655695693634,766513720,1,29,13.07,60,1200,eff53cc4804cc7d6246a6e5086861ce2b846f62b,5209c39,unknown (not recorded),,inferred: laptop Windows (native),
protocol_C.jsonl:570,C,transformer,NbhdPenalty@b=0.25,0.2056,2028121746,0,ok,ok,1.3405059774352859,766513720,1,37,6.27,60,1200,eff53cc4804cc7d6246a6e5086861ce2b846f62b,5209c39,unknown (not recorded),,inferred: laptop Windows (native),
protocol_C.jsonl:571,C,transformer,DTR,0.1963,1936382776,0,ok,ok,1.3427124602634835,766513720,1,34,25.05,60,1200,eff53cc4804cc7d6246a6e5086861ce2b846f62b,5209c39,unknown (not recorded),,inferred: laptop Windows (native),
protocol_C.jsonl:572,C,transformer,TwoPhase@k=8,0.2056,2028121746,0,ok,ok,1.1894069393213658,766513720,1,13,9.22,60,1200,eff53cc4804cc7d6246a6e5086861ce2b846f62b,5209c39,unknown (not recorded),,inferred: laptop Windows (native),
protocol_C.jsonl:573,C,transformer,NbhdPenalty@b=0.25,0.2017,1989650565,0,ok,ok,1.3668838362106115,766513720,1,38,5.34,60,1200,eff53cc4804cc7d6246a6e5086861ce2b846f62b,5209c39,unknown (not recorded),,inferred: laptop Windows (native),
protocol_C.jsonl:574,C,transformer,DTR,0.2056,2028121746,0,ok,ok,1.3300868245007573,766513720,1,34,22.47,60,1200,eff53cc4804cc7d6246a6e5086861ce2b846f62b,5209c39,unknown (not recorded),,inferred: laptop Windows (native),
protocol_C.jsonl:575,C,transformer,TwoPhase@k=8,0.2017,1989650565,0,ok,ok,1.1936223549370777,766513720,1,14,10.01,60,1200,eff53cc4804cc7d6246a6e5086861ce2b846f62b,5209c39,unknown (not recorded),,inferred: laptop Windows (native),
protocol_C.jsonl:576,C,transformer,NbhdPenalty@b=0.25,0.2124,2095199703,0,ok,ok,1.3366309198163733,766513720,1,37,7.1,60,1200,eff53cc4804cc7d6246a6e5086861ce2b846f62b,5209c39,unknown (not recorded),,inferred: laptop Windows (native),
protocol_C.jsonl:577,C,transformer,DTR,0.2017,1989650565,0,ok,ok,1.3437782712388158,766513720,1,37,23.8,60,1200,eff53cc4804cc7d6246a6e5086861ce2b846f62b,5209c39,unknown (not recorded),,inferred: laptop Windows (native),
protocol_C.jsonl:578,C,transformer,TwoPhase@k=8,0.2124,2095199703,0,ok,ok,1.1839264034716857,766513720,1,14,9.02,60,1200,eff53cc4804cc7d6246a6e5086861ce2b846f62b,5209c39,unknown (not recorded),,inferred: laptop Windows (native),
protocol_C.jsonl:579,C,transformer,NbhdPenalty@b=0.25,0.2133,2104077668,0,ok,ok,1.3322761640033904,766513720,1,37,7.7,60,1200,eff53cc4804cc7d6246a6e5086861ce2b846f62b,5209c39,unknown (not recorded),,inferred: laptop Windows (native),
protocol_C.jsonl:580,C,transformer,DTR,0.2124,2095199703,0,ok,ok,1.3075138681938454,766513720,1,33,20.99,60,1200,eff53cc4804cc7d6246a6e5086861ce2b846f62b,5209c39,unknown (not recorded),,inferred: laptop Windows (native),
protocol_C.jsonl:581,C,transformer,TwoPhase@k=8,0.2133,2104077668,0,ok,ok,1.1790938679533467,766513720,1,14,8.68,60,1200,eff53cc4804cc7d6246a6e5086861ce2b846f62b,5209c39,unknown (not recorded),,inferred: laptop Windows (native),
protocol_C.jsonl:582,C,transformer,NbhdPenalty@b=0.25,0.2282,2251057308,0,ok,ok,1.227578504757262,766513720,1,33,7.43,60,1200,eff53cc4804cc7d6246a6e5086861ce2b846f62b,5209c39,unknown (not recorded),,inferred: laptop Windows (native),
protocol_C.jsonl:583,C,transformer,DTR,0.2133,2104077668,0,ok,ok,1.3075138681938454,766513720,1,33,21.43,60,1200,eff53cc4804cc7d6246a6e5086861ce2b846f62b,5209c39,unknown (not recorded),,inferred: laptop Windows (native),
protocol_C.jsonl:584,C,transformer,TwoPhase@k=8,0.2282,2251057308,0,ok,ok,1.1696759199817615,766513720,1,14,8.78,60,1200,eff53cc4804cc7d6246a6e5086861ce2b846f62b,5209c39,unknown (not recorded),,inferred: laptop Windows (native),
protocol_C.jsonl:585,C,transformer,DTR,0.2282,2251057308,0,ok,ok,1.2648814472795067,766513720,1,33,18.2,60,1200,eff53cc4804cc7d6246a6e5086861ce2b846f62b,5209c39,unknown (not recorded),,inferred: laptop Windows (native),
protocol_C.jsonl:586,C,transformer,NbhdPenalty@b=0.25,0.2241,2210613246,0,ok,ok,1.2685681744629331,766513720,1,37,6.78,60,1200,eff53cc4804cc7d6246a6e5086861ce2b846f62b,5209c39,unknown (not recorded),,inferred: laptop Windows (native),
protocol_C.jsonl:587,C,transformer,TwoPhase@k=8,0.2241,2210613246,0,ok,ok,1.1787551822995395,766513720,1,12,9.12,60,1200,eff53cc4804cc7d6246a6e5086861ce2b846f62b,5209c39,unknown (not recorded),,inferred: laptop Windows (native),
protocol_C.jsonl:588,C,transformer,NbhdPenalty@b=0.25,0.2364,2331945432,0,ok,ok,1.2034236350526537,766513720,1,33,5.22,60,1200,eff53cc4804cc7d6246a6e5086861ce2b846f62b,5209c39,unknown (not recorded),,inferred: laptop Windows (native),
protocol_C.jsonl:589,C,transformer,DTR,0.2241,2210613246,0,ok,ok,1.2606079267942931,766513720,1,33,18.01,60,1200,eff53cc4804cc7d6246a6e5086861ce2b846f62b,5209c39,unknown (not recorded),,inferred: laptop Windows (native),
protocol_C.jsonl:590,C,transformer,DTR,0.2364,2331945432,0,ok,ok,1.1950156446962956,766513720,1,30,12.38,60,1200,eff53cc4804cc7d6246a6e5086861ce2b846f62b,5209c39,unknown (not recorded),,inferred: laptop Windows (native),
protocol_C.jsonl:591,C,transformer,TwoPhase@k=8,0.2364,2331945432,0,ok,ok,1.1686186806692114,766513720,1,14,8.54,60,1200,eff53cc4804cc7d6246a6e5086861ce2b846f62b,5209c39,unknown (not recorded),,inferred: laptop Windows (native),
protocol_C.jsonl:592,C,transformer,NbhdPenalty@b=0.25,0.2319,2287555608,0,ok,ok,1.2175224963977478,766513720,1,33,5.2,60,1200,eff53cc4804cc7d6246a6e5086861ce2b846f62b,5209c39,unknown (not recorded),,inferred: laptop Windows (native),
protocol_C.jsonl:593,C,transformer,NbhdPenalty@b=0.25,0.2402,2369430173,0,ok,ok,1.203572397563363,766513720,1,33,6.04,60,1200,eff53cc4804cc7d6246a6e5086861ce2b846f62b,5209c39,unknown (not recorded),,inferred: laptop Windows (native),
protocol_C.jsonl:594,C,transformer,DTR,0.2319,2287555608,0,ok,ok,1.2066821700342936,766513720,1,30,14.99,60,1200,eff53cc4804cc7d6246a6e5086861ce2b846f62b,5209c39,unknown (not recorded),,inferred: laptop Windows (native),
protocol_C.jsonl:595,C,transformer,TwoPhase@k=8,0.2319,2287555608,0,ok,ok,1.179639366690514,766513720,1,11,9.61,60,1200,eff53cc4804cc7d6246a6e5086861ce2b846f62b,5209c39,unknown (not recorded),,inferred: laptop Windows (native),
protocol_C.jsonl:596,C,transformer,DTR,0.2402,2369430173,0,ok,ok,1.1917324299862566,766513720,1,30,12.37,60,1200,eff53cc4804cc7d6246a6e5086861ce2b846f62b,5209c39,unknown (not recorded),,inferred: laptop Windows (native),
protocol_C.jsonl:597,C,transformer,TwoPhase@k=8,0.2402,2369430173,0,ok,ok,1.1626788586214194,766513720,1,9,8.95,60,1200,eff53cc4804cc7d6246a6e5086861ce2b846f62b,5209c39,unknown (not recorded),,inferred: laptop Windows (native),
protocol_C.jsonl:598,C,transformer,NbhdPenalty@b=0.25,0.2417,2384226781,0,ok,ok,1.2076793823688383,766513720,1,33,9.23,60,1200,eff53cc4804cc7d6246a6e5086861ce2b846f62b,5209c39,unknown (not recorded),,inferred: laptop Windows (native),
protocol_C.jsonl:599,C,transformer,TwoPhase@k=8,0.2417,2384226781,0,ok,ok,1.1473657821494962,766513720,1,8,8.66,60,1200,eff53cc4804cc7d6246a6e5086861ce2b846f62b,5209c39,unknown (not recorded),,inferred: laptop Windows (native),
protocol_C.jsonl:600,C,transformer,DTR,0.2417,2384226781,0,ok,ok,1.1884411684829892,766513720,1,30,12.85,60,1200,eff53cc4804cc7d6246a6e5086861ce2b846f62b,5209c39,unknown (not recorded),,inferred: laptop Windows (native),
protocol_C.jsonl:601,C,transformer,DTR,0.2565,2530219980,0,ok,ok,1.1330625076418293,766513720,1,7,7.5,60,1200,eff53cc4804cc7d6246a6e5086861ce2b846f62b,5209c39,unknown (not recorded),,inferred: laptop Windows (native),
protocol_C.jsonl:602,C,transformer,NbhdPenalty@b=0.25,0.2565,2530219980,0,ok,ok,1.133783117341307,766513720,1,7,8.1,60,1200,eff53cc4804cc7d6246a6e5086861ce2b846f62b,5209c39,unknown (not recorded),,inferred: laptop Windows (native),
protocol_C.jsonl:603,C,transformer,DTR,0.257,2535152183,0,ok,ok,1.1330625076418293,766513720,1,7,7.69,60,1200,eff53cc4804cc7d6246a6e5086861ce2b846f62b,5209c39,unknown (not recorded),,inferred: laptop Windows (native),
protocol_C.jsonl:604,C,transformer,TwoPhase@k=8,0.2565,2530219980,0,ok,ok,1.1445699142498529,766513720,1,7,8.55,60,1200,eff53cc4804cc7d6246a6e5086861ce2b846f62b,5209c39,unknown (not recorded),,inferred: laptop Windows (native),
protocol_C.jsonl:605,C,transformer,NbhdPenalty@b=0.25,0.257,2535152183,0,ok,ok,1.133783117341307,766513720,1,7,7.96,60,1200,eff53cc4804cc7d6246a6e5086861ce2b846f62b,5209c39,unknown (not recorded),,inferred: laptop Windows (native),
protocol_C.jsonl:606,C,transformer,TwoPhase@k=8,0.257,2535152183,0,ok,ok,1.147107423256162,766513720,1,7,7.76,60,1200,eff53cc4804cc7d6246a6e5086861ce2b846f62b,5209c39,unknown (not recorded),,inferred: laptop Windows (native),
protocol_C.jsonl:607,C,transformer,DTR,0.2657,2620972510,0,ok,ok,1.132557572271696,766513720,1,7,7.49,60,1200,eff53cc4804cc7d6246a6e5086861ce2b846f62b,5209c39,unknown (not recorded),,inferred: laptop Windows (native),
protocol_C.jsonl:608,C,transformer,NbhdPenalty@b=0.25,0.2657,2620972510,0,ok,ok,1.1341620261018859,766513720,1,7,8.44,60,1200,eff53cc4804cc7d6246a6e5086861ce2b846f62b,5209c39,unknown (not recorded),,inferred: laptop Windows (native),
protocol_C.jsonl:609,C,transformer,TwoPhase@k=8,0.2657,2620972510,0,ok,ok,1.1379063369050502,766513720,1,8,7.71,60,1200,eff53cc4804cc7d6246a6e5086861ce2b846f62b,5209c39,unknown (not recorded),,inferred: laptop Windows (native),
protocol_C.jsonl:610,C,transformer,DTR,0.2659,2622945391,0,ok,ok,1.132557572271696,766513720,1,7,7.31,60,1200,eff53cc4804cc7d6246a6e5086861ce2b846f62b,5209c39,unknown (not recorded),,inferred: laptop Windows (native),
protocol_C.jsonl:611,C,transformer,NbhdPenalty@b=0.25,0.2659,2622945391,0,ok,ok,1.1341620261018859,766513720,1,7,8.21,60,1200,eff53cc4804cc7d6246a6e5086861ce2b846f62b,5209c39,unknown (not recorded),,inferred: laptop Windows (native),
protocol_C.jsonl:612,C,transformer,TwoPhase@k=8,0.2659,2622945391,0,ok,ok,1.1409901301429624,766513720,1,9,8.17,60,1200,eff53cc4804cc7d6246a6e5086861ce2b846f62b,5209c39,unknown (not recorded),,inferred: laptop Windows (native),
protocol_C.jsonl:613,C,transformer,DTR,0.2789,2751182661,0,ok,ok,1.1248575694069942,766513720,1,7,7.17,60,1200,eff53cc4804cc7d6246a6e5086861ce2b846f62b,5209c39,unknown (not recorded),,inferred: laptop Windows (native),
protocol_C.jsonl:614,C,transformer,NbhdPenalty@b=0.25,0.2789,2751182661,0,ok,ok,1.1340332484519118,766513720,1,7,8.11,60,1200,eff53cc4804cc7d6246a6e5086861ce2b846f62b,5209c39,unknown (not recorded),,inferred: laptop Windows (native),
protocol_C.jsonl:615,C,transformer,TwoPhase@k=8,0.2789,2751182661,0,ok,ok,1.138533606698911,766513720,1,7,7.57,60,1200,eff53cc4804cc7d6246a6e5086861ce2b846f62b,5209c39,unknown (not recorded),,inferred: laptop Windows (native),
protocol_C.jsonl:616,C,transformer,DTR,0.2791,2753155542,0,ok,ok,1.1247018424202744,766513720,1,7,7.4,60,1200,eff53cc4804cc7d6246a6e5086861ce2b846f62b,5209c39,unknown (not recorded),,inferred: laptop Windows (native),
protocol_C.jsonl:617,C,transformer,NbhdPenalty@b=0.25,0.2791,2753155542,0,ok,ok,1.1340332484519118,766513720,1,7,8.47,60,1200,eff53cc4804cc7d6246a6e5086861ce2b846f62b,5209c39,unknown (not recorded),,inferred: laptop Windows (native),
protocol_C.jsonl:618,C,transformer,TwoPhase@k=8,0.2791,2753155542,0,ok,ok,1.1358734845450422,766513720,1,7,7.7,60,1200,eff53cc4804cc7d6246a6e5086861ce2b846f62b,5209c39,unknown (not recorded),,inferred: laptop Windows (native),
protocol_C.jsonl:619,C,transformer,DTR,0.2887,2847853834,0,ok,ok,1.124477096897124,766513720,1,7,6.77,60,1200,eff53cc4804cc7d6246a6e5086861ce2b846f62b,5209c39,unknown (not recorded),,inferred: laptop Windows (native),
protocol_C.jsonl:620,C,transformer,NbhdPenalty@b=0.25,0.2887,2847853834,0,ok,ok,1.1247452762807995,766513720,1,7,7.45,60,1200,eff53cc4804cc7d6246a6e5086861ce2b846f62b,5209c39,unknown (not recorded),,inferred: laptop Windows (native),
protocol_C.jsonl:621,C,transformer,TwoPhase@k=8,0.2887,2847853834,0,ok,ok,1.129943982518615,766513720,1,8,6.31,60,1200,eff53cc4804cc7d6246a6e5086861ce2b846f62b,5209c39,unknown (not recorded),,inferred: laptop Windows (native),
protocol_C.jsonl:622,C,transformer,DTR,0.2848,2809382653,0,ok,ok,1.123755245609667,766513720,1,7,6.86,60,1200,eff53cc4804cc7d6246a6e5086861ce2b846f62b,5209c39,unknown (not recorded),,inferred: laptop Windows (native),
protocol_C.jsonl:623,C,transformer,NbhdPenalty@b=0.25,0.2848,2809382653,0,ok,ok,1.127447688441545,766513720,1,7,7.7,60,1200,eff53cc4804cc7d6246a6e5086861ce2b846f62b,5209c39,unknown (not recorded),,inferred: laptop Windows (native),
protocol_C.jsonl:624,C,transformer,DTR,0.2995,2954389412,0,ok,ok,1.1234347892184322,766513720,1,7,7.13,60,1200,eff53cc4804cc7d6246a6e5086861ce2b846f62b,5209c39,unknown (not recorded),,inferred: laptop Windows (native),
protocol_C.jsonl:625,C,transformer,TwoPhase@k=8,0.2848,2809382653,0,ok,ok,1.12950772180486,766513720,1,8,7.51,60,1200,eff53cc4804cc7d6246a6e5086861ce2b846f62b,5209c39,unknown (not recorded),,inferred: laptop Windows (native),
protocol_C.jsonl:626,C,transformer,NbhdPenalty@b=0.25,0.2995,2954389412,0,ok,ok,1.121556429496745,766513720,1,7,7.12,60,1200,eff53cc4804cc7d6246a6e5086861ce2b846f62b,5209c39,unknown (not recorded),,inferred: laptop Windows (native),
protocol_C.jsonl:627,C,transformer,TwoPhase@k=8,0.2995,2954389412,0,ok,ok,1.1290067501048056,766513720,1,7,5.9,60,1200,eff53cc4804cc7d6246a6e5086861ce2b846f62b,5209c39,unknown (not recorded),,inferred: laptop Windows (native),
protocol_C.jsonl:628,C,transformer,DTR,0.2938,2898162301,0,ok,ok,1.124477096897124,766513720,1,7,7.88,60,1200,eff53cc4804cc7d6246a6e5086861ce2b846f62b,5209c39,unknown (not recorded),,inferred: laptop Windows (native),
protocol_C.jsonl:629,C,transformer,NbhdPenalty@b=0.25,0.2938,2898162301,0,ok,ok,1.1234746032889311,766513720,1,7,8.31,60,1200,eff53cc4804cc7d6246a6e5086861ce2b846f62b,5209c39,unknown (not recorded),,inferred: laptop Windows (native),
protocol_C.jsonl:630,C,transformer,TwoPhase@k=8,0.2938,2898162301,0,ok,ok,1.1269837580528292,766513720,1,8,7.04,60,1200,eff53cc4804cc7d6246a6e5086861ce2b846f62b,5209c39,unknown (not recorded),,inferred: laptop Windows (native),
protocol_C.jsonl:631,C,transformer,DTR,0.3026,2984969069,0,ok,ok,1.118878602949858,766513720,1,7,6.64,60,1200,eff53cc4804cc7d6246a6e5086861ce2b846f62b,5209c39,unknown (not recorded),,inferred: laptop Windows (native),
protocol_C.jsonl:632,C,transformer,DTR,0.3156,3113206339,0,ok,ok,1.1140238093426476,766513720,1,7,6.91,60,1200,eff53cc4804cc7d6246a6e5086861ce2b846f62b,5209c39,unknown (not recorded),,inferred: laptop Windows (native),
protocol_C.jsonl:633,C,transformer,NbhdPenalty@b=0.25,0.3026,2984969069,0,ok,ok,1.120797048226296,766513720,1,7,8.62,60,1200,eff53cc4804cc7d6246a6e5086861ce2b846f62b,5209c39,unknown (not recorded),,inferred: laptop Windows (native),
protocol_C.jsonl:634,C,transformer,TwoPhase@k=8,0.3026,2984969069,0,ok,ok,1.1259512057082584,766513720,1,8,8.69,60,1200,eff53cc4804cc7d6246a6e5086861ce2b846f62b,5209c39,unknown (not recorded),,inferred: laptop Windows (native),
protocol_C.jsonl:635,C,transformer,NbhdPenalty@b=0.25,0.3156,3113206339,0,ok,ok,1.1211732783422554,766513720,1,6,7.69,60,1200,eff53cc4804cc7d6246a6e5086861ce2b846f62b,5209c39,unknown (not recorded),,inferred: laptop Windows (native),
protocol_C.jsonl:636,C,transformer,DTR,0.3257,3212836833,0,ok,ok,1.109552452853339,766513720,1,7,7.07,60,1200,eff53cc4804cc7d6246a6e5086861ce2b846f62b,5209c39,unknown (not recorded),,inferred: laptop Windows (native),
protocol_C.jsonl:637,C,transformer,TwoPhase@k=8,0.3156,3113206339,0,ok,ok,1.1224594874729166,766513720,1,8,8.25,60,1200,eff53cc4804cc7d6246a6e5086861ce2b846f62b,5209c39,unknown (not recorded),,inferred: laptop Windows (native),
protocol_C.jsonl:638,C,transformer,NbhdPenalty@b=0.25,0.3257,3212836833,0,ok,ok,1.1190796316087566,766513720,1,6,8.3,60,1200,eff53cc4804cc7d6246a6e5086861ce2b846f62b,5209c39,unknown (not recorded),,inferred: laptop Windows (native),
protocol_C.jsonl:639,C,transformer,TwoPhase@k=8,0.3257,3212836833,0,ok,ok,1.1248316987676765,766513720,1,8,7.36,60,1200,eff53cc4804cc7d6246a6e5086861ce2b846f62b,5209c39,unknown (not recorded),,inferred: laptop Windows (native),
protocol_C.jsonl:640,C,transformer,DTR,0.3325,3279914790,0,ok,ok,1.1081306862059843,766513720,1,7,6.37,60,1200,eff53cc4804cc7d6246a6e5086861ce2b846f62b,5209c39,unknown (not recorded),,inferred: laptop Windows (native),
protocol_C.jsonl:641,C,transformer,NbhdPenalty@b=0.25,0.3325,3279914790,0,ok,ok,1.1127174741794406,766513720,1,6,7.71,60,1200,eff53cc4804cc7d6246a6e5086861ce2b846f62b,5209c39,unknown (not recorded),,inferred: laptop Windows (native),
protocol_C.jsonl:642,C,transformer,DTR,0.3486,3438731716,0,ok,ok,1.101441516945696,766513720,1,7,6.7,60,1200,eff53cc4804cc7d6246a6e5086861ce2b846f62b,5209c39,unknown (not recorded),,inferred: laptop Windows (native),
protocol_C.jsonl:643,C,transformer,TwoPhase@k=8,0.3325,3279914790,0,ok,ok,1.116941515754785,766513720,1,8,8.72,60,1200,eff53cc4804cc7d6246a6e5086861ce2b846f62b,5209c39,unknown (not recorded),,inferred: laptop Windows (native),
protocol_C.jsonl:644,C,transformer,NbhdPenalty@b=0.25,0.3486,3438731716,0,ok,ok,1.1045868176557343,766513720,1,6,6.6,60,1200,eff53cc4804cc7d6246a6e5086861ce2b846f62b,5209c39,unknown (not recorded),,inferred: laptop Windows (native),
protocol_C.jsonl:645,C,transformer,TwoPhase@k=8,0.3486,3438731716,0,ok,ok,1.1229413249628923,766513720,1,8,5.22,60,1200,eff53cc4804cc7d6246a6e5086861ce2b846f62b,5209c39,unknown (not recorded),,inferred: laptop Windows (native),
protocol_C.jsonl:646,C,transformer,DTR,0.3506,3458460527,0,ok,ok,1.101668542936563,766513720,1,7,5.84,60,1200,eff53cc4804cc7d6246a6e5086861ce2b846f62b,5209c39,unknown (not recorded),,inferred: laptop Windows (native),
protocol_C.jsonl:647,C,transformer,NbhdPenalty@b=0.25,0.3506,3458460527,0,ok,ok,1.1045868176557343,766513720,1,6,6.92,60,1200,eff53cc4804cc7d6246a6e5086861ce2b846f62b,5209c39,unknown (not recorded),,inferred: laptop Windows (native),
protocol_C.jsonl:648,C,transformer,DTR,0.3674,3624182538,0,ok,ok,1.098968961451618,766513720,1,7,6.17,60,1200,eff53cc4804cc7d6246a6e5086861ce2b846f62b,5209c39,unknown (not recorded),,inferred: laptop Windows (native),
protocol_C.jsonl:649,C,transformer,TwoPhase@k=8,0.3506,3458460527,0,ok,ok,1.1213248823881354,766513720,1,7,7.33,60,1200,eff53cc4804cc7d6246a6e5086861ce2b846f62b,5209c39,unknown (not recorded),,inferred: laptop Windows (native),
protocol_C.jsonl:650,C,transformer,NbhdPenalty@b=0.25,0.3674,3624182538,0,ok,ok,1.1008129440274257,766513720,1,6,6.9,60,1200,eff53cc4804cc7d6246a6e5086861ce2b846f62b,5209c39,unknown (not recorded),,inferred: laptop Windows (native),
protocol_C.jsonl:651,C,transformer,TwoPhase@k=8,0.3674,3624182538,0,ok,ok,1.1149229072685305,766513720,1,8,4.79,60,1200,eff53cc4804cc7d6246a6e5086861ce2b846f62b,5209c39,unknown (not recorded),,inferred: laptop Windows (native),
protocol_C.jsonl:652,C,transformer,DTR,0.3748,3697179137,0,ok,ok,1.0946298720898688,766513720,1,7,5.49,60,1200,eff53cc4804cc7d6246a6e5086861ce2b846f62b,5209c39,unknown (not recorded),,inferred: laptop Windows (native),
protocol_C.jsonl:653,C,transformer,NbhdPenalty@b=0.25,0.3748,3697179137,0,ok,ok,1.092899710191647,766513720,1,6,6.59,60,1200,eff53cc4804cc7d6246a6e5086861ce2b846f62b,5209c39,unknown (not recorded),,inferred: laptop Windows (native),
protocol_C.jsonl:654,C,transformer,DTR,0.3803,3751433367,0,ok,ok,1.0914202440912737,766513720,1,6,4.79,60,1200,eff53cc4804cc7d6246a6e5086861ce2b846f62b,5209c39,unknown (not recorded),,inferred: laptop Windows (native),
protocol_C.jsonl:655,C,transformer,TwoPhase@k=8,0.3748,3697179137,0,ok,ok,1.109462193389034,766513720,1,8,6.16,60,1200,eff53cc4804cc7d6246a6e5086861ce2b846f62b,5209c39,unknown (not recorded),,inferred: laptop Windows (native),
protocol_C.jsonl:656,C,transformer,NbhdPenalty@b=0.25,0.3803,3751433367,0,ok,ok,1.092517605156475,766513720,1,6,6.26,60,1200,eff53cc4804cc7d6246a6e5086861ce2b846f62b,5209c39,unknown (not recorded),,inferred: laptop Windows (native),
protocol_C.jsonl:657,C,transformer,DTR,0.3954,3900385888,0,ok,ok,1.0851576779449503,766513720,1,6,5.19,60,1200,eff53cc4804cc7d6246a6e5086861ce2b846f62b,5209c39,unknown (not recorded),,inferred: laptop Windows (native),
protocol_C.jsonl:658,C,transformer,NbhdPenalty@b=0.25,0.3954,3900385888,0,ok,ok,1.0863698913278945,766513720,1,6,6.54,60,1200,eff53cc4804cc7d6246a6e5086861ce2b846f62b,5209c39,unknown (not recorded),,inferred: laptop Windows (native),
protocol_C.jsonl:659,C,transformer,TwoPhase@k=8,0.3803,3751433367,0,ok,ok,1.1117538824546598,766513720,1,8,8.12,60,1200,eff53cc4804cc7d6246a6e5086861ce2b846f62b,5209c39,unknown (not recorded),,inferred: laptop Windows (native),
protocol_C.jsonl:660,C,transformer,DTR,0.4033,3978314691,0,ok,ok,1.083190390841688,766513720,1,4,4.52,60,1200,eff53cc4804cc7d6246a6e5086861ce2b846f62b,5209c39,unknown (not recorded),,inferred: laptop Windows (native),
protocol_C.jsonl:661,C,transformer,TwoPhase@k=8,0.3954,3900385888,0,ok,ok,1.1151178040031244,766513720,1,8,5.63,60,1200,eff53cc4804cc7d6246a6e5086861ce2b846f62b,5209c39,unknown (not recorded),,inferred: laptop Windows (native),
protocol_C.jsonl:662,C,transformer,NbhdPenalty@b=0.25,0.4033,3978314691,0,ok,ok,1.086750363837765,766513720,1,6,6.11,60,1200,eff53cc4804cc7d6246a6e5086861ce2b846f62b,5209c39,unknown (not recorded),,inferred: laptop Windows (native),
protocol_C.jsonl:663,C,transformer,TwoPhase@k=8,0.4033,3978314691,0,ok,ok,1.0989557419784421,766513720,1,8,6.4,60,1200,eff53cc4804cc7d6246a6e5086861ce2b846f62b,5209c39,unknown (not recorded),,inferred: laptop Windows (native),
protocol_C.jsonl:664,C,transformer,DTR,0.4198,4141077380,0,ok,ok,1.0807163874315997,766513720,1,4,4.9,60,1200,eff53cc4804cc7d6246a6e5086861ce2b846f62b,5209c39,unknown (not recorded),,inferred: laptop Windows (native),
protocol_C.jsonl:665,C,transformer,NbhdPenalty@b=0.25,0.4198,4141077380,0,ok,ok,1.078137030032797,766513720,1,6,5.42,60,1200,eff53cc4804cc7d6246a6e5086861ce2b846f62b,5209c39,unknown (not recorded),,inferred: laptop Windows (native),
protocol_C.jsonl:666,C,transformer,TwoPhase@k=8,0.4198,4141077380,0,ok,ok,1.1108404827383833,766513720,1,8,5.52,60,1200,eff53cc4804cc7d6246a6e5086861ce2b846f62b,5209c39,unknown (not recorded),,inferred: laptop Windows (native),
protocol_C.jsonl:667,C,transformer,DTR,0.4267,4209141777,0,ok,ok,1.0807163874315997,766513720,1,4,4.78,60,1200,eff53cc4804cc7d6246a6e5086861ce2b846f62b,5209c39,unknown (not recorded),,inferred: laptop Windows (native),
protocol_C.jsonl:668,C,transformer,NbhdPenalty@b=0.25,0.4267,4209141777,0,ok,ok,1.0779107967759456,766513720,1,6,5.65,60,1200,eff53cc4804cc7d6246a6e5086861ce2b846f62b,5209c39,unknown (not recorded),,inferred: laptop Windows (native),
protocol_C.jsonl:669,C,transformer,TwoPhase@k=8,0.4267,4209141777,0,ok,ok,1.1031812749072774,766513720,1,8,5.16,60,1200,eff53cc4804cc7d6246a6e5086861ce2b846f62b,5209c39,unknown (not recorded),,inferred: laptop Windows (native),
protocol_C.jsonl:670,C,transformer,DTR,0.4374,4314690914,0,ok,ok,1.0739040186177673,766513720,1,4,4.08,60,1200,eff53cc4804cc7d6246a6e5086861ce2b846f62b,5209c39,unknown (not recorded),,inferred: laptop Windows (native),
protocol_C.jsonl:671,C,transformer,NbhdPenalty@b=0.25,0.4374,4314690914,0,ok,ok,1.074409721383386,766513720,1,6,5.33,60,1200,eff53cc4804cc7d6246a6e5086861ce2b846f62b,5209c39,unknown (not recorded),,inferred: laptop Windows (native),
protocol_C.jsonl:672,C,transformer,DTR,0.4432,4371904466,0,ok,ok,1.0739040186177673,766513720,1,4,3.76,60,1200,eff53cc4804cc7d6246a6e5086861ce2b846f62b,5209c39,unknown (not recorded),,inferred: laptop Windows (native),
protocol_C.jsonl:673,C,transformer,TwoPhase@k=8,0.4374,4314690914,0,ok,ok,1.0993669718441654,766513720,1,8,6.81,60,1200,eff53cc4804cc7d6246a6e5086861ce2b846f62b,5209c39,unknown (not recorded),,inferred: laptop Windows (native),
protocol_C.jsonl:674,C,transformer,NbhdPenalty@b=0.25,0.4432,4371904466,0,ok,ok,1.0736918591045381,766513720,1,6,4.65,60,1200,eff53cc4804cc7d6246a6e5086861ce2b846f62b,5209c39,unknown (not recorded),,inferred: laptop Windows (native),
protocol_C.jsonl:675,C,transformer,DTR,0.4543,4481399365,0,ok,ok,1.069565327432921,766513720,1,4,3.94,60,1200,eff53cc4804cc7d6246a6e5086861ce2b846f62b,5209c39,unknown (not recorded),,inferred: laptop Windows (native),
protocol_C.jsonl:676,C,transformer,TwoPhase@k=8,0.4432,4371904466,0,ok,ok,1.0985629802814327,766513720,1,8,5.39,60,1200,eff53cc4804cc7d6246a6e5086861ce2b846f62b,5209c39,unknown (not recorded),,inferred: laptop Windows (native),
protocol_C.jsonl:677,C,transformer,NbhdPenalty@b=0.25,0.4543,4481399365,0,ok,ok,1.0700542778102984,766513720,1,6,4.94,60,1200,eff53cc4804cc7d6246a6e5086861ce2b846f62b,5209c39,unknown (not recorded),,inferred: laptop Windows (native),
protocol_C.jsonl:678,C,transformer,DTR,0.4656,4592867146,0,ok,ok,1.069565327432921,766513720,1,4,3.89,60,1200,eff53cc4804cc7d6246a6e5086861ce2b846f62b,5209c39,unknown (not recorded),,inferred: laptop Windows (native),
protocol_C.jsonl:679,C,transformer,NbhdPenalty@b=0.25,0.4656,4592867146,0,ok,ok,1.0660877155193118,766513720,1,5,3.94,60,1200,eff53cc4804cc7d6246a6e5086861ce2b846f62b,5209c39,unknown (not recorded),,inferred: laptop Windows (native),
protocol_C.jsonl:680,C,transformer,TwoPhase@k=8,0.4543,4481399365,0,ok,ok,1.101346562613727,766513720,1,7,6.6,60,1200,eff53cc4804cc7d6246a6e5086861ce2b846f62b,5209c39,unknown (not recorded),,inferred: laptop Windows (native),
protocol_C.jsonl:681,C,transformer,DTR,0.4795,4729982381,0,ok,ok,1.0670991572484496,766513720,1,4,3.75,60,1200,eff53cc4804cc7d6246a6e5086861ce2b846f62b,5209c39,unknown (not recorded),,inferred: laptop Windows (native),
protocol_C.jsonl:682,C,transformer,NbhdPenalty@b=0.25,0.4795,4729982381,0,ok,ok,1.061963431737301,766513720,1,5,3.89,60,1200,eff53cc4804cc7d6246a6e5086861ce2b846f62b,5209c39,unknown (not recorded),,inferred: laptop Windows (native),
protocol_C.jsonl:683,C,transformer,TwoPhase@k=8,0.4656,4592867146,0,ok,ok,1.1002551850614393,766513720,1,8,6.51,60,1200,eff53cc4804cc7d6246a6e5086861ce2b846f62b,5209c39,unknown (not recorded),,inferred: laptop Windows (native),
protocol_C.jsonl:684,C,transformer,TwoPhase@k=8,0.4795,4729982381,0,ok,ok,1.099025600306159,766513720,1,8,5.19,60,1200,eff53cc4804cc7d6246a6e5086861ce2b846f62b,5209c39,unknown (not recorded),,inferred: laptop Windows (native),
protocol_C.jsonl:685,C,transformer,DTR,0.4881,4814816267,0,ok,ok,1.062743713675362,766513720,1,4,2.99,60,1200,eff53cc4804cc7d6246a6e5086861ce2b846f62b,5209c39,unknown (not recorded),,inferred: laptop Windows (native),
protocol_C.jsonl:686,C,transformer,NbhdPenalty@b=0.25,0.4881,4814816267,0,ok,ok,1.061018543467586,766513720,1,4,3.64,60,1200,eff53cc4804cc7d6246a6e5086861ce2b846f62b,5209c39,unknown (not recorded),,inferred: laptop Windows (native),
protocol_C.jsonl:687,C,transformer,DTR,0.4963,4895704392,0,ok,ok,1.0583950463492031,766513720,1,4,3.36,60,1200,eff53cc4804cc7d6246a6e5086861ce2b846f62b,5209c39,unknown (not recorded),,inferred: laptop Windows (native),
protocol_C.jsonl:688,C,transformer,TwoPhase@k=8,0.4881,4814816267,0,ok,ok,1.0944508553741201,766513720,1,7,5.06,60,1200,eff53cc4804cc7d6246a6e5086861ce2b846f62b,5209c39,unknown (not recorded),,inferred: laptop Windows (native),
protocol_C.jsonl:689,C,transformer,NbhdPenalty@b=0.25,0.4963,4895704392,0,ok,ok,1.059484389579496,766513720,1,5,3.95,60,1200,eff53cc4804cc7d6246a6e5086861ce2b846f62b,5209c39,unknown (not recorded),,inferred: laptop Windows (native),
protocol_C.jsonl:690,C,transformer,DTR,0.5089,5019995899,0,ok,ok,1.056270761712922,766513720,1,4,3.12,60,1200,eff53cc4804cc7d6246a6e5086861ce2b846f62b,5209c39,unknown (not recorded),,inferred: laptop Windows (native),
protocol_C.jsonl:691,C,transformer,TwoPhase@k=8,0.4963,4895704392,0,ok,ok,1.090388278152687,766513720,1,8,5.36,60,1200,eff53cc4804cc7d6246a6e5086861ce2b846f62b,5209c39,unknown (not recorded),,inferred: laptop Windows (native),
protocol_C.jsonl:692,C,transformer,NbhdPenalty@b=0.25,0.5089,5019995899,0,ok,ok,1.0572715467802225,766513720,1,4,3.32,60,1200,eff53cc4804cc7d6246a6e5086861ce2b846f62b,5209c39,unknown (not recorded),,inferred: laptop Windows (native),
protocol_C.jsonl:693,C,transformer,TwoPhase@k=8,0.5089,5019995899,0,ok,ok,1.0943281915495002,766513720,1,7,5.05,60,1200,eff53cc4804cc7d6246a6e5086861ce2b846f62b,5209c39,unknown (not recorded),,inferred: laptop Windows (native),
protocol_C.jsonl:694,C,transformer,DTR,0.5163,5092992499,0,ok,ok,1.056270761712922,766513720,1,4,3.2,60,1200,eff53cc4804cc7d6246a6e5086861ce2b846f62b,5209c39,unknown (not recorded),,inferred: laptop Windows (native),
protocol_C.jsonl:695,C,transformer,NbhdPenalty@b=0.25,0.5163,5092992499,0,ok,ok,1.0572715467802225,766513720,1,4,4.3,60,1200,eff53cc4804cc7d6246a6e5086861ce2b846f62b,5209c39,unknown (not recorded),,inferred: laptop Windows (native),
protocol_C.jsonl:696,C,transformer,DTR,0.5226,5155138253,0,ok,ok,1.056270761712922,766513720,1,4,2.81,60,1200,eff53cc4804cc7d6246a6e5086861ce2b846f62b,5209c39,unknown (not recorded),,inferred: laptop Windows (native),
protocol_C.jsonl:697,C,transformer,TwoPhase@k=8,0.5163,5092992499,0,ok,ok,1.0924903698563173,766513720,1,8,5.15,60,1200,eff53cc4804cc7d6246a6e5086861ce2b846f62b,5209c39,unknown (not recorded),,inferred: laptop Windows (native),
protocol_C.jsonl:698,C,transformer,NbhdPenalty@b=0.25,0.5226,5155138253,0,ok,ok,1.053910524683569,766513720,1,5,2.89,60,1200,eff53cc4804cc7d6246a6e5086861ce2b846f62b,5209c39,unknown (not recorded),,inferred: laptop Windows (native),
protocol_C.jsonl:699,C,transformer,DTR,0.5302,5230107734,0,ok,ok,1.053790883383621,766513720,1,4,3.31,60,1200,eff53cc4804cc7d6246a6e5086861ce2b846f62b,5209c39,unknown (not recorded),,inferred: laptop Windows (native),
protocol_C.jsonl:700,C,transformer,NbhdPenalty@b=0.25,0.5302,5230107734,0,ok,ok,1.0535301281892893,766513720,1,4,3.5,60,1200,eff53cc4804cc7d6246a6e5086861ce2b846f62b,5209c39,unknown (not recorded),,inferred: laptop Windows (native),
protocol_C.jsonl:701,C,transformer,TwoPhase@k=8,0.5226,5155138253,0,ok,ok,1.0914747038322188,766513720,1,7,5.95,60,1200,eff53cc4804cc7d6246a6e5086861ce2b846f62b,5209c39,unknown (not recorded),,inferred: laptop Windows (native),
protocol_C.jsonl:702,C,transformer,DTR,0.5424,5350453480,0,ok,ok,1.0513118412258162,766513720,1,4,2.83,60,1200,eff53cc4804cc7d6246a6e5086861ce2b846f62b,5209c39,unknown (not recorded),,inferred: laptop Windows (native),
protocol_C.jsonl:703,C,transformer,TwoPhase@k=8,0.5302,5230107734,0,ok,ok,1.0895119849039698,766513720,1,7,6.22,60,1200,eff53cc4804cc7d6246a6e5086861ce2b846f62b,5209c39,unknown (not recorded),,inferred: laptop Windows (native),
protocol_C.jsonl:704,C,transformer,NbhdPenalty@b=0.25,0.5424,5350453480,0,ok,ok,1.0535301281892893,766513720,1,4,3.7,60,1200,eff53cc4804cc7d6246a6e5086861ce2b846f62b,5209c39,unknown (not recorded),,inferred: laptop Windows (native),
protocol_C.jsonl:705,C,transformer,DTR,0.5521,5446138212,0,ok,ok,1.0513118412258162,766513720,1,4,3.14,60,1200,eff53cc4804cc7d6246a6e5086861ce2b846f62b,5209c39,unknown (not recorded),,inferred: laptop Windows (native),
protocol_C.jsonl:706,C,transformer,TwoPhase@k=8,0.5424,5350453480,0,ok,ok,1.0909948970444479,766513720,1,8,4.43,60,1200,eff53cc4804cc7d6246a6e5086861ce2b846f62b,5209c39,unknown (not recorded),,inferred: laptop Windows (native),
protocol_C.jsonl:707,C,transformer,NbhdPenalty@b=0.25,0.5521,5446138212,0,ok,ok,1.0497828744968338,766513720,1,4,2.84,60,1200,eff53cc4804cc7d6246a6e5086861ce2b846f62b,5209c39,unknown (not recorded),,inferred: laptop Windows (native),
protocol_C.jsonl:708,C,transformer,DTR,0.5618,5541822944,0,ok,ok,1.0491929247381437,766513720,1,4,2.63,60,1200,eff53cc4804cc7d6246a6e5086861ce2b846f62b,5209c39,unknown (not recorded),,inferred: laptop Windows (native),
protocol_C.jsonl:709,C,transformer,NbhdPenalty@b=0.25,0.5618,5541822944,0,ok,ok,1.0484834422732068,766513720,1,4,2.89,60,1200,eff53cc4804cc7d6246a6e5086861ce2b846f62b,5209c39,unknown (not recorded),,inferred: laptop Windows (native),
protocol_C.jsonl:710,C,transformer,TwoPhase@k=8,0.5521,5446138212,0,ok,ok,1.0942745643602612,766513720,1,8,5.04,60,1200,eff53cc4804cc7d6246a6e5086861ce2b846f62b,5209c39,unknown (not recorded),,inferred: laptop Windows (native),
protocol_C.jsonl:711,C,transformer,DTR,0.5791,5712477157,0,ok,ok,1.046720771040759,766513720,1,4,2.48,60,1200,eff53cc4804cc7d6246a6e5086861ce2b846f62b,5209c39,unknown (not recorded),,inferred: laptop Windows (native),
protocol_C.jsonl:712,C,transformer,TwoPhase@k=8,0.5618,5541822944,0,ok,ok,1.0844344728560236,766513720,1,8,5.19,60,1200,eff53cc4804cc7d6246a6e5086861ce2b846f62b,5209c39,unknown (not recorded),,inferred: laptop Windows (native),
protocol_C.jsonl:713,C,transformer,NbhdPenalty@b=0.25,0.5791,5712477157,0,ok,ok,1.0460079149315173,766513720,1,4,2.64,60,1200,eff53cc4804cc7d6246a6e5086861ce2b846f62b,5209c39,unknown (not recorded),,inferred: laptop Windows (native),
protocol_C.jsonl:714,C,transformer,DTR,0.5873,5793365282,0,ok,ok,1.046720771040759,766513720,1,4,2.43,60,1200,eff53cc4804cc7d6246a6e5086861ce2b846f62b,5209c39,unknown (not recorded),,inferred: laptop Windows (native),
protocol_C.jsonl:715,C,transformer,NbhdPenalty@b=0.25,0.5873,5793365282,0,ok,ok,1.0438836302952361,766513720,1,4,2.6,60,1200,eff53cc4804cc7d6246a6e5086861ce2b846f62b,5209c39,unknown (not recorded),,inferred: laptop Windows (native),
protocol_C.jsonl:716,C,transformer,TwoPhase@k=8,0.5791,5712477157,0,ok,ok,1.0837667482888294,766513720,1,8,5.69,60,1200,eff53cc4804cc7d6246a6e5086861ce2b846f62b,5209c39,unknown (not recorded),,inferred: laptop Windows (native),
protocol_C.jsonl:717,C,transformer,DTR,0.5924,5843673749,0,ok,ok,1.0446043558279947,766513720,1,4,2.32,60,1200,eff53cc4804cc7d6246a6e5086861ce2b846f62b,5209c39,unknown (not recorded),,inferred: laptop Windows (native),
protocol_C.jsonl:718,C,unet,DTR,0.056,471282835,0,oom,"oom: evictable pool empty, pinned 0.09 GB at depth 1",,93386132,1,1,0.0,60,1200,eff53cc4804cc7d6246a6e5086861ce2b846f62b,5209c39,unknown (not recorded),,inferred: laptop Windows (native),
protocol_C.jsonl:719,C,unet,NbhdPenalty@b=0.25,0.056,471282835,0,oom,"oom: evictable pool empty, pinned 0.09 GB at depth 1",,93386132,1,1,0.0,60,1200,eff53cc4804cc7d6246a6e5086861ce2b846f62b,5209c39,unknown (not recorded),,inferred: laptop Windows (native),
protocol_C.jsonl:720,C,unet,TwoPhase@k=8,0.056,471282835,0,oom,"oom: evictable pool empty, pinned 0.09 GB at depth 1",,93386132,1,1,0.0,60,1200,eff53cc4804cc7d6246a6e5086861ce2b846f62b,5209c39,unknown (not recorded),,inferred: laptop Windows (native),
protocol_C.jsonl:721,C,unet,DTR,0.0552,464550224,0,oom,"oom: evictable pool empty, pinned 0.09 GB at depth 1",,93386132,1,1,0.0,60,1200,eff53cc4804cc7d6246a6e5086861ce2b846f62b,5209c39,unknown (not recorded),,inferred: laptop Windows (native),
protocol_C.jsonl:722,C,unet,NbhdPenalty@b=0.25,0.0552,464550224,0,oom,"oom: evictable pool empty, pinned 0.09 GB at depth 1",,93386132,1,1,0.0,60,1200,eff53cc4804cc7d6246a6e5086861ce2b846f62b,5209c39,unknown (not recorded),,inferred: laptop Windows (native),
protocol_C.jsonl:723,C,unet,TwoPhase@k=8,0.0552,464550224,0,oom,"oom: evictable pool empty, pinned 0.09 GB at depth 1",,93386132,1,1,0.0,60,1200,eff53cc4804cc7d6246a6e5086861ce2b846f62b,5209c39,unknown (not recorded),,inferred: laptop Windows (native),
protocol_C.jsonl:724,C,transformer,NbhdPenalty@b=0.25,0.5924,5843673749,0,ok,ok,1.0438836302952361,766513720,1,4,2.7,60,1200,eff53cc4804cc7d6246a6e5086861ce2b846f62b,5209c39,unknown (not recorded),,inferred: laptop Windows (native),
protocol_C.jsonl:725,C,unet,DTR,0.0681,573113591,0,oom,"oom: evictable pool empty, pinned 0.48 GB at depth 1",,481883540,1,1,0.0,60,1200,eff53cc4804cc7d6246a6e5086861ce2b846f62b,5209c39,unknown (not recorded),,inferred: laptop Windows (native),
protocol_C.jsonl:726,C,unet,NbhdPenalty@b=0.25,0.0681,573113591,0,oom,"oom: evictable pool empty, pinned 0.48 GB at depth 1",,481883540,1,1,0.0,60,1200,eff53cc4804cc7d6246a6e5086861ce2b846f62b,5209c39,unknown (not recorded),,inferred: laptop Windows (native),
protocol_C.jsonl:727,C,unet,TwoPhase@k=8,0.0681,573113591,0,oom,"oom: evictable pool empty, pinned 0.48 GB at depth 1",,481883540,1,1,0.0,60,1200,eff53cc4804cc7d6246a6e5086861ce2b846f62b,5209c39,unknown (not recorded),,inferred: laptop Windows (native),
protocol_C.jsonl:728,C,transformer,TwoPhase@k=8,0.5873,5793365282,0,ok,ok,1.078066625116786,766513720,1,7,5.37,60,1200,eff53cc4804cc7d6246a6e5086861ce2b846f62b,5209c39,unknown (not recorded),,inferred: laptop Windows (native),
protocol_C.jsonl:729,C,unet,DTR,0.0694,584054086,0,oom,"oom: evictable pool empty, pinned 0.48 GB at depth 1",,481883540,1,1,0.0,60,1200,eff53cc4804cc7d6246a6e5086861ce2b846f62b,5209c39,unknown (not recorded),,inferred: laptop Windows (native),
protocol_C.jsonl:730,C,unet,TwoPhase@k=8,0.0694,584054086,0,oom,"oom: evictable pool empty, pinned 0.48 GB at depth 1",,481883540,1,1,0.0,60,1200,eff53cc4804cc7d6246a6e5086861ce2b846f62b,5209c39,unknown (not recorded),,inferred: laptop Windows (native),
protocol_C.jsonl:731,C,unet,DTR,0.0729,613509263,0,oom,"oom: evictable pool empty, pinned 0.48 GB at depth 1",,481883540,1,1,0.0,60,1200,eff53cc4804cc7d6246a6e5086861ce2b846f62b,5209c39,unknown (not recorded),,inferred: laptop Windows (native),
protocol_C.jsonl:732,C,unet,NbhdPenalty@b=0.25,0.0694,584054086,0,oom,"oom: evictable pool empty, pinned 0.48 GB at depth 1",,481883540,1,1,0.0,60,1200,eff53cc4804cc7d6246a6e5086861ce2b846f62b,5209c39,unknown (not recorded),,inferred: laptop Windows (native),
protocol_C.jsonl:733,C,unet,NbhdPenalty@b=0.25,0.0729,613509263,0,oom,"oom: evictable pool empty, pinned 0.48 GB at depth 1",,481883540,1,1,0.0,60,1200,eff53cc4804cc7d6246a6e5086861ce2b846f62b,5209c39,unknown (not recorded),,inferred: laptop Windows (native),
protocol_C.jsonl:734,C,unet,DTR,0.0787,662320699,0,oom,"oom: evictable pool empty, pinned 0.48 GB at depth 1",,481883540,1,1,0.0,60,1200,eff53cc4804cc7d6246a6e5086861ce2b846f62b,5209c39,unknown (not recorded),,inferred: laptop Windows (native),
protocol_C.jsonl:735,C,unet,TwoPhase@k=8,0.0729,613509263,0,oom,"oom: evictable pool empty, pinned 0.48 GB at depth 1",,481883540,1,1,0.0,60,1200,eff53cc4804cc7d6246a6e5086861ce2b846f62b,5209c39,unknown (not recorded),,inferred: laptop Windows (native),
protocol_C.jsonl:736,C,unet,NbhdPenalty@b=0.25,0.0787,662320699,0,oom,"oom: evictable pool empty, pinned 0.48 GB at depth 1",,481883540,1,1,0.0,60,1200,eff53cc4804cc7d6246a6e5086861ce2b846f62b,5209c39,unknown (not recorded),,inferred: laptop Windows (native),
protocol_C.jsonl:737,C,unet,DTR,0.084,706924253,0,oom,"oom: evictable pool empty, pinned 0.48 GB at depth 1",,481883540,1,1,0.0,60,1200,eff53cc4804cc7d6246a6e5086861ce2b846f62b,5209c39,unknown (not recorded),,inferred: laptop Windows (native),
protocol_C.jsonl:738,C,unet,TwoPhase@k=8,0.0787,662320699,0,oom,"oom: evictable pool empty, pinned 0.48 GB at depth 1",,481883540,1,1,0.0,60,1200,eff53cc4804cc7d6246a6e5086861ce2b846f62b,5209c39,unknown (not recorded),,inferred: laptop Windows (native),
protocol_C.jsonl:739,C,unet,DTR,0.0882,742270466,0,oom,"oom: evictable pool empty, pinned 0.48 GB at depth 1",,481883540,1,1,0.0,60,1200,eff53cc4804cc7d6246a6e5086861ce2b846f62b,5209c39,unknown (not recorded),,inferred: laptop Windows (native),
protocol_C.jsonl:740,C,unet,TwoPhase@k=8,0.084,706924253,0,oom,"oom: evictable pool empty, pinned 0.48 GB at depth 1",,481883540,1,1,0.0,60,1200,eff53cc4804cc7d6246a6e5086861ce2b846f62b,5209c39,unknown (not recorded),,inferred: laptop Windows (native),
protocol_C.jsonl:741,C,unet,NbhdPenalty@b=0.25,0.084,706924253,0,oom,"oom: evictable pool empty, pinned 0.48 GB at depth 1",,481883540,1,1,0.0,60,1200,eff53cc4804cc7d6246a6e5086861ce2b846f62b,5209c39,unknown (not recorded),,inferred: laptop Windows (native),
protocol_C.jsonl:742,C,unet,DTR,0.0965,812121315,0,oom,"oom: evictable pool empty, pinned 0.48 GB at depth 1",,481883540,1,1,0.0,60,1200,eff53cc4804cc7d6246a6e5086861ce2b846f62b,5209c39,unknown (not recorded),,inferred: laptop Windows (native),
protocol_C.jsonl:743,C,unet,TwoPhase@k=8,0.0882,742270466,0,oom,"oom: evictable pool empty, pinned 0.48 GB at depth 1",,481883540,1,1,0.0,60,1200,eff53cc4804cc7d6246a6e5086861ce2b846f62b,5209c39,unknown (not recorded),,inferred: laptop Windows (native),
protocol_C.jsonl:744,C,unet,NbhdPenalty@b=0.25,0.0882,742270466,0,oom,"oom: evictable pool empty, pinned 0.48 GB at depth 1",,481883540,1,1,0.0,60,1200,eff53cc4804cc7d6246a6e5086861ce2b846f62b,5209c39,unknown (not recorded),,inferred: laptop Windows (native),
protocol_C.jsonl:745,C,unet,NbhdPenalty@b=0.25,0.0965,812121315,0,oom,"oom: evictable pool empty, pinned 0.48 GB at depth 1",,481883540,1,1,0.0,60,1200,eff53cc4804cc7d6246a6e5086861ce2b846f62b,5209c39,unknown (not recorded),,inferred: laptop Windows (native),
protocol_C.jsonl:746,C,unet,TwoPhase@k=8,0.0965,812121315,0,oom,"oom: evictable pool empty, pinned 0.48 GB at depth 1",,481883540,1,1,0.0,60,1200,eff53cc4804cc7d6246a6e5086861ce2b846f62b,5209c39,unknown (not recorded),,inferred: laptop Windows (native),
protocol_C.jsonl:747,C,unet,DTR,0.0992,834843880,0,oom,"oom: evictable pool empty, pinned 0.48 GB at depth 1",,481883540,1,1,0.0,60,1200,eff53cc4804cc7d6246a6e5086861ce2b846f62b,5209c39,unknown (not recorded),,inferred: laptop Windows (native),
protocol_C.jsonl:748,C,unet,TwoPhase@k=8,0.0992,834843880,0,oom,"oom: evictable pool empty, pinned 0.48 GB at depth 1",,481883540,1,1,0.0,60,1200,eff53cc4804cc7d6246a6e5086861ce2b846f62b,5209c39,unknown (not recorded),,inferred: laptop Windows (native),
protocol_C.jsonl:749,C,unet,NbhdPenalty@b=0.25,0.0992,834843880,0,oom,"oom: evictable pool empty, pinned 0.48 GB at depth 1",,481883540,1,1,0.0,60,1200,eff53cc4804cc7d6246a6e5086861ce2b846f62b,5209c39,unknown (not recorded),,inferred: laptop Windows (native),
protocol_C.jsonl:750,C,unet,DTR,0.1093,919843106,0,oom,"oom: evictable pool empty, pinned 0.68 GB at depth 17",,676132356,17,18,0.01,60,1200,eff53cc4804cc7d6246a6e5086861ce2b846f62b,5209c39,unknown (not recorded),,inferred: laptop Windows (native),
protocol_C.jsonl:751,C,unet,TwoPhase@k=8,0.1093,919843106,0,oom,"oom: evictable pool empty, pinned 0.68 GB at depth 17",,676132356,17,18,0.01,60,1200,eff53cc4804cc7d6246a6e5086861ce2b846f62b,5209c39,unknown (not recorded),,inferred: laptop Windows (native),
protocol_C.jsonl:752,C,unet,NbhdPenalty@b=0.25,0.1093,919843106,0,oom,"oom: evictable pool empty, pinned 0.68 GB at depth 17",,676132356,17,18,0.01,60,1200,eff53cc4804cc7d6246a6e5086861ce2b846f62b,5209c39,unknown (not recorded),,inferred: laptop Windows (native),
protocol_C.jsonl:753,C,unet,DTR,0.1083,911427341,0,oom,"oom: evictable pool empty, pinned 0.68 GB at depth 17",,676132356,17,18,0.01,60,1200,eff53cc4804cc7d6246a6e5086861ce2b846f62b,5209c39,unknown (not recorded),,inferred: laptop Windows (native),
protocol_C.jsonl:754,C,unet,TwoPhase@k=8,0.1083,911427341,0,oom,"oom: evictable pool empty, pinned 0.68 GB at depth 17",,676132356,17,18,0.01,60,1200,eff53cc4804cc7d6246a6e5086861ce2b846f62b,5209c39,unknown (not recorded),,inferred: laptop Windows (native),
protocol_C.jsonl:755,C,unet,DTR,0.1154,971179272,0,oom,"oom: evictable pool empty, pinned 0.68 GB at depth 17",,676132356,17,18,0.01,60,1200,eff53cc4804cc7d6246a6e5086861ce2b846f62b,5209c39,unknown (not recorded),,inferred: laptop Windows (native),
protocol_C.jsonl:756,C,unet,NbhdPenalty@b=0.25,0.1083,911427341,0,oom,"oom: evictable pool empty, pinned 0.68 GB at depth 17",,676132356,17,18,0.01,60,1200,eff53cc4804cc7d6246a6e5086861ce2b846f62b,5209c39,unknown (not recorded),,inferred: laptop Windows (native),
protocol_C.jsonl:757,C,unet,DTR,0.1103,928258871,0,oom,"oom: evictable pool empty, pinned 0.68 GB at depth 17",,676132356,17,18,0.01,60,1200,eff53cc4804cc7d6246a6e5086861ce2b846f62b,5209c39,unknown (not recorded),,inferred: laptop Windows (native),
protocol_C.jsonl:758,C,unet,TwoPhase@k=8,0.1154,971179272,0,oom,"oom: evictable pool empty, pinned 0.68 GB at depth 17",,676132356,17,18,0.01,60,1200,eff53cc4804cc7d6246a6e5086861ce2b846f62b,5209c39,unknown (not recorded),,inferred: laptop Windows (native),
protocol_C.jsonl:759,C,unet,NbhdPenalty@b=0.25,0.1154,971179272,0,oom,"oom: evictable pool empty, pinned 0.68 GB at depth 17",,676132356,17,18,0.01,60,1200,eff53cc4804cc7d6246a6e5086861ce2b846f62b,5209c39,unknown (not recorded),,inferred: laptop Windows (native),
protocol_C.jsonl:760,C,unet,TwoPhase@k=8,0.1103,928258871,0,oom,"oom: evictable pool empty, pinned 0.68 GB at depth 17",,676132356,17,18,0.01,60,1200,eff53cc4804cc7d6246a6e5086861ce2b846f62b,5209c39,unknown (not recorded),,inferred: laptop Windows (native),
protocol_C.jsonl:761,C,unet,DTR,0.1207,1015782826,0,oom,"oom: evictable pool empty, pinned 0.68 GB at depth 17",,676132356,17,18,0.01,60,1200,eff53cc4804cc7d6246a6e5086861ce2b846f62b,5209c39,unknown (not recorded),,inferred: laptop Windows (native),
protocol_C.jsonl:762,C,unet,NbhdPenalty@b=0.25,0.1103,928258871,0,oom,"oom: evictable pool empty, pinned 0.68 GB at depth 17",,676132356,17,18,0.01,60,1200,eff53cc4804cc7d6246a6e5086861ce2b846f62b,5209c39,unknown (not recorded),,inferred: laptop Windows (native),
protocol_C.jsonl:763,C,unet,NbhdPenalty@b=0.25,0.1207,1015782826,0,oom,"oom: evictable pool empty, pinned 0.68 GB at depth 17",,676132356,17,18,0.01,60,1200,eff53cc4804cc7d6246a6e5086861ce2b846f62b,5209c39,unknown (not recorded),,inferred: laptop Windows (native),
protocol_C.jsonl:764,C,unet,TwoPhase@k=8,0.1207,1015782826,0,oom,"oom: evictable pool empty, pinned 0.68 GB at depth 17",,676132356,17,18,0.01,60,1200,eff53cc4804cc7d6246a6e5086861ce2b846f62b,5209c39,unknown (not recorded),,inferred: laptop Windows (native),
protocol_C.jsonl:765,C,unet,DTR,0.1273,1071326875,0,oom,"oom: evictable pool empty, pinned 0.87 GB at depth 8",,870381076,8,18,0.02,60,1200,eff53cc4804cc7d6246a6e5086861ce2b846f62b,5209c39,unknown (not recorded),,inferred: laptop Windows (native),
protocol_C.jsonl:766,C,unet,TwoPhase@k=8,0.1273,1071326875,0,oom,"oom: evictable pool empty, pinned 0.87 GB at depth 8",,870381076,8,18,0.01,60,1200,eff53cc4804cc7d6246a6e5086861ce2b846f62b,5209c39,unknown (not recorded),,inferred: laptop Windows (native),
protocol_C.jsonl:767,C,unet,NbhdPenalty@b=0.25,0.1273,1071326875,0,oom,"oom: evictable pool empty, pinned 0.87 GB at depth 8",,870381076,8,9,0.01,60,1200,eff53cc4804cc7d6246a6e5086861ce2b846f62b,5209c39,unknown (not recorded),,inferred: laptop Windows (native),
protocol_C.jsonl:768,C,unet,DTR,0.1391,1170632901,0,oom,"oom: evictable pool empty, pinned 0.87 GB at depth 8",,870381076,8,18,0.02,60,1200,eff53cc4804cc7d6246a6e5086861ce2b846f62b,5209c39,unknown (not recorded),,inferred: laptop Windows (native),
protocol_C.jsonl:769,C,unet,TwoPhase@k=8,0.1391,1170632901,0,oom,"oom: evictable pool empty, pinned 0.87 GB at depth 8",,870381076,8,18,0.01,60,1200,eff53cc4804cc7d6246a6e5086861ce2b846f62b,5209c39,unknown (not recorded),,inferred: laptop Windows (native),
protocol_C.jsonl:770,C,unet,NbhdPenalty@b=0.25,0.1391,1170632901,0,oom,"oom: evictable pool empty, pinned 0.87 GB at depth 8",,870381076,8,18,0.02,60,1200,eff53cc4804cc7d6246a6e5086861ce2b846f62b,5209c39,unknown (not recorded),,inferred: laptop Windows (native),
protocol_C.jsonl:771,C,unet,DTR,0.1397,1175682360,0,oom,"oom: evictable pool empty, pinned 0.87 GB at depth 8",,870381076,8,18,0.02,60,1200,eff53cc4804cc7d6246a6e5086861ce2b846f62b,5209c39,unknown (not recorded),,inferred: laptop Windows (native),
protocol_C.jsonl:772,C,unet,NbhdPenalty@b=0.25,0.1397,1175682360,0,oom,"oom: evictable pool empty, pinned 0.87 GB at depth 8",,870381076,8,18,0.02,60,1200,eff53cc4804cc7d6246a6e5086861ce2b846f62b,5209c39,unknown (not recorded),,inferred: laptop Windows (native),
protocol_C.jsonl:773,C,unet,TwoPhase@k=8,0.1397,1175682360,0,oom,"oom: evictable pool empty, pinned 0.87 GB at depth 8",,870381076,8,18,0.01,60,1200,eff53cc4804cc7d6246a6e5086861ce2b846f62b,5209c39,unknown (not recorded),,inferred: laptop Windows (native),
protocol_C.jsonl:774,C,unet,DTR,0.1436,1208503843,0,oom,"oom: evictable pool empty, pinned 0.87 GB at depth 8",,870381076,8,18,0.02,60,1200,eff53cc4804cc7d6246a6e5086861ce2b846f62b,5209c39,unknown (not recorded),,inferred: laptop Windows (native),
protocol_C.jsonl:775,C,unet,NbhdPenalty@b=0.25,0.1436,1208503843,0,oom,"oom: evictable pool empty, pinned 0.87 GB at depth 8",,870381076,8,18,0.01,60,1200,eff53cc4804cc7d6246a6e5086861ce2b846f62b,5209c39,unknown (not recorded),,inferred: laptop Windows (native),
protocol_C.jsonl:776,C,unet,TwoPhase@k=8,0.1436,1208503843,0,oom,"oom: evictable pool empty, pinned 0.87 GB at depth 8",,870381076,8,18,0.01,60,1200,eff53cc4804cc7d6246a6e5086861ce2b846f62b,5209c39,unknown (not recorded),,inferred: laptop Windows (native),
protocol_C.jsonl:777,C,unet,DTR,0.146,1228701679,0,oom,"oom: evictable pool empty, pinned 0.87 GB at depth 8",,870381076,8,18,0.02,60,1200,eff53cc4804cc7d6246a6e5086861ce2b846f62b,5209c39,unknown (not recorded),,inferred: laptop Windows (native),
protocol_C.jsonl:778,C,unet,TwoPhase@k=8,0.146,1228701679,0,oom,"oom: evictable pool empty, pinned 0.87 GB at depth 8",,870381076,8,18,0.02,60,1200,eff53cc4804cc7d6246a6e5086861ce2b846f62b,5209c39,unknown (not recorded),,inferred: laptop Windows (native),
protocol_C.jsonl:779,C,unet,NbhdPenalty@b=0.25,0.146,1228701679,0,oom,"oom: evictable pool empty, pinned 0.87 GB at depth 8",,870381076,8,18,0.02,60,1200,eff53cc4804cc7d6246a6e5086861ce2b846f62b,5209c39,unknown (not recorded),,inferred: laptop Windows (native),
protocol_C.jsonl:780,C,unet,DTR,0.1597,1343997659,0,oom,"oom: evictable pool empty, pinned 0.87 GB at depth 1",,870381076,8,18,0.02,60,1200,eff53cc4804cc7d6246a6e5086861ce2b846f62b,5209c39,unknown (not recorded),,inferred: laptop Windows (native),
protocol_C.jsonl:781,C,unet,TwoPhase@k=8,0.1597,1343997659,0,oom,"oom: evictable pool empty, pinned 0.87 GB at depth 1",,870381076,8,18,0.01,60,1200,eff53cc4804cc7d6246a6e5086861ce2b846f62b,5209c39,unknown (not recorded),,inferred: laptop Windows (native),
protocol_C.jsonl:782,C,unet,NbhdPenalty@b=0.25,0.1597,1343997659,0,oom,"oom: evictable pool empty, pinned 0.87 GB at depth 1",,870381076,8,9,0.02,60,1200,eff53cc4804cc7d6246a6e5086861ce2b846f62b,5209c39,unknown (not recorded),,inferred: laptop Windows (native),
protocol_C.jsonl:783,C,unet,DTR,0.1575,1325482976,0,oom,"oom: evictable pool empty, pinned 0.87 GB at depth 1",,870381076,8,18,0.02,60,1200,eff53cc4804cc7d6246a6e5086861ce2b846f62b,5209c39,unknown (not recorded),,inferred: laptop Windows (native),
protocol_C.jsonl:784,C,unet,TwoPhase@k=8,0.1575,1325482976,0,oom,"oom: evictable pool empty, pinned 0.87 GB at depth 1",,870381076,8,18,0.01,60,1200,eff53cc4804cc7d6246a6e5086861ce2b846f62b,5209c39,unknown (not recorded),,inferred: laptop Windows (native),
protocol_C.jsonl:785,C,unet,NbhdPenalty@b=0.25,0.1575,1325482976,0,oom,"oom: evictable pool empty, pinned 0.87 GB at depth 1",,870381076,8,9,0.02,60,1200,eff53cc4804cc7d6246a6e5086861ce2b846f62b,5209c39,unknown (not recorded),,inferred: laptop Windows (native),
protocol_C.jsonl:786,C,unet,DTR,0.1656,1393650672,0,oom,"oom: evictable pool empty, pinned 0.87 GB at depth 1",,870381076,8,9,0.02,60,1200,eff53cc4804cc7d6246a6e5086861ce2b846f62b,5209c39,unknown (not recorded),,inferred: laptop Windows (native),
protocol_C.jsonl:787,C,unet,TwoPhase@k=8,0.1656,1393650672,0,oom,"oom: evictable pool empty, pinned 0.87 GB at depth 1",,870381076,8,18,0.01,60,1200,eff53cc4804cc7d6246a6e5086861ce2b846f62b,5209c39,unknown (not recorded),,inferred: laptop Windows (native),
protocol_C.jsonl:788,C,unet,NbhdPenalty@b=0.25,0.1656,1393650672,0,oom,"oom: evictable pool empty, pinned 0.87 GB at depth 1",,870381076,8,9,0.02,60,1200,eff53cc4804cc7d6246a6e5086861ce2b846f62b,5209c39,unknown (not recorded),,inferred: laptop Windows (native),
protocol_C.jsonl:789,C,unet,DTR,0.1604,1349888694,0,oom,"oom: evictable pool empty, pinned 0.87 GB at depth 1",,870381076,8,18,0.02,60,1200,eff53cc4804cc7d6246a6e5086861ce2b846f62b,5209c39,unknown (not recorded),,inferred: laptop Windows (native),
protocol_C.jsonl:790,C,unet,TwoPhase@k=8,0.1604,1349888694,0,oom,"oom: evictable pool empty, pinned 0.87 GB at depth 1",,870381076,8,18,0.01,60,1200,eff53cc4804cc7d6246a6e5086861ce2b846f62b,5209c39,unknown (not recorded),,inferred: laptop Windows (native),
protocol_C.jsonl:791,C,unet,NbhdPenalty@b=0.25,0.1604,1349888694,0,oom,"oom: evictable pool empty, pinned 0.87 GB at depth 1",,870381076,8,9,0.02,60,1200,eff53cc4804cc7d6246a6e5086861ce2b846f62b,5209c39,unknown (not recorded),,inferred: laptop Windows (native),
protocol_C.jsonl:792,C,unet,DTR,0.1706,1435729496,0,oom,"oom: evictable pool empty, pinned 0.87 GB at depth 1",,870381076,8,9,0.02,60,1200,eff53cc4804cc7d6246a6e5086861ce2b846f62b,5209c39,unknown (not recorded),,inferred: laptop Windows (native),
protocol_C.jsonl:793,C,unet,TwoPhase@k=8,0.1706,1435729496,0,oom,"oom: evictable pool empty, pinned 0.87 GB at depth 1",,870381076,8,18,0.01,60,1200,eff53cc4804cc7d6246a6e5086861ce2b846f62b,5209c39,unknown (not recorded),,inferred: laptop Windows (native),
protocol_C.jsonl:794,C,unet,NbhdPenalty@b=0.25,0.1706,1435729496,0,oom,"oom: evictable pool empty, pinned 0.87 GB at depth 1",,870381076,8,9,0.02,60,1200,eff53cc4804cc7d6246a6e5086861ce2b846f62b,5209c39,unknown (not recorded),,inferred: laptop Windows (native),
protocol_C.jsonl:795,C,unet,DTR,0.1764,1484540933,0,oom,"oom: evictable pool empty, pinned 0.87 GB at depth 1",,870381076,8,9,0.02,60,1200,eff53cc4804cc7d6246a6e5086861ce2b846f62b,5209c39,unknown (not recorded),,inferred: laptop Windows (native),
protocol_C.jsonl:796,C,unet,TwoPhase@k=8,0.1764,1484540933,0,oom,"oom: evictable pool empty, pinned 0.87 GB at depth 1",,870381076,8,18,0.01,60,1200,eff53cc4804cc7d6246a6e5086861ce2b846f62b,5209c39,unknown (not recorded),,inferred: laptop Windows (native),
protocol_C.jsonl:797,C,unet,NbhdPenalty@b=0.25,0.1764,1484540933,0,oom,"oom: evictable pool empty, pinned 0.87 GB at depth 1",,870381076,8,9,0.02,60,1200,eff53cc4804cc7d6246a6e5086861ce2b846f62b,5209c39,unknown (not recorded),,inferred: laptop Windows (native),
protocol_C.jsonl:798,C,unet,DTR,0.1811,1524095028,0,oom,"oom: evictable pool empty, pinned 0.87 GB at depth 1",,870381076,8,9,0.02,60,1200,eff53cc4804cc7d6246a6e5086861ce2b846f62b,5209c39,unknown (not recorded),,inferred: laptop Windows (native),
protocol_C.jsonl:799,C,unet,TwoPhase@k=8,0.1811,1524095028,0,oom,"oom: evictable pool empty, pinned 0.87 GB at depth 1",,870381076,8,18,0.01,60,1200,eff53cc4804cc7d6246a6e5086861ce2b846f62b,5209c39,unknown (not recorded),,inferred: laptop Windows (native),
protocol_C.jsonl:800,C,unet,NbhdPenalty@b=0.25,0.1811,1524095028,0,oom,"oom: evictable pool empty, pinned 0.87 GB at depth 1",,870381076,8,9,0.02,60,1200,eff53cc4804cc7d6246a6e5086861ce2b846f62b,5209c39,unknown (not recorded),,inferred: laptop Windows (native),
protocol_C.jsonl:801,C,unet,DTR,0.1823,1534193946,0,oom,"oom: evictable pool empty, pinned 0.87 GB at depth 1",,870381076,8,9,0.02,60,1200,eff53cc4804cc7d6246a6e5086861ce2b846f62b,5209c39,unknown (not recorded),,inferred: laptop Windows (native),
protocol_C.jsonl:802,C,unet,TwoPhase@k=8,0.1823,1534193946,0,oom,"oom: evictable pool empty, pinned 0.87 GB at depth 1",,870381076,8,18,0.01,60,1200,eff53cc4804cc7d6246a6e5086861ce2b846f62b,5209c39,unknown (not recorded),,inferred: laptop Windows (native),
protocol_C.jsonl:803,C,unet,NbhdPenalty@b=0.25,0.1823,1534193946,0,oom,"oom: evictable pool empty, pinned 0.87 GB at depth 1",,870381076,8,9,0.02,60,1200,eff53cc4804cc7d6246a6e5086861ce2b846f62b,5209c39,unknown (not recorded),,inferred: laptop Windows (native),
protocol_C.jsonl:804,C,unet,DTR,0.1979,1665479879,0,oom,"oom: evictable pool empty, pinned 1.26 GB at depth 4",,1258879012,38,48,0.06,60,1200,eff53cc4804cc7d6246a6e5086861ce2b846f62b,5209c39,unknown (not recorded),,inferred: laptop Windows (native),
protocol_C.jsonl:805,C,unet,TwoPhase@k=8,0.1979,1665479879,0,oom,"oom: evictable pool empty, pinned 1.26 GB at depth 6",,1258878500,40,50,0.04,60,1200,eff53cc4804cc7d6246a6e5086861ce2b846f62b,5209c39,unknown (not recorded),,inferred: laptop Windows (native),
protocol_C.jsonl:806,C,unet,NbhdPenalty@b=0.25,0.1979,1665479879,0,oom,"oom: evictable pool empty, pinned 1.26 GB at depth 8",,1258879012,42,52,0.07,60,1200,eff53cc4804cc7d6246a6e5086861ce2b846f62b,5209c39,unknown (not recorded),,inferred: laptop Windows (native),
protocol_C.jsonl:807,C,transformer,TwoPhase@k=8,0.5924,5843673749,0,ok,ok,1.0797312362374225,766513720,1,7,5.49,60,1200,eff53cc4804cc7d6246a6e5086861ce2b846f62b,5209c39,unknown (not recorded),,inferred: laptop Windows (native),
protocol_C.jsonl:808,C,unet,DTR,0.1969,1657064114,0,oom,"oom: evictable pool empty, pinned 1.26 GB at depth 4",,1258879012,38,48,0.07,60,1200,eff53cc4804cc7d6246a6e5086861ce2b846f62b,5209c39,unknown (not recorded),,inferred: laptop Windows (native),
protocol_C.jsonl:809,C,unet,NbhdPenalty@b=0.25,0.1969,1657064114,0,oom,"oom: evictable pool empty, pinned 1.26 GB at depth 8",,1258879012,42,52,0.06,60,1200,eff53cc4804cc7d6246a6e5086861ce2b846f62b,5209c39,unknown (not recorded),,inferred: laptop Windows (native),
protocol_C.jsonl:810,C,unet,TwoPhase@k=8,0.1969,1657064114,0,oom,"oom: evictable pool empty, pinned 1.26 GB at depth 6",,1258878500,40,50,0.04,60,1200,eff53cc4804cc7d6246a6e5086861ce2b846f62b,5209c39,unknown (not recorded),,inferred: laptop Windows (native),
protocol_C.jsonl:811,C,unet,DTR,0.2045,1721023927,0,oom,"oom: evictable pool empty, pinned 1.26 GB at depth 2",,1258878500,25,33,0.04,60,1200,eff53cc4804cc7d6246a6e5086861ce2b846f62b,5209c39,unknown (not recorded),,inferred: laptop Windows (native),
protocol_C.jsonl:812,C,unet,NbhdPenalty@b=0.25,0.2045,1721023927,0,oom,"oom: evictable pool empty, pinned 1.26 GB at depth 8",,1258879012,20,28,0.02,60,1200,eff53cc4804cc7d6246a6e5086861ce2b846f62b,5209c39,unknown (not recorded),,inferred: laptop Windows (native),
protocol_C.jsonl:813,C,unet,TwoPhase@k=8,0.2045,1721023927,0,oom,"oom: evictable pool empty, pinned 1.26 GB at depth 6",,1258878500,40,50,0.04,60,1200,eff53cc4804cc7d6246a6e5086861ce2b846f62b,5209c39,unknown (not recorded),,inferred: laptop Windows (native),
protocol_C.jsonl:814,C,unet,DTR,0.201,1691568750,0,oom,"oom: evictable pool empty, pinned 1.26 GB at depth 2",,1258878500,25,33,0.04,60,1200,eff53cc4804cc7d6246a6e5086861ce2b846f62b,5209c39,unknown (not recorded),,inferred: laptop Windows (native),
protocol_C.jsonl:815,C,unet,NbhdPenalty@b=0.25,0.201,1691568750,0,oom,"oom: evictable pool empty, pinned 1.26 GB at depth 2",,1258878500,25,33,0.05,60,1200,eff53cc4804cc7d6246a6e5086861ce2b846f62b,5209c39,unknown (not recorded),,inferred: laptop Windows (native),
protocol_C.jsonl:816,C,unet,TwoPhase@k=8,0.201,1691568750,0,oom,"oom: evictable pool empty, pinned 1.26 GB at depth 6",,1258878500,40,50,0.03,60,1200,eff53cc4804cc7d6246a6e5086861ce2b846f62b,5209c39,unknown (not recorded),,inferred: laptop Windows (native),
protocol_C.jsonl:817,C,unet,NbhdPenalty@b=0.25,0.2149,1808547883,0,oom,"oom: evictable pool empty, pinned 1.26 GB at depth 8",,1258879012,31,32,0.03,60,1200,eff53cc4804cc7d6246a6e5086861ce2b846f62b,5209c39,unknown (not recorded),,inferred: laptop Windows (native),
protocol_C.jsonl:818,C,unet,DTR,0.2149,1808547883,0,oom,"oom: evictable pool empty, pinned 1.26 GB at depth 2",,1258878500,25,28,0.03,60,1200,eff53cc4804cc7d6246a6e5086861ce2b846f62b,5209c39,unknown (not recorded),,inferred: laptop Windows (native),
protocol_C.jsonl:819,C,unet,TwoPhase@k=8,0.2149,1808547883,0,oom,"oom: evictable pool empty, pinned 1.26 GB at depth 6",,1258878500,7,18,0.01,60,1200,eff53cc4804cc7d6246a6e5086861ce2b846f62b,5209c39,unknown (not recorded),,inferred: laptop Windows (native),
protocol_C.jsonl:820,C,unet,DTR,0.2187,1840527789,0,oom,"oom: evictable pool empty, pinned 1.26 GB at depth 6",,1258878500,7,14,0.03,60,1200,eff53cc4804cc7d6246a6e5086861ce2b846f62b,5209c39,unknown (not recorded),,inferred: laptop Windows (native),
protocol_C.jsonl:821,C,unet,TwoPhase@k=8,0.2187,1840527789,0,oom,"oom: evictable pool empty, pinned 1.26 GB at depth 6",,1258878500,7,14,0.01,60,1200,eff53cc4804cc7d6246a6e5086861ce2b846f62b,5209c39,unknown (not recorded),,inferred: laptop Windows (native),
protocol_C.jsonl:822,C,unet,NbhdPenalty@b=0.25,0.2187,1840527789,0,oom,"oom: evictable pool empty, pinned 1.26 GB at depth 2",,1258878500,14,22,0.03,60,1200,eff53cc4804cc7d6246a6e5086861ce2b846f62b,5209c39,unknown (not recorded),,inferred: laptop Windows (native),
protocol_C.jsonl:823,C,unet,DTR,0.2242,1886814496,0,oom,"oom: evictable pool empty, pinned 1.26 GB at depth 2",,1258878500,14,22,0.03,60,1200,eff53cc4804cc7d6246a6e5086861ce2b846f62b,5209c39,unknown (not recorded),,inferred: laptop Windows (native),
protocol_C.jsonl:824,C,unet,NbhdPenalty@b=0.25,0.2242,1886814496,0,oom,"oom: evictable pool empty, pinned 1.26 GB at depth 2",,1258878500,14,22,0.03,60,1200,eff53cc4804cc7d6246a6e5086861ce2b846f62b,5209c39,unknown (not recorded),,inferred: laptop Windows (native),
protocol_C.jsonl:825,C,unet,TwoPhase@k=8,0.2242,1886814496,0,oom,"oom: evictable pool empty, pinned 1.26 GB at depth 6",,1258878500,7,14,0.01,60,1200,eff53cc4804cc7d6246a6e5086861ce2b846f62b,5209c39,unknown (not recorded),,inferred: laptop Windows (native),
protocol_C.jsonl:826,C,unet,DTR,0.2209,1859042472,0,oom,"oom: evictable pool empty, pinned 1.26 GB at depth 2",,1258878500,25,28,0.03,60,1200,eff53cc4804cc7d6246a6e5086861ce2b846f62b,5209c39,unknown (not recorded),,inferred: laptop Windows (native),
protocol_C.jsonl:827,C,unet,NbhdPenalty@b=0.25,0.2209,1859042472,0,oom,"oom: evictable pool empty, pinned 1.26 GB at depth 2",,1258878500,14,22,0.03,60,1200,eff53cc4804cc7d6246a6e5086861ce2b846f62b,5209c39,unknown (not recorded),,inferred: laptop Windows (native),
protocol_C.jsonl:828,C,unet,TwoPhase@k=8,0.2209,1859042472,0,oom,"oom: evictable pool empty, pinned 1.26 GB at depth 6",,1258878500,7,14,0.01,60,1200,eff53cc4804cc7d6246a6e5086861ce2b846f62b,5209c39,unknown (not recorded),,inferred: laptop Windows (native),
protocol_C.jsonl:829,C,unet,DTR,0.2352,1979387911,0,oom,"oom: evictable pool empty, pinned 1.26 GB at depth 2",,1258878500,3,10,0.02,60,1200,eff53cc4804cc7d6246a6e5086861ce2b846f62b,5209c39,unknown (not recorded),,inferred: laptop Windows (native),
protocol_C.jsonl:830,C,unet,NbhdPenalty@b=0.25,0.2352,1979387911,0,oom,"oom: evictable pool empty, pinned 1.26 GB at depth 8",,1258879012,9,12,0.02,60,1200,eff53cc4804cc7d6246a6e5086861ce2b846f62b,5209c39,unknown (not recorded),,inferred: laptop Windows (native),
protocol_C.jsonl:831,C,unet,TwoPhase@k=8,0.2352,1979387911,0,oom,"oom: evictable pool empty, pinned 1.26 GB at depth 6",,1258878500,29,37,0.02,60,1200,eff53cc4804cc7d6246a6e5086861ce2b846f62b,5209c39,unknown (not recorded),,inferred: laptop Windows (native),
protocol_C.jsonl:832,C,unet,DTR,0.2306,1940675392,0,oom,"oom: evictable pool empty, pinned 1.26 GB at depth 6",,1258878500,7,14,0.02,60,1200,eff53cc4804cc7d6246a6e5086861ce2b846f62b,5209c39,unknown (not recorded),,inferred: laptop Windows (native),
protocol_C.jsonl:833,C,unet,NbhdPenalty@b=0.25,0.2306,1940675392,0,oom,"oom: evictable pool empty, pinned 1.26 GB at depth 8",,1258879012,9,12,0.02,60,1200,eff53cc4804cc7d6246a6e5086861ce2b846f62b,5209c39,unknown (not recorded),,inferred: laptop Windows (native),
protocol_C.jsonl:834,C,unet,TwoPhase@k=8,0.2306,1940675392,0,oom,"oom: evictable pool empty, pinned 1.26 GB at depth 2",,1258878500,3,10,0.02,60,1200,eff53cc4804cc7d6246a6e5086861ce2b846f62b,5209c39,unknown (not recorded),,inferred: laptop Windows (native),
protocol_C.jsonl:835,C,unet,DTR,0.2401,2020625159,0,oom,"oom: evictable pool empty, pinned 1.26 GB at depth 2",,1258878500,3,10,0.02,60,1200,eff53cc4804cc7d6246a6e5086861ce2b846f62b,5209c39,unknown (not recorded),,inferred: laptop Windows (native),
protocol_C.jsonl:836,C,unet,TwoPhase@k=8,0.2432,2046714030,0,oom,"oom: evictable pool empty, pinned 2.04 GB at depth 7",,2035873316,7,43,0.14,60,1200,eff53cc4804cc7d6246a6e5086861ce2b846f62b,5209c39,unknown (not recorded),,inferred: laptop Windows (native),
protocol_C.jsonl:837,C,unet,DTR,0.2432,2046714030,0,oom,"oom: evictable pool empty, pinned 2.04 GB at depth 7",,2035873316,7,43,0.22,60,1200,eff53cc4804cc7d6246a6e5086861ce2b846f62b,5209c39,unknown (not recorded),,inferred: laptop Windows (native),
protocol_C.jsonl:838,C,unet,NbhdPenalty@b=0.25,0.2401,2020625159,0,oom,"oom: evictable pool empty, pinned 1.26 GB at depth 8",,1258879012,9,12,0.02,60,1200,eff53cc4804cc7d6246a6e5086861ce2b846f62b,5209c39,unknown (not recorded),,inferred: laptop Windows (native),
protocol_C.jsonl:839,C,unet,NbhdPenalty@b=0.25,0.2432,2046714030,0,oom,"oom: evictable pool empty, pinned 2.04 GB at depth 7",,2035873316,7,46,0.26,60,1200,eff53cc4804cc7d6246a6e5086861ce2b846f62b,5209c39,unknown (not recorded),,inferred: laptop Windows (native),
protocol_C.jsonl:840,C,unet,TwoPhase@k=8,0.2401,2020625159,0,oom,"oom: evictable pool empty, pinned 1.26 GB at depth 2",,1258878500,3,12,0.01,60,1200,eff53cc4804cc7d6246a6e5086861ce2b846f62b,5209c39,unknown (not recorded),,inferred: laptop Windows (native),
protocol_C.jsonl:841,C,unet,DTR,0.2565,2158643704,0,oom,"oom: evictable pool empty, pinned 2.04 GB at depth 7",,2035873316,7,37,0.19,60,1200,eff53cc4804cc7d6246a6e5086861ce2b846f62b,5209c39,unknown (not recorded),,inferred: laptop Windows (native),
protocol_C.jsonl:842,C,unet,NbhdPenalty@b=0.25,0.2565,2158643704,0,oom,"oom: evictable pool empty, pinned 2.04 GB at depth 7",,2035873316,7,27,0.22,60,1200,eff53cc4804cc7d6246a6e5086861ce2b846f62b,5209c39,unknown (not recorded),,inferred: laptop Windows (native),
protocol_C.jsonl:843,C,unet,TwoPhase@k=8,0.2565,2158643704,0,oom,"oom: evictable pool empty, pinned 2.04 GB at depth 7",,2035873316,7,39,0.15,60,1200,eff53cc4804cc7d6246a6e5086861ce2b846f62b,5209c39,unknown (not recorded),,inferred: laptop Windows (native),
protocol_C.jsonl:844,C,unet,DTR,0.2536,2134237985,0,oom,"oom: evictable pool empty, pinned 2.04 GB at depth 7",,2035873316,7,39,0.19,60,1200,eff53cc4804cc7d6246a6e5086861ce2b846f62b,5209c39,unknown (not recorded),,inferred: laptop Windows (native),
protocol_C.jsonl:845,C,unet,TwoPhase@k=8,0.2536,2134237985,0,oom,"oom: evictable pool empty, pinned 2.04 GB at depth 7",,2035873316,7,39,0.15,60,1200,eff53cc4804cc7d6246a6e5086861ce2b846f62b,5209c39,unknown (not recorded),,inferred: laptop Windows (native),
protocol_C.jsonl:846,C,unet,NbhdPenalty@b=0.25,0.2536,2134237985,0,oom,"oom: evictable pool empty, pinned 2.04 GB at depth 7",,2035873316,7,27,0.21,60,1200,eff53cc4804cc7d6246a6e5086861ce2b846f62b,5209c39,unknown (not recorded),,inferred: laptop Windows (native),
protocol_C.jsonl:847,C,unet,DTR,0.2657,2236068741,0,oom,"oom: evictable pool empty, pinned 2.04 GB at depth 7",,2035873316,7,26,0.19,60,1200,eff53cc4804cc7d6246a6e5086861ce2b846f62b,5209c39,unknown (not recorded),,inferred: laptop Windows (native),
protocol_C.jsonl:848,C,unet,NbhdPenalty@b=0.25,0.2657,2236068741,0,oom,"oom: evictable pool empty, pinned 2.04 GB at depth 7",,2035873316,7,26,0.18,60,1200,eff53cc4804cc7d6246a6e5086861ce2b846f62b,5209c39,unknown (not recorded),,inferred: laptop Windows (native),
protocol_C.jsonl:849,C,unet,DTR,0.2666,2243642929,0,oom,"oom: evictable pool empty, pinned 2.04 GB at depth 7",,2035873316,7,26,0.2,60,1200,eff53cc4804cc7d6246a6e5086861ce2b846f62b,5209c39,unknown (not recorded),,inferred: laptop Windows (native),
protocol_C.jsonl:850,C,unet,TwoPhase@k=8,0.2657,2236068741,0,oom,"oom: evictable pool empty, pinned 1.94 GB at depth 14",,1938748964,14,39,0.24,60,1200,eff53cc4804cc7d6246a6e5086861ce2b846f62b,5209c39,unknown (not recorded),,inferred: laptop Windows (native),
protocol_C.jsonl:851,C,unet,NbhdPenalty@b=0.25,0.2666,2243642929,0,oom,"oom: evictable pool empty, pinned 2.04 GB at depth 7",,2035873316,7,26,0.2,60,1200,eff53cc4804cc7d6246a6e5086861ce2b846f62b,5209c39,unknown (not recorded),,inferred: laptop Windows (native),
protocol_C.jsonl:852,C,unet,TwoPhase@k=8,0.2666,2243642929,0,oom,"oom: evictable pool empty, pinned 1.94 GB at depth 14",,1938748964,14,39,0.21,60,1200,eff53cc4804cc7d6246a6e5086861ce2b846f62b,5209c39,unknown (not recorded),,inferred: laptop Windows (native),
protocol_C.jsonl:853,C,unet,NbhdPenalty@b=0.25,0.277,2331166885,0,oom,"oom: evictable pool empty, pinned 2.04 GB at depth 7",,2035873316,7,23,0.11,60,1200,eff53cc4804cc7d6246a6e5086861ce2b846f62b,5209c39,unknown (not recorded),,inferred: laptop Windows (native),
protocol_C.jsonl:854,C,unet,DTR,0.277,2331166885,0,oom,"oom: evictable pool empty, pinned 2.04 GB at depth 7",,2035873316,7,23,0.14,60,1200,eff53cc4804cc7d6246a6e5086861ce2b846f62b,5209c39,unknown (not recorded),,inferred: laptop Windows (native),
protocol_C.jsonl:855,C,unet,TwoPhase@k=8,0.277,2331166885,0,oom,"oom: evictable pool empty, pinned 2.04 GB at depth 7",,2035873316,7,39,0.17,60,1200,eff53cc4804cc7d6246a6e5086861ce2b846f62b,5209c39,unknown (not recorded),,inferred: laptop Windows (native),
protocol_C.jsonl:856,C,unet,DTR,0.2713,2283197024,0,oom,"oom: evictable pool empty, pinned 2.04 GB at depth 7",,2035873316,7,26,0.19,60,1200,eff53cc4804cc7d6246a6e5086861ce2b846f62b,5209c39,unknown (not recorded),,inferred: laptop Windows (native),
protocol_C.jsonl:857,C,unet,NbhdPenalty@b=0.25,0.2713,2283197024,0,oom,"oom: evictable pool empty, pinned 2.04 GB at depth 7",,2035873316,7,23,0.12,60,1200,eff53cc4804cc7d6246a6e5086861ce2b846f62b,5209c39,unknown (not recorded),,inferred: laptop Windows (native),
protocol_C.jsonl:858,C,unet,TwoPhase@k=8,0.2713,2283197024,0,oom,"oom: evictable pool empty, pinned 2.04 GB at depth 7",,2035873316,7,39,0.2,60,1200,eff53cc4804cc7d6246a6e5086861ce2b846f62b,5209c39,unknown (not recorded),,inferred: laptop Windows (native),
protocol_C.jsonl:859,C,unet,DTR,0.2826,2378295168,0,oom,"oom: evictable pool empty, pinned 2.04 GB at depth 7",,2035873316,7,26,0.16,60,1200,eff53cc4804cc7d6246a6e5086861ce2b846f62b,5209c39,unknown (not recorded),,inferred: laptop Windows (native),
protocol_C.jsonl:860,C,unet,NbhdPenalty@b=0.25,0.2826,2378295168,0,oom,"oom: evictable pool empty, pinned 2.04 GB at depth 7",,2035873316,7,23,0.13,60,1200,eff53cc4804cc7d6246a6e5086861ce2b846f62b,5209c39,unknown (not recorded),,inferred: laptop Windows (native),
protocol_C.jsonl:861,C,unet,TwoPhase@k=8,0.2826,2378295168,0,oom,"oom: evictable pool empty, pinned 2.04 GB at depth 7",,2035873316,7,35,0.18,60,1200,eff53cc4804cc7d6246a6e5086861ce2b846f62b,5209c39,unknown (not recorded),,inferred: laptop Windows (native),
protocol_C.jsonl:862,C,unet,TwoPhase@k=8,0.2896,2437205523,0,oom,"oom: evictable pool empty, pinned 1.94 GB at depth 13",,1938748964,14,24,0.1,60,1200,eff53cc4804cc7d6246a6e5086861ce2b846f62b,5209c39,unknown (not recorded),,inferred: laptop Windows (native),
protocol_C.jsonl:863,C,unet,NbhdPenalty@b=0.25,0.2896,2437205523,0,oom,"oom: evictable pool empty, pinned 2.42 GB at depth 8",,2424370724,8,23,0.13,60,1200,eff53cc4804cc7d6246a6e5086861ce2b846f62b,5209c39,unknown (not recorded),,inferred: laptop Windows (native),
protocol_C.jsonl:864,C,unet,DTR,0.2896,2437205523,0,oom,"oom: evictable pool empty, pinned 2.42 GB at depth 8",,2424370724,8,23,0.16,60,1200,eff53cc4804cc7d6246a6e5086861ce2b846f62b,5209c39,unknown (not recorded),,inferred: laptop Windows (native),
protocol_C.jsonl:865,C,unet,DTR,0.2999,2523887901,0,oom,"oom: evictable pool empty, pinned 2.42 GB at depth 8",,2424370724,8,23,0.11,60,1200,eff53cc4804cc7d6246a6e5086861ce2b846f62b,5209c39,unknown (not recorded),,inferred: laptop Windows (native),
protocol_C.jsonl:866,C,unet,DTR,0.298,2507897948,0,oom,"oom: evictable pool empty, pinned 2.42 GB at depth 8",,2424370724,8,23,0.1,60,1200,eff53cc4804cc7d6246a6e5086861ce2b846f62b,5209c39,unknown (not recorded),,inferred: laptop Windows (native),
protocol_C.jsonl:867,C,unet,TwoPhase@k=8,0.2999,2523887901,0,oom,"oom: evictable pool empty, pinned 2.42 GB at depth 8",,2424370724,8,24,0.11,60,1200,eff53cc4804cc7d6246a6e5086861ce2b846f62b,5209c39,unknown (not recorded),,inferred: laptop Windows (native),
protocol_C.jsonl:868,C,unet,NbhdPenalty@b=0.25,0.2999,2523887901,0,oom,"oom: evictable pool empty, pinned 2.42 GB at depth 8",,2424370724,8,39,0.13,60,1200,eff53cc4804cc7d6246a6e5086861ce2b846f62b,5209c39,unknown (not recorded),,inferred: laptop Windows (native),
protocol_C.jsonl:869,C,unet,NbhdPenalty@b=0.25,0.298,2507897948,0,oom,"oom: evictable pool empty, pinned 1.94 GB at depth 13",,1938748964,14,21,0.11,60,1200,eff53cc4804cc7d6246a6e5086861ce2b846f62b,5209c39,unknown (not recorded),,inferred: laptop Windows (native),
protocol_C.jsonl:870,C,unet,TwoPhase@k=8,0.298,2507897948,0,oom,"oom: evictable pool empty, pinned 1.94 GB at depth 13",,1938748964,14,24,0.14,60,1200,eff53cc4804cc7d6246a6e5086861ce2b846f62b,5209c39,unknown (not recorded),,inferred: laptop Windows (native),
protocol_C.jsonl:871,C,unet,DTR,0.3069,2582798256,0,oom,"oom: evictable pool empty, pinned 2.42 GB at depth 8",,2424370724,8,23,0.14,60,1200,eff53cc4804cc7d6246a6e5086861ce2b846f62b,5209c39,unknown (not recorded),,inferred: laptop Windows (native),
protocol_C.jsonl:872,C,unet,NbhdPenalty@b=0.25,0.3069,2582798256,0,oom,"oom: evictable pool empty, pinned 2.42 GB at depth 8",,2424370724,8,18,0.18,60,1200,eff53cc4804cc7d6246a6e5086861ce2b846f62b,5209c39,unknown (not recorded),,inferred: laptop Windows (native),
protocol_C.jsonl:873,C,unet,TwoPhase@k=8,0.3069,2582798256,0,oom,"oom: evictable pool empty, pinned 1.94 GB at depth 13",,1938748964,14,24,0.12,60,1200,eff53cc4804cc7d6246a6e5086861ce2b846f62b,5209c39,unknown (not recorded),,inferred: laptop Windows (native),
protocol_C.jsonl:874,C,unet,DTR,0.3196,2689678470,0,oom,"oom: evictable pool empty, pinned 2.42 GB at depth 8",,2424370724,8,17,0.11,60,1200,eff53cc4804cc7d6246a6e5086861ce2b846f62b,5209c39,unknown (not recorded),,inferred: laptop Windows (native),
protocol_C.jsonl:875,C,unet,NbhdPenalty@b=0.25,0.3196,2689678470,0,oom,"oom: evictable pool empty, pinned 2.42 GB at depth 8",,2424370724,8,19,0.11,60,1200,eff53cc4804cc7d6246a6e5086861ce2b846f62b,5209c39,unknown (not recorded),,inferred: laptop Windows (native),
protocol_C.jsonl:876,C,unet,TwoPhase@k=8,0.3196,2689678470,0,oom,"oom: evictable pool empty, pinned 2.42 GB at depth 8",,2424370724,8,23,0.12,60,1200,eff53cc4804cc7d6246a6e5086861ce2b846f62b,5209c39,unknown (not recorded),,inferred: laptop Windows (native),
protocol_C.jsonl:877,C,unet,DTR,0.3222,2711559459,0,oom,"oom: evictable pool empty, pinned 2.42 GB at depth 8",,2424370724,8,17,0.11,60,1200,eff53cc4804cc7d6246a6e5086861ce2b846f62b,5209c39,unknown (not recorded),,inferred: laptop Windows (native),
protocol_C.jsonl:878,C,unet,NbhdPenalty@b=0.25,0.3222,2711559459,0,oom,"oom: evictable pool empty, pinned 2.42 GB at depth 8",,2424370724,8,17,0.11,60,1200,eff53cc4804cc7d6246a6e5086861ce2b846f62b,5209c39,unknown (not recorded),,inferred: laptop Windows (native),
protocol_C.jsonl:879,C,unet,TwoPhase@k=8,0.3222,2711559459,0,oom,"oom: evictable pool empty, pinned 2.42 GB at depth 8",,2424370724,8,23,0.15,60,1200,eff53cc4804cc7d6246a6e5086861ce2b846f62b,5209c39,unknown (not recorded),,inferred: laptop Windows (native),
protocol_C.jsonl:880,C,unet,DTR,0.3335,2806657603,0,oom,"oom: evictable pool empty, pinned 2.42 GB at depth 8",,2424370724,8,17,0.13,60,1200,eff53cc4804cc7d6246a6e5086861ce2b846f62b,5209c39,unknown (not recorded),,inferred: laptop Windows (native),
protocol_C.jsonl:881,C,unet,NbhdPenalty@b=0.25,0.3335,2806657603,0,oom,"oom: evictable pool empty, pinned 2.42 GB at depth 8",,2424370724,8,17,0.11,60,1200,eff53cc4804cc7d6246a6e5086861ce2b846f62b,5209c39,unknown (not recorded),,inferred: laptop Windows (native),
protocol_C.jsonl:882,C,unet,TwoPhase@k=8,0.3335,2806657603,0,ok,ok,1.502615053451827,1258878500,3,14,0.09,60,1200,eff53cc4804cc7d6246a6e5086861ce2b846f62b,5209c39,unknown (not recorded),,inferred: laptop Windows (native),
protocol_C.jsonl:883,C,unet,NbhdPenalty@b=0.25,0.3497,2942992995,0,oom,"oom: evictable pool empty, pinned 2.81 GB at depth 10",,2812868132,10,18,0.11,60,1200,eff53cc4804cc7d6246a6e5086861ce2b846f62b,5209c39,unknown (not recorded),,inferred: laptop Windows (native),
protocol_C.jsonl:884,C,unet,DTR,0.3497,2942992995,0,oom,"oom: evictable pool empty, pinned 2.81 GB at depth 10",,2812868132,10,17,0.14,60,1200,eff53cc4804cc7d6246a6e5086861ce2b846f62b,5209c39,unknown (not recorded),,inferred: laptop Windows (native),
protocol_C.jsonl:885,C,unet,TwoPhase@k=8,0.3497,2942992995,0,oom,"oom: evictable pool empty, pinned 2.81 GB at depth 10",,2812868132,10,14,0.14,60,1200,eff53cc4804cc7d6246a6e5086861ce2b846f62b,5209c39,unknown (not recorded),,inferred: laptop Windows (native),
protocol_C.jsonl:886,C,unet,DTR,0.3545,2983388666,0,oom,"oom: evictable pool empty, pinned 2.81 GB at depth 10",,2812868132,10,17,0.15,60,1200,eff53cc4804cc7d6246a6e5086861ce2b846f62b,5209c39,unknown (not recorded),,inferred: laptop Windows (native),
protocol_C.jsonl:887,C,unet,NbhdPenalty@b=0.25,0.3545,2983388666,0,oom,"oom: evictable pool empty, pinned 2.81 GB at depth 10",,2812868132,10,18,0.12,60,1200,eff53cc4804cc7d6246a6e5086861ce2b846f62b,5209c39,unknown (not recorded),,inferred: laptop Windows (native),
protocol_C.jsonl:888,C,unet,TwoPhase@k=8,0.3545,2983388666,0,oom,"oom: evictable pool empty, pinned 2.81 GB at depth 10",,2812868132,10,16,0.16,60,1200,eff53cc4804cc7d6246a6e5086861ce2b846f62b,5209c39,unknown (not recorded),,inferred: laptop Windows (native),
protocol_C.jsonl:889,C,unet,DTR,0.3699,3112991446,0,oom,"oom: evictable pool empty, pinned 2.81 GB at depth 10",,2812868132,10,17,0.14,60,1200,eff53cc4804cc7d6246a6e5086861ce2b846f62b,5209c39,unknown (not recorded),,inferred: laptop Windows (native),
protocol_C.jsonl:890,C,unet,NbhdPenalty@b=0.25,0.3699,3112991446,0,oom,"oom: evictable pool empty, pinned 2.81 GB at depth 10",,2812868132,10,17,0.12,60,1200,eff53cc4804cc7d6246a6e5086861ce2b846f62b,5209c39,unknown (not recorded),,inferred: laptop Windows (native),
protocol_C.jsonl:891,C,unet,TwoPhase@k=8,0.3699,3112991446,0,ok,ok,1.3733994756623424,1258878500,3,16,0.13,60,1200,eff53cc4804cc7d6246a6e5086861ce2b846f62b,5209c39,unknown (not recorded),,inferred: laptop Windows (native),
protocol_C.jsonl:892,C,unet,DTR,0.3772,3174426530,0,oom,"oom: evictable pool empty, pinned 2.81 GB at depth 10",,2812868132,10,17,0.14,60,1200,eff53cc4804cc7d6246a6e5086861ce2b846f62b,5209c39,unknown (not recorded),,inferred: laptop Windows (native),
protocol_C.jsonl:893,C,unet,NbhdPenalty@b=0.25,0.3772,3174426530,0,oom,"oom: evictable pool empty, pinned 2.81 GB at depth 10",,2812868132,10,18,0.12,60,1200,eff53cc4804cc7d6246a6e5086861ce2b846f62b,5209c39,unknown (not recorded),,inferred: laptop Windows (native),
protocol_C.jsonl:894,C,unet,TwoPhase@k=8,0.3772,3174426530,0,ok,ok,1.3733994756623424,1258878500,3,16,0.11,60,1200,eff53cc4804cc7d6246a6e5086861ce2b846f62b,5209c39,unknown (not recorded),,inferred: laptop Windows (native),
protocol_C.jsonl:895,C,unet,DTR,0.3854,3243435803,0,oom,"oom: evictable pool empty, pinned 3.20 GB at depth 8",,3201365540,8,15,0.13,60,1200,eff53cc4804cc7d6246a6e5086861ce2b846f62b,5209c39,unknown (not recorded),,inferred: laptop Windows (native),
protocol_C.jsonl:896,C,unet,NbhdPenalty@b=0.25,0.3854,3243435803,0,ok,ok,1.4147648971201163,1258878500,3,17,0.09,60,1200,eff53cc4804cc7d6246a6e5086861ce2b846f62b,5209c39,unknown (not recorded),,inferred: laptop Windows (native),
protocol_C.jsonl:897,C,unet,TwoPhase@k=8,0.3854,3243435803,0,oom,"oom: evictable pool empty, pinned 3.20 GB at depth 8",,3201365540,8,15,0.09,60,1200,eff53cc4804cc7d6246a6e5086861ce2b846f62b,5209c39,unknown (not recorded),,inferred: laptop Windows (native),
protocol_C.jsonl:898,C,unet,DTR,0.3968,3339375523,0,oom,"oom: evictable pool empty, pinned 3.20 GB at depth 8",,3201365540,8,15,0.15,60,1200,eff53cc4804cc7d6246a6e5086861ce2b846f62b,5209c39,unknown (not recorded),,inferred: laptop Windows (native),
protocol_C.jsonl:899,C,unet,TwoPhase@k=8,0.3968,3339375523,0,ok,ok,1.4983155488948665,1258878500,3,16,0.09,60,1200,eff53cc4804cc7d6246a6e5086861ce2b846f62b,5209c39,unknown (not recorded),,inferred: laptop Windows (native),
protocol_C.jsonl:900,C,unet,NbhdPenalty@b=0.25,0.3968,3339375523,0,oom,"oom: evictable pool empty, pinned 3.20 GB at depth 8",,3201365540,8,17,0.13,60,1200,eff53cc4804cc7d6246a6e5086861ce2b846f62b,5209c39,unknown (not recorded),,inferred: laptop Windows (native),
protocol_C.jsonl:901,C,unet,DTR,0.4036,3396602724,0,oom,"oom: evictable pool empty, pinned 3.20 GB at depth 8",,3201365540,8,17,0.11,60,1200,eff53cc4804cc7d6246a6e5086861ce2b846f62b,5209c39,unknown (not recorded),,inferred: laptop Windows (native),
protocol_C.jsonl:902,C,unet,NbhdPenalty@b=0.25,0.4036,3396602724,0,ok,ok,1.363511548607161,1258878500,3,17,0.08,60,1200,eff53cc4804cc7d6246a6e5086861ce2b846f62b,5209c39,unknown (not recorded),,inferred: laptop Windows (native),
protocol_C.jsonl:903,C,unet,TwoPhase@k=8,0.4036,3396602724,0,ok,ok,1.4339817778002124,1258878500,3,16,0.11,60,1200,eff53cc4804cc7d6246a6e5086861ce2b846f62b,5209c39,unknown (not recorded),,inferred: laptop Windows (native),
protocol_C.jsonl:904,C,unet,NbhdPenalty@b=0.25,0.4119,3466453573,0,ok,ok,1.379251621397191,1258878500,3,17,0.11,60,1200,eff53cc4804cc7d6246a6e5086861ce2b846f62b,5209c39,unknown (not recorded),,inferred: laptop Windows (native),
protocol_C.jsonl:905,C,unet,DTR,0.4119,3466453573,0,oom,"oom: evictable pool empty, pinned 3.20 GB at depth 8",,3201365540,8,17,0.14,60,1200,eff53cc4804cc7d6246a6e5086861ce2b846f62b,5209c39,unknown (not recorded),,inferred: laptop Windows (native),
protocol_C.jsonl:906,C,unet,TwoPhase@k=8,0.4119,3466453573,0,ok,ok,1.4645353805054906,1258878500,3,16,0.1,60,1200,eff53cc4804cc7d6246a6e5086861ce2b846f62b,5209c39,unknown (not recorded),,inferred: laptop Windows (native),
protocol_C.jsonl:907,C,unet,DTR,0.4296,3615412613,0,ok,ok,1.3272302309070814,1258878500,3,11,0.07,60,1200,eff53cc4804cc7d6246a6e5086861ce2b846f62b,5209c39,unknown (not recorded),,inferred: laptop Windows (native),
protocol_C.jsonl:908,C,unet,NbhdPenalty@b=0.25,0.4296,3615412613,0,ok,ok,1.3513957296083123,1258878500,3,17,0.09,60,1200,eff53cc4804cc7d6246a6e5086861ce2b846f62b,5209c39,unknown (not recorded),,inferred: laptop Windows (native),
protocol_C.jsonl:909,C,unet,NbhdPenalty@b=0.25,0.4324,3638976754,0,ok,ok,1.3219763621935918,1258878500,3,10,0.07,60,1200,eff53cc4804cc7d6246a6e5086861ce2b846f62b,5209c39,unknown (not recorded),,inferred: laptop Windows (native),
protocol_C.jsonl:910,C,unet,TwoPhase@k=8,0.4296,3615412613,0,ok,ok,2.827266129779796,3201365540,8,41,0.3,60,1200,eff53cc4804cc7d6246a6e5086861ce2b846f62b,5209c39,unknown (not recorded),,inferred: laptop Windows (native),
protocol_C.jsonl:911,C,unet,TwoPhase@k=8,0.4324,3638976754,0,ok,ok,2.826515437622605,3201365540,8,41,0.29,60,1200,eff53cc4804cc7d6246a6e5086861ce2b846f62b,5209c39,unknown (not recorded),,inferred: laptop Windows (native),
protocol_C.jsonl:912,C,unet,NbhdPenalty@b=0.25,0.4405,3707144450,0,ok,ok,1.3214980589934864,1258878500,3,10,0.07,60,1200,eff53cc4804cc7d6246a6e5086861ce2b846f62b,5209c39,unknown (not recorded),,inferred: laptop Windows (native),
protocol_C.jsonl:913,C,unet,DTR,0.4405,3707144450,0,ok,ok,1.6160823820729382,3201365540,8,11,0.22,60,1200,eff53cc4804cc7d6246a6e5086861ce2b846f62b,5209c39,unknown (not recorded),,inferred: laptop Windows (native),
protocol_C.jsonl:914,C,unet,DTR,0.4324,3638976754,0,oom,"oom: evictable pool empty, pinned 3.58 GB at depth 33",,3578135224,33,36,0.55,60,1200,eff53cc4804cc7d6246a6e5086861ce2b846f62b,5209c39,unknown (not recorded),,inferred: laptop Windows (native),
protocol_C.jsonl:915,C,unet,DTR,0.4551,3830014618,0,ok,ok,1.282551731295619,1258878500,3,11,0.08,60,1200,eff53cc4804cc7d6246a6e5086861ce2b846f62b,5209c39,unknown (not recorded),,inferred: laptop Windows (native),
protocol_C.jsonl:916,C,unet,TwoPhase@k=8,0.4405,3707144450,0,ok,ok,1.3452789301976034,1258878500,3,14,0.08,60,1200,eff53cc4804cc7d6246a6e5086861ce2b846f62b,5209c39,unknown (not recorded),,inferred: laptop Windows (native),
protocol_C.jsonl:917,C,unet,NbhdPenalty@b=0.25,0.4551,3830014618,0,ok,ok,1.2678198502947626,1258878500,3,10,0.07,60,1200,eff53cc4804cc7d6246a6e5086861ce2b846f62b,5209c39,unknown (not recorded),,inferred: laptop Windows (native),
protocol_C.jsonl:918,C,unet,TwoPhase@k=8,0.4551,3830014618,0,ok,ok,1.3639383422318703,1258878500,3,14,0.11,60,1200,eff53cc4804cc7d6246a6e5086861ce2b846f62b,5209c39,unknown (not recorded),,inferred: laptop Windows (native),
protocol_C.jsonl:919,C,unet,NbhdPenalty@b=0.25,0.4606,3876301325,0,ok,ok,1.2678198502947626,1258878500,3,10,0.07,60,1200,eff53cc4804cc7d6246a6e5086861ce2b846f62b,5209c39,unknown (not recorded),,inferred: laptop Windows (native),
protocol_C.jsonl:920,C,unet,DTR,0.4606,3876301325,0,ok,ok,1.282551731295619,1258878500,3,11,0.1,60,1200,eff53cc4804cc7d6246a6e5086861ce2b846f62b,5209c39,unknown (not recorded),,inferred: laptop Windows (native),
protocol_C.jsonl:921,C,unet,DTR,0.4764,4009270411,0,ok,ok,1.2176566296579752,1258878500,3,11,0.08,60,1200,eff53cc4804cc7d6246a6e5086861ce2b846f62b,5209c39,unknown (not recorded),,inferred: laptop Windows (native),
protocol_C.jsonl:922,C,unet,NbhdPenalty@b=0.25,0.4764,4009270411,0,ok,ok,1.21235774146991,1258878500,3,10,0.08,60,1200,eff53cc4804cc7d6246a6e5086861ce2b846f62b,5209c39,unknown (not recorded),,inferred: laptop Windows (native),
protocol_C.jsonl:923,C,unet,TwoPhase@k=8,0.4764,4009270411,0,ok,ok,1.232707012643764,1258878500,3,10,0.08,60,1200,eff53cc4804cc7d6246a6e5086861ce2b846f62b,5209c39,unknown (not recorded),,inferred: laptop Windows (native),
protocol_C.jsonl:924,C,unet,DTR,0.4885,4111101167,0,ok,ok,1.1667368378664746,1258878500,3,10,0.07,60,1200,eff53cc4804cc7d6246a6e5086861ce2b846f62b,5209c39,unknown (not recorded),,inferred: laptop Windows (native),
protocol_C.jsonl:925,C,unet,NbhdPenalty@b=0.25,0.4885,4111101167,0,ok,ok,1.1875291543369684,1258878500,3,8,0.06,60,1200,eff53cc4804cc7d6246a6e5086861ce2b846f62b,5209c39,unknown (not recorded),,inferred: laptop Windows (native),
protocol_C.jsonl:926,C,unet,TwoPhase@k=8,0.4885,4111101167,0,ok,ok,1.225384308850394,1258878500,3,10,0.08,60,1200,eff53cc4804cc7d6246a6e5086861ce2b846f62b,5209c39,unknown (not recorded),,inferred: laptop Windows (native),
protocol_C.jsonl:927,C,unet,TwoPhase@k=8,0.4606,3876301325,0,oom,"oom: evictable pool empty, pinned 3.69 GB at depth 15",,3687730360,15,35,0.51,60,1200,eff53cc4804cc7d6246a6e5086861ce2b846f62b,5209c39,unknown (not recorded),,inferred: laptop Windows (native),
protocol_C.jsonl:928,C,unet,DTR,0.4983,4193575663,0,ok,ok,1.1531137693400064,1258878500,3,10,0.07,60,1200,eff53cc4804cc7d6246a6e5086861ce2b846f62b,5209c39,unknown (not recorded),,inferred: laptop Windows (native),
protocol_C.jsonl:929,C,unet,NbhdPenalty@b=0.25,0.4983,4193575663,0,ok,ok,1.1875291543369684,1258878500,3,8,0.06,60,1200,eff53cc4804cc7d6246a6e5086861ce2b846f62b,5209c39,unknown (not recorded),,inferred: laptop Windows (native),
protocol_C.jsonl:930,C,unet,TwoPhase@k=8,0.4983,4193575663,0,ok,ok,1.2578870071471426,1258878500,3,12,0.07,60,1200,eff53cc4804cc7d6246a6e5086861ce2b846f62b,5209c39,unknown (not recorded),,inferred: laptop Windows (native),
protocol_C.jsonl:931,C,unet,DTR,0.5074,4270159124,0,ok,ok,1.1562929653289487,1258878500,3,10,0.07,60,1200,eff53cc4804cc7d6246a6e5086861ce2b846f62b,5209c39,unknown (not recorded),,inferred: laptop Windows (native),
protocol_C.jsonl:932,C,unet,NbhdPenalty@b=0.25,0.5074,4270159124,0,ok,ok,1.181896160353432,1258878500,3,8,0.06,60,1200,eff53cc4804cc7d6246a6e5086861ce2b846f62b,5209c39,unknown (not recorded),,inferred: laptop Windows (native),
protocol_C.jsonl:933,C,unet,TwoPhase@k=8,0.5074,4270159124,0,ok,ok,1.2567893048064065,1258878500,3,12,0.07,60,1200,eff53cc4804cc7d6246a6e5086861ce2b846f62b,5209c39,unknown (not recorded),,inferred: laptop Windows (native),
protocol_C.jsonl:934,C,unet,DTR,0.5169,4350108891,0,ok,ok,1.1562929653289487,1258878500,3,10,0.07,60,1200,eff53cc4804cc7d6246a6e5086861ce2b846f62b,5209c39,unknown (not recorded),,inferred: laptop Windows (native),
protocol_C.jsonl:935,C,unet,NbhdPenalty@b=0.25,0.5169,4350108891,0,ok,ok,1.1755403253604018,1258878500,3,8,0.07,60,1200,eff53cc4804cc7d6246a6e5086861ce2b846f62b,5209c39,unknown (not recorded),,inferred: laptop Windows (native),
protocol_C.jsonl:936,C,unet,TwoPhase@k=8,0.5169,4350108891,0,ok,ok,1.228651889674296,1258878500,3,10,0.07,60,1200,eff53cc4804cc7d6246a6e5086861ce2b846f62b,5209c39,unknown (not recorded),,inferred: laptop Windows (native),
protocol_C.jsonl:937,C,unet,DTR,0.5234,4404811363,0,ok,ok,1.1562929653289487,1258878500,3,10,0.07,60,1200,eff53cc4804cc7d6246a6e5086861ce2b846f62b,5209c39,unknown (not recorded),,inferred: laptop Windows (native),
protocol_C.jsonl:938,C,unet,NbhdPenalty@b=0.25,0.5234,4404811363,0,ok,ok,1.1755403253604018,1258878500,3,8,0.07,60,1200,eff53cc4804cc7d6246a6e5086861ce2b846f62b,5209c39,unknown (not recorded),,inferred: laptop Windows (native),
protocol_C.jsonl:939,C,unet,TwoPhase@k=8,0.5234,4404811363,0,ok,ok,1.2274950113983631,1258878500,3,10,0.07,60,1200,eff53cc4804cc7d6246a6e5086861ce2b846f62b,5209c39,unknown (not recorded),,inferred: laptop Windows (native),
protocol_C.jsonl:940,C,unet,DTR,0.5334,4488969012,0,ok,ok,1.1562929653289487,1258878500,3,10,0.07,60,1200,eff53cc4804cc7d6246a6e5086861ce2b846f62b,5209c39,unknown (not recorded),,inferred: laptop Windows (native),
protocol_C.jsonl:941,C,unet,NbhdPenalty@b=0.25,0.5334,4488969012,0,ok,ok,1.1755403253604018,1258878500,3,8,0.07,60,1200,eff53cc4804cc7d6246a6e5086861ce2b846f62b,5209c39,unknown (not recorded),,inferred: laptop Windows (native),
protocol_C.jsonl:942,C,unet,TwoPhase@k=8,0.5334,4488969012,0,ok,ok,1.20025481307485,1258878500,3,10,0.08,60,1200,eff53cc4804cc7d6246a6e5086861ce2b846f62b,5209c39,unknown (not recorded),,inferred: laptop Windows (native),
protocol_C.jsonl:943,C,unet,DTR,0.549,4620254945,0,ok,ok,1.1521045000792274,1258878500,3,8,0.07,60,1200,eff53cc4804cc7d6246a6e5086861ce2b846f62b,5209c39,unknown (not recorded),,inferred: laptop Windows (native),
protocol_C.jsonl:944,C,unet,NbhdPenalty@b=0.25,0.549,4620254945,0,ok,ok,1.1344333064052732,1258878500,3,8,0.07,60,1200,eff53cc4804cc7d6246a6e5086861ce2b846f62b,5209c39,unknown (not recorded),,inferred: laptop Windows (native),
protocol_C.jsonl:945,C,unet,TwoPhase@k=8,0.549,4620254945,0,ok,ok,1.1968670126099465,1258878500,3,10,0.08,60,1200,eff53cc4804cc7d6246a6e5086861ce2b846f62b,5209c39,unknown (not recorded),,inferred: laptop Windows (native),
protocol_C.jsonl:946,C,unet,DTR,0.5502,4630353863,0,ok,ok,1.1521045000792274,1258878500,3,8,0.07,60,1200,eff53cc4804cc7d6246a6e5086861ce2b846f62b,5209c39,unknown (not recorded),,inferred: laptop Windows (native),
protocol_C.jsonl:947,C,unet,NbhdPenalty@b=0.25,0.5502,4630353863,0,ok,ok,1.1308011748952553,1258878500,3,8,0.06,60,1200,eff53cc4804cc7d6246a6e5086861ce2b846f62b,5209c39,unknown (not recorded),,inferred: laptop Windows (native),
protocol_C.jsonl:948,C,unet,TwoPhase@k=8,0.5502,4630353863,0,ok,ok,1.1767694126129313,1258879012,3,9,0.05,60,1200,eff53cc4804cc7d6246a6e5086861ce2b846f62b,5209c39,unknown (not recorded),,inferred: laptop Windows (native),
protocol_C.jsonl:949,C,unet,DTR,0.5668,4770055561,0,ok,ok,1.1308011748952553,1258878500,3,8,0.06,60,1200,eff53cc4804cc7d6246a6e5086861ce2b846f62b,5209c39,unknown (not recorded),,inferred: laptop Windows (native),
protocol_C.jsonl:950,C,unet,NbhdPenalty@b=0.25,0.5668,4770055561,0,ok,ok,1.1308011748952553,1258878500,3,8,0.06,60,1200,eff53cc4804cc7d6246a6e5086861ce2b846f62b,5209c39,unknown (not recorded),,inferred: laptop Windows (native),
protocol_C.jsonl:951,C,unet,TwoPhase@k=8,0.5668,4770055561,0,ok,ok,1.1673374329450823,1258879012,3,9,0.05,60,1200,eff53cc4804cc7d6246a6e5086861ce2b846f62b,5209c39,unknown (not recorded),,inferred: laptop Windows (native),
protocol_C.jsonl:952,C,unet,DTR,0.5742,4832332221,0,ok,ok,1.1308011748952553,1258878500,3,8,0.06,60,1200,eff53cc4804cc7d6246a6e5086861ce2b846f62b,5209c39,unknown (not recorded),,inferred: laptop Windows (native),
protocol_C.jsonl:953,C,unet,NbhdPenalty@b=0.25,0.5742,4832332221,0,ok,ok,1.1224870846534198,1258878500,3,5,0.05,60,1200,eff53cc4804cc7d6246a6e5086861ce2b846f62b,5209c39,unknown (not recorded),,inferred: laptop Windows (native),
protocol_C.jsonl:954,C,unet,TwoPhase@k=8,0.5742,4832332221,0,ok,ok,1.1478980371481518,1258879012,3,9,0.04,60,1200,eff53cc4804cc7d6246a6e5086861ce2b846f62b,5209c39,unknown (not recorded),,inferred: laptop Windows (native),
protocol_C.jsonl:955,C,unet,DTR,0.5894,4960251848,0,ok,ok,1.1308011748952553,1258878500,3,8,0.06,60,1200,eff53cc4804cc7d6246a6e5086861ce2b846f62b,5209c39,unknown (not recorded),,inferred: laptop Windows (native),
protocol_C.jsonl:956,C,unet,NbhdPenalty@b=0.25,0.5894,4960251848,0,ok,ok,1.1200967173433036,1258878500,3,5,0.05,60,1200,eff53cc4804cc7d6246a6e5086861ce2b846f62b,5209c39,unknown (not recorded),,inferred: laptop Windows (native),
protocol_C.jsonl:957,C,unet,TwoPhase@k=8,0.5894,4960251848,0,ok,ok,1.1465466350433116,1258879012,3,9,0.05,60,1200,eff53cc4804cc7d6246a6e5086861ce2b846f62b,5209c39,unknown (not recorded),,inferred: laptop Windows (native),
protocol_C.jsonl:958,C,unet,DTR,0.5925,4986340719,0,ok,ok,1.1308011748952553,1258878500,3,8,0.06,60,1200,eff53cc4804cc7d6246a6e5086861ce2b846f62b,5209c39,unknown (not recorded),,inferred: laptop Windows (native),
protocol_C.jsonl:959,C,unet,NbhdPenalty@b=0.25,0.5925,4986340719,0,ok,ok,1.1248086017577004,1258878500,3,6,0.06,60,1200,eff53cc4804cc7d6246a6e5086861ce2b846f62b,5209c39,unknown (not recorded),,inferred: laptop Windows (native),
protocol_C.jsonl:960,C,unet,TwoPhase@k=8,0.5925,4986340719,0,ok,ok,1.1465466350433116,1258879012,3,9,0.05,60,1200,eff53cc4804cc7d6246a6e5086861ce2b846f62b,5209c39,unknown (not recorded),,inferred: laptop Windows (native),
protocol_C.jsonl:961,C,treelstm,DTR,0.052,,0,timeout,timeout after 1200.0 s (20-min limit),,,,,1200.0,60,1200,eff53cc4804cc7d6246a6e5086861ce2b846f62b,5209c39,unknown (not recorded),,inferred: laptop Windows (native),
protocol_C.jsonl:962,C,treelstm,NbhdPenalty@b=0.25,0.052,,0,timeout,timeout after 1200.0 s (20-min limit),,,,,1200.0,60,1200,eff53cc4804cc7d6246a6e5086861ce2b846f62b,5209c39,unknown (not recorded),,inferred: laptop Windows (native),
protocol_C.jsonl:963,C,treelstm,TwoPhase@k=8,0.052,,0,timeout,timeout after 1200.0 s (20-min limit),,,,,1200.0,60,1200,eff53cc4804cc7d6246a6e5086861ce2b846f62b,5209c39,unknown (not recorded),,inferred: laptop Windows (native),
protocol_C.jsonl:964,C,treelstm,DTR,0.0522,,0,timeout,timeout after 1200.0 s (20-min limit),,,,,1200.0,60,1200,eff53cc4804cc7d6246a6e5086861ce2b846f62b,5209c39,unknown (not recorded),,inferred: laptop Windows (native),
protocol_C.jsonl:965,C,treelstm,NbhdPenalty@b=0.25,0.0639,10874093,0,ok,ok,7.437639601838121,7160804,59,61,203.11,60,1200,eff53cc4804cc7d6246a6e5086861ce2b846f62b,5209c39,unknown (not recorded),,inferred: laptop Windows (native),
protocol_C.jsonl:966,C,treelstm,TwoPhase@k=8,0.0639,,0,error,error: process died / bad script (),,,,,,60,1200,eff53cc4804cc7d6246a6e5086861ce2b846f62b,5209c39,unknown (not recorded),,inferred: laptop Windows (native),interrupted (host sleep/kill); rerun
protocol_C.jsonl:967,C,treelstm,DTR,0.0639,,0,error,error: process died / bad script (),,,,,,60,1200,eff53cc4804cc7d6246a6e5086861ce2b846f62b,5209c39,unknown (not recorded),,inferred: laptop Windows (native),interrupted (host sleep/kill); rerun
protocol_C.jsonl:968,C,treelstm,TwoPhase@k=8,0.0522,,0,error,error: process died / bad script (),,,,,,60,1200,eff53cc4804cc7d6246a6e5086861ce2b846f62b,5209c39,unknown (not recorded),,inferred: laptop Windows (native),interrupted (host sleep/kill); rerun
protocol_C.jsonl:969,C,treelstm,TwoPhase@k=8,0.0639,,0,error,error: process died / bad script (),,,,,,60,1200,eff53cc4804cc7d6246a6e5086861ce2b846f62b,5209c39,unknown (not recorded),,inferred: laptop Windows (native),interrupted (host sleep/kill); rerun
protocol_C.jsonl:970,C,treelstm,DTR,0.0639,,0,error,error: process died / bad script (),,,,,,60,1200,eff53cc4804cc7d6246a6e5086861ce2b846f62b,5209c39,unknown (not recorded),,inferred: laptop Windows (native),interrupted (host sleep/kill); rerun
protocol_C.jsonl:971,C,treelstm,NbhdPenalty@b=0.25,0.0522,,0,error,error: process died / bad script (),,,,,,60,1200,eff53cc4804cc7d6246a6e5086861ce2b846f62b,5209c39,unknown (not recorded),,inferred: laptop Windows (native),interrupted (host sleep/kill); rerun
protocol_C.jsonl:972,C,treelstm,TwoPhase@k=8,0.0522,,0,timeout,timeout after 1200.0 s (20-min limit),,,,,1200.0,60,1200,eff53cc4804cc7d6246a6e5086861ce2b846f62b,5209c39,unknown (not recorded),,inferred: laptop Windows (native),
protocol_C.jsonl:973,C,treelstm,NbhdPenalty@b=0.25,0.0522,,0,timeout,timeout after 1200.0 s (20-min limit),,,,,1200.0,60,1200,eff53cc4804cc7d6246a6e5086861ce2b846f62b,5209c39,unknown (not recorded),,inferred: laptop Windows (native),
protocol_C.jsonl:974,C,treelstm,TwoPhase@k=8,0.0639,,0,timeout,timeout after 1200.0 s (20-min limit),,,,,1200.0,60,1200,eff53cc4804cc7d6246a6e5086861ce2b846f62b,b55b0e3,unknown (not recorded),,inferred: laptop Windows (native),
protocol_C.jsonl:975,C,treelstm,DTR,0.0639,,0,timeout,timeout after 1200.0 s (20-min limit),,,,,1200.0,60,1200,eff53cc4804cc7d6246a6e5086861ce2b846f62b,b55b0e3,unknown (not recorded),,inferred: laptop Windows (native),
protocol_C.jsonl:976,C,treelstm,NbhdPenalty@b=0.25,0.0611,,0,timeout,timeout after 1200.0 s (20-min limit),,,,,1200.0,60,1200,eff53cc4804cc7d6246a6e5086861ce2b846f62b,b55b0e3,unknown (not recorded),,inferred: laptop Windows (native),
protocol_C.jsonl:977,C,treelstm,DTR,0.0611,,0,timeout,timeout after 1200.0 s (20-min limit),,,,,1200.0,60,1200,eff53cc4804cc7d6246a6e5086861ce2b846f62b,b55b0e3,unknown (not recorded),,inferred: laptop Windows (native),
protocol_C.jsonl:978,C,treelstm,TwoPhase@k=8,0.0611,,0,timeout,timeout after 1200.0 s (20-min limit),,,,,1200.0,60,1200,eff53cc4804cc7d6246a6e5086861ce2b846f62b,b55b0e3,unknown (not recorded),,inferred: laptop Windows (native),
protocol_C.jsonl:979,C,treelstm,DTR,0.0715,,0,timeout,timeout after 1200.0 s (20-min limit),,,,,1200.0,60,1200,eff53cc4804cc7d6246a6e5086861ce2b846f62b,b55b0e3,unknown (not recorded),,inferred: laptop Windows (native),
protocol_C.jsonl:980,C,treelstm,NbhdPenalty@b=0.25,0.0715,12167412,0,ok,ok,5.665179821226653,6800800,72,74,115.76,60,1200,eff53cc4804cc7d6246a6e5086861ce2b846f62b,b55b0e3,unknown (not recorded),,inferred: laptop Windows (native),
protocol_C.jsonl:981,C,treelstm,DTR,0.0789,,0,error,error: process died / bad script (),,,,,,60,1200,eff53cc4804cc7d6246a6e5086861ce2b846f62b,df2def3,unknown (not recorded),,inferred: laptop Windows (native),interrupted (host sleep/kill); rerun
protocol_C.jsonl:982,C,treelstm,TwoPhase@k=8,0.0715,,0,error,error: process died / bad script (),,,,,,60,1200,eff53cc4804cc7d6246a6e5086861ce2b846f62b,df2def3,unknown (not recorded),,inferred: laptop Windows (native),interrupted (host sleep/kill); rerun
protocol_C.jsonl:983,C,treelstm,NbhdPenalty@b=0.25,0.082,13954235,0,ok,ok,4.034119392194391,5600800,19,41,55.54,60,1200,eff53cc4804cc7d6246a6e5086861ce2b846f62b,df2def3,unknown (not recorded),,inferred: laptop Windows (native),
protocol_C.jsonl:984,C,treelstm,NbhdPenalty@b=0.25,0.0789,13426697,0,ok,ok,7.696603192214727,7280804,58,78,213.71,60,1200,eff53cc4804cc7d6246a6e5086861ce2b846f62b,df2def3,unknown (not recorded),,inferred: laptop Windows (native),
protocol_C.jsonl:985,C,treelstm,DTR,0.082,,0,timeout,timeout after 1200.0 s (20-min limit),,,,,1200.0,60,1200,eff53cc4804cc7d6246a6e5086861ce2b846f62b,df2def3,unknown (not recorded),,inferred: laptop Windows (native),
protocol_C.jsonl:986,C,treelstm,DTR,0.0789,,0,timeout,timeout after 1200.0 s (20-min limit),,,,,1200.0,60,1200,eff53cc4804cc7d6246a6e5086861ce2b846f62b,df2def3,unknown (not recorded),,inferred: laptop Windows (native),
protocol_C.jsonl:987,C,treelstm,TwoPhase@k=8,0.0789,,0,timeout,timeout after 1200.0 s (20-min limit),,,,,1200.0,60,1200,eff53cc4804cc7d6246a6e5086861ce2b846f62b,df2def3,unknown (not recorded),,inferred: laptop Windows (native),
protocol_C.jsonl:988,C,treelstm,TwoPhase@k=8,0.0715,,0,timeout,timeout after 1200.0 s (20-min limit),,,,,1200.0,60,1200,eff53cc4804cc7d6246a6e5086861ce2b846f62b,df2def3,unknown (not recorded),,inferred: laptop Windows (native),
protocol_C.jsonl:989,C,treelstm,TwoPhase@k=8,0.082,,0,timeout,timeout after 1200.0 s (20-min limit),,,,,1200.0,60,1200,eff53cc4804cc7d6246a6e5086861ce2b846f62b,df2def3,unknown (not recorded),,inferred: laptop Windows (native),
protocol_C.jsonl:990,C,treelstm,NbhdPenalty@b=0.25,0.0984,16745083,0,ok,ok,3.7721013966765224,6080800,38,40,59.16,60,1200,eff53cc4804cc7d6246a6e5086861ce2b846f62b,df2def3,unknown (not recorded),,inferred: laptop Windows (native),
protocol_C.jsonl:991,C,treelstm,NbhdPenalty@b=0.25,0.0863,14685982,0,ok,ok,4.166587711874521,6080800,29,49,66.52,60,1200,eff53cc4804cc7d6246a6e5086861ce2b846f62b,df2def3,unknown (not recorded),,inferred: laptop Windows (native),
protocol_C.jsonl:992,C,treelstm,DTR,0.0964,16404735,0,ok,ok,3.005585127546404,7280804,72,74,39.66,60,1200,eff53cc4804cc7d6246a6e5086861ce2b846f62b,df2def3,unknown (not recorded),,inferred: laptop Windows (native),
protocol_C.jsonl:993,C,treelstm,NbhdPenalty@b=0.25,0.0964,16404735,0,ok,ok,3.8489547990067168,6560800,41,43,41.71,60,1200,eff53cc4804cc7d6246a6e5086861ce2b846f62b,df2def3,unknown (not recorded),,inferred: laptop Windows (native),
protocol_C.jsonl:994,C,treelstm,DTR,0.0863,,0,timeout,timeout after 1200.0 s (20-min limit),,,,,1200.0,60,1200,eff53cc4804cc7d6246a6e5086861ce2b846f62b,df2def3,unknown (not recorded),,inferred: laptop Windows (native),
protocol_C.jsonl:995,C,treelstm,NbhdPenalty@b=0.25,0.1003,17068412,0,ok,ok,3.551433530760151,5600800,26,41,44.5,60,1200,eff53cc4804cc7d6246a6e5086861ce2b846f62b,df2def3,unknown (not recorded),,inferred: laptop Windows (native),
protocol_C.jsonl:996,C,treelstm,TwoPhase@k=8,0.0863,,0,timeout,timeout after 1200.0 s (20-min limit),,,,,1200.0,60,1200,eff53cc4804cc7d6246a6e5086861ce2b846f62b,df2def3,unknown (not recorded),,inferred: laptop Windows (native),
protocol_C.jsonl:997,C,treelstm,DTR,0.0984,,0,timeout,timeout after 1200.0 s (20-min limit),,,,,1200.0,60,1200,eff53cc4804cc7d6246a6e5086861ce2b846f62b,df2def3,unknown (not recorded),,inferred: laptop Windows (native),
protocol_C.jsonl:998,C,treelstm,NbhdPenalty@b=0.25,0.1076,18310680,0,ok,ok,4.046823647052094,6560800,35,44,55.12,60,1200,eff53cc4804cc7d6246a6e5086861ce2b846f62b,df2def3,unknown (not recorded),,inferred: laptop Windows (native),
protocol_C.jsonl:999,C,treelstm,TwoPhase@k=8,0.0984,,0,timeout,timeout after 1200.0 s (20-min limit),,,,,1200.0,60,1200,eff53cc4804cc7d6246a6e5086861ce2b846f62b,df2def3,unknown (not recorded),,inferred: laptop Windows (native),
protocol_C.jsonl:1000,C,treelstm,DTR,0.1132,19263652,0,ok,ok,2.548301078225896,5960800,43,59,22.09,60,1200,eff53cc4804cc7d6246a6e5086861ce2b846f62b,df2def3,unknown (not recorded),,inferred: laptop Windows (native),
protocol_C.jsonl:1001,C,treelstm,TwoPhase@k=8,0.0964,,0,timeout,timeout after 1200.0 s (20-min limit),,,,,1200.0,60,1200,eff53cc4804cc7d6246a6e5086861ce2b846f62b,df2def3,unknown (not recorded),,inferred: laptop Windows (native),
protocol_C.jsonl:1002,C,treelstm,DTR,0.1003,,0,timeout,timeout after 1200.0 s (20-min limit),,,,,1200.0,60,1200,eff53cc4804cc7d6246a6e5086861ce2b846f62b,df2def3,unknown (not recorded),,inferred: laptop Windows (native),
protocol_C.jsonl:1003,C,treelstm,DTR,0.1163,19791190,0,ok,ok,2.5611196653768653,6320800,41,59,20.18,60,1200,eff53cc4804cc7d6246a6e5086861ce2b846f62b,df2def3,unknown (not recorded),,inferred: laptop Windows (native),
protocol_C.jsonl:1004,C,treelstm,NbhdPenalty@b=0.25,0.1132,19263652,0,ok,ok,4.168580211025411,5960800,39,43,60.26,60,1200,eff53cc4804cc7d6246a6e5086861ce2b846f62b,df2def3,unknown (not recorded),,inferred: laptop Windows (native),
protocol_C.jsonl:1005,C,treelstm,NbhdPenalty@b=0.25,0.1163,19791190,0,ok,ok,2.8985396008189563,5240800,4,52,40.52,60,1200,eff53cc4804cc7d6246a6e5086861ce2b846f62b,df2def3,unknown (not recorded),,inferred: laptop Windows (native),
protocol_C.jsonl:1006,C,treelstm,DTR,0.1247,21220648,0,ok,ok,2.1297560731810337,5600800,16,59,22.24,60,1200,eff53cc4804cc7d6246a6e5086861ce2b846f62b,df2def3,unknown (not recorded),,inferred: laptop Windows (native),
protocol_C.jsonl:1007,C,treelstm,NbhdPenalty@b=0.25,0.1247,21220648,0,ok,ok,2.7776414834741203,5120800,41,43,39.12,60,1200,eff53cc4804cc7d6246a6e5086861ce2b846f62b,df2def3,unknown (not recorded),,inferred: laptop Windows (native),
protocol_C.jsonl:1008,C,treelstm,TwoPhase@k=8,0.1003,,0,timeout,timeout after 1200.0 s (20-min limit),,,,,1200.0,60,1200,eff53cc4804cc7d6246a6e5086861ce2b846f62b,df2def3,unknown (not recorded),,inferred: laptop Windows (native),
protocol_C.jsonl:1009,C,treelstm,DTR,0.1253,21322753,0,ok,ok,2.1030616571416867,5000800,42,59,19.58,60,1200,eff53cc4804cc7d6246a6e5086861ce2b846f62b,df2def3,unknown (not recorded),,inferred: laptop Windows (native),
protocol_C.jsonl:1010,C,treelstm,NbhdPenalty@b=0.25,0.1253,21322753,0,ok,ok,2.879075498918209,5120800,41,43,43.78,60,1200,eff53cc4804cc7d6246a6e5086861ce2b846f62b,df2def3,unknown (not recorded),,inferred: laptop Windows (native),
protocol_C.jsonl:1011,C,treelstm,DTR,0.1076,,0,timeout,timeout after 1200.0 s (20-min limit),,,,,1200.0,60,1200,eff53cc4804cc7d6246a6e5086861ce2b846f62b,df2def3,unknown (not recorded),,inferred: laptop Windows (native),
protocol_C.jsonl:1012,C,treelstm,DTR,0.1369,23296766,0,ok,ok,2.0483707349431857,5240804,62,63,18.78,60,1200,eff53cc4804cc7d6246a6e5086861ce2b846f62b,df2def3,unknown (not recorded),,inferred: laptop Windows (native),
protocol_C.jsonl:1013,C,treelstm,TwoPhase@k=8,0.1076,,0,timeout,timeout after 1200.0 s (20-min limit),,,,,1200.0,60,1200,eff53cc4804cc7d6246a6e5086861ce2b846f62b,df2def3,unknown (not recorded),,inferred: laptop Windows (native),
protocol_C.jsonl:1014,C,treelstm,NbhdPenalty@b=0.25,0.1369,23296766,0,ok,ok,2.745928961999883,5240800,4,43,36.28,60,1200,eff53cc4804cc7d6246a6e5086861ce2b846f62b,df2def3,unknown (not recorded),,inferred: laptop Windows (native),
protocol_C.jsonl:1015,C,treelstm,DTR,0.1338,22769228,0,ok,ok,1.994215529585423,5240804,61,63,20.52,60,1200,eff53cc4804cc7d6246a6e5086861ce2b846f62b,df2def3,unknown (not recorded),,inferred: laptop Windows (native),
protocol_C.jsonl:1016,C,treelstm,TwoPhase@k=8,0.1132,,0,timeout,timeout after 1200.0 s (20-min limit),,,,,1200.0,60,1200,eff53cc4804cc7d6246a6e5086861ce2b846f62b,df2def3,unknown (not recorded),,inferred: laptop Windows (native),
protocol_C.jsonl:1017,C,treelstm,NbhdPenalty@b=0.25,0.1338,22769228,0,ok,ok,2.6138079548784483,4880800,49,49,36.78,60,1200,eff53cc4804cc7d6246a6e5086861ce2b846f62b,df2def3,unknown (not recorded),,inferred: laptop Windows (native),
protocol_C.jsonl:1018,C,treelstm,DTR,0.1422,24198687,0,ok,ok,1.9140467231332308,5000800,42,51,18.79,60,1200,eff53cc4804cc7d6246a6e5086861ce2b846f62b,df2def3,unknown (not recorded),,inferred: laptop Windows (native),
protocol_C.jsonl:1019,C,treelstm,TwoPhase@k=8,0.1163,,0,timeout,timeout after 1200.0 s (20-min limit),,,,,1200.0,60,1200,eff53cc4804cc7d6246a6e5086861ce2b846f62b,df2def3,unknown (not recorded),,inferred: laptop Windows (native),
protocol_C.jsonl:1020,C,treelstm,NbhdPenalty@b=0.25,0.1422,24198687,0,ok,ok,2.4814723755219608,4520800,33,47,43.5,60,1200,eff53cc4804cc7d6246a6e5086861ce2b846f62b,df2def3,unknown (not recorded),,inferred: laptop Windows (native),
protocol_C.jsonl:1021,C,treelstm,DTR,0.1406,23926409,0,ok,ok,1.9213554498376524,5000800,42,51,18.28,60,1200,eff53cc4804cc7d6246a6e5086861ce2b846f62b,df2def3,unknown (not recorded),,inferred: laptop Windows (native),
protocol_C.jsonl:1022,C,treelstm,TwoPhase@k=8,0.1247,,0,timeout,timeout after 1200.0 s (20-min limit),,,,,1200.0,60,1200,eff53cc4804cc7d6246a6e5086861ce2b846f62b,df2def3,unknown (not recorded),,inferred: laptop Windows (native),
protocol_C.jsonl:1023,C,treelstm,NbhdPenalty@b=0.25,0.1406,23926409,0,ok,ok,2.5762345422756106,4880800,37,47,41.85,60,1200,eff53cc4804cc7d6246a6e5086861ce2b846f62b,df2def3,unknown (not recorded),,inferred: laptop Windows (native),
protocol_C.jsonl:1024,C,treelstm,DTR,0.1522,25900423,0,ok,ok,1.9663119267139295,4880804,54,56,13.25,60,1200,eff53cc4804cc7d6246a6e5086861ce2b846f62b,df2def3,unknown (not recorded),,inferred: laptop Windows (native),
protocol_C.jsonl:1025,C,treelstm,NbhdPenalty@b=0.25,0.1522,25900423,0,ok,ok,2.4807023256164458,5120800,41,47,38.58,60,1200,eff53cc4804cc7d6246a6e5086861ce2b846f62b,df2def3,unknown (not recorded),,inferred: laptop Windows (native),
protocol_C.jsonl:1026,C,treelstm,TwoPhase@k=8,0.1253,,0,timeout,timeout after 1200.0 s (20-min limit),,,,,1200.0,60,1200,eff53cc4804cc7d6246a6e5086861ce2b846f62b,df2def3,unknown (not recorded),,inferred: laptop Windows (native),
protocol_C.jsonl:1027,C,treelstm,DTR,0.1597,27176725,0,ok,ok,1.9208126453242624,5000804,59,61,15.81,60,1200,eff53cc4804cc7d6246a6e5086861ce2b846f62b,df2def3,unknown (not recorded),,inferred: laptop Windows (native),
protocol_C.jsonl:1028,C,treelstm,NbhdPenalty@b=0.25,0.1597,27176725,0,ok,ok,2.1634983580335683,5600804,65,67,37.18,60,1200,eff53cc4804cc7d6246a6e5086861ce2b846f62b,df2def3,unknown (not recorded),,inferred: laptop Windows (native),
protocol_C.jsonl:1029,C,treelstm,TwoPhase@k=8,0.1369,,0,timeout,timeout after 1200.0 s (20-min limit),,,,,1200.0,60,1200,eff53cc4804cc7d6246a6e5086861ce2b846f62b,c166d2b,unknown (not recorded),,inferred: laptop Windows (native),
protocol_C.jsonl:1030,C,treelstm,DTR,0.1604,27295846,0,ok,ok,1.920341929247233,5000804,59,61,14.76,60,1200,eff53cc4804cc7d6246a6e5086861ce2b846f62b,c166d2b,unknown (not recorded),,inferred: laptop Windows (native),
protocol_C.jsonl:1031,C,treelstm,TwoPhase@k=8,0.1338,,0,timeout,timeout after 1200.0 s (20-min limit),,,,,1200.0,60,1200,eff53cc4804cc7d6246a6e5086861ce2b846f62b,c166d2b,unknown (not recorded),,inferred: laptop Windows (native),
protocol_C.jsonl:1032,C,treelstm,NbhdPenalty@b=0.25,0.1604,27295846,0,ok,ok,2.1549865943394293,5600804,65,67,34.21,60,1200,eff53cc4804cc7d6246a6e5086861ce2b846f62b,c166d2b,unknown (not recorded),,inferred: laptop Windows (native),
protocol_C.jsonl:1033,C,treelstm,DTR,0.1693,28810391,0,ok,ok,2.3785815943664854,6440800,43,61,24.96,60,1200,eff53cc4804cc7d6246a6e5086861ce2b846f62b,c166d2b,unknown (not recorded),,inferred: laptop Windows (native),
protocol_C.jsonl:1034,C,treelstm,TwoPhase@k=8,0.1422,,0,timeout,timeout after 1200.0 s (20-min limit),,,,,1200.0,60,1200,eff53cc4804cc7d6246a6e5086861ce2b846f62b,c166d2b,unknown (not recorded),,inferred: laptop Windows (native),
protocol_C.jsonl:1035,C,treelstm,NbhdPenalty@b=0.25,0.1693,28810391,0,ok,ok,2.5889737624317695,5360804,70,70,40.44,60,1200,eff53cc4804cc7d6246a6e5086861ce2b846f62b,c166d2b,unknown (not recorded),,inferred: laptop Windows (native),
protocol_C.jsonl:1036,C,treelstm,DTR,0.1775,30205815,0,ok,ok,1.8847747678720812,5000804,59,61,18.33,60,1200,eff53cc4804cc7d6246a6e5086861ce2b846f62b,c166d2b,unknown (not recorded),,inferred: laptop Windows (native),
protocol_C.jsonl:1037,C,treelstm,NbhdPenalty@b=0.25,0.1775,30205815,0,ok,ok,2.3452749026042565,5240804,66,69,34.76,60,1200,eff53cc4804cc7d6246a6e5086861ce2b846f62b,c166d2b,unknown (not recorded),,inferred: laptop Windows (native),
protocol_C.jsonl:1038,C,treelstm,TwoPhase@k=8,0.1406,,0,timeout,timeout after 1200.0 s (20-min limit),,,,,1200.0,60,1200,eff53cc4804cc7d6246a6e5086861ce2b846f62b,c166d2b,unknown (not recorded),,inferred: laptop Windows (native),
protocol_C.jsonl:1039,C,treelstm,DTR,0.1744,29678277,0,ok,ok,1.8895609719612665,5000804,59,61,19.7,60,1200,eff53cc4804cc7d6246a6e5086861ce2b846f62b,c166d2b,unknown (not recorded),,inferred: laptop Windows (native),
protocol_C.jsonl:1040,C,treelstm,NbhdPenalty@b=0.25,0.1744,29678277,0,ok,ok,2.4162139325850456,5360804,67,69,32.45,60,1200,eff53cc4804cc7d6246a6e5086861ce2b846f62b,c166d2b,unknown (not recorded),,inferred: laptop Windows (native),
protocol_C.jsonl:1041,C,treelstm,TwoPhase@k=8,0.1522,,0,timeout,timeout after 1200.0 s (20-min limit),,,,,1200.0,60,1200,eff53cc4804cc7d6246a6e5086861ce2b846f62b,c166d2b,unknown (not recorded),,inferred: laptop Windows (native),
protocol_C.jsonl:1042,C,treelstm,DTR,0.1899,32315968,0,ok,ok,1.5435418388304405,4160800,1,30,11.57,60,1200,eff53cc4804cc7d6246a6e5086861ce2b846f62b,c166d2b,unknown (not recorded),,inferred: laptop Windows (native),
protocol_C.jsonl:1043,C,treelstm,NbhdPenalty@b=0.25,0.1899,32315968,0,ok,ok,2.3535578772211263,5240804,66,69,31.25,60,1200,eff53cc4804cc7d6246a6e5086861ce2b846f62b,c166d2b,unknown (not recorded),,inferred: laptop Windows (native),
protocol_C.jsonl:1044,C,treelstm,TwoPhase@k=8,0.1597,,0,timeout,timeout after 1200.0 s (20-min limit),,,,,1200.0,60,1200,eff53cc4804cc7d6246a6e5086861ce2b846f62b,c166d2b,unknown (not recorded),,inferred: laptop Windows (native),
protocol_C.jsonl:1045,C,treelstm,DTR,0.1886,32094742,0,ok,ok,1.8440091554803992,5120800,48,61,15.15,60,1200,eff53cc4804cc7d6246a6e5086861ce2b846f62b,c166d2b,unknown (not recorded),,inferred: laptop Windows (native),
protocol_C.jsonl:1046,C,treelstm,NbhdPenalty@b=0.25,0.1886,32094742,0,ok,ok,2.340282110285979,5240804,66,69,31.19,60,1200,eff53cc4804cc7d6246a6e5086861ce2b846f62b,c166d2b,unknown (not recorded),,inferred: laptop Windows (native),
protocol_C.jsonl:1047,C,treelstm,TwoPhase@k=8,0.1886,32094742,0,ok,ok,1.6334961484059725,4640800,35,37,16.44,60,1200,eff53cc4804cc7d6246a6e5086861ce2b846f62b,c166d2b,unknown (not recorded),,inferred: laptop Windows (native),
protocol_C.jsonl:1048,C,treelstm,DTR,0.192,32673332,0,ok,ok,1.5662604107869,5120804,58,63,19.18,60,1200,eff53cc4804cc7d6246a6e5086861ce2b846f62b,c166d2b,unknown (not recorded),,inferred: laptop Windows (native),
protocol_C.jsonl:1049,C,treelstm,NbhdPenalty@b=0.25,0.192,32673332,0,ok,ok,2.3793248787634504,5240804,66,68,33.04,60,1200,eff53cc4804cc7d6246a6e5086861ce2b846f62b,c166d2b,unknown (not recorded),,inferred: laptop Windows (native),
protocol_C.jsonl:1050,C,treelstm,TwoPhase@k=8,0.1604,,0,timeout,timeout after 1200.0 s (20-min limit),,,,,1200.0,60,1200,eff53cc4804cc7d6246a6e5086861ce2b846f62b,c166d2b,unknown (not recorded),,inferred: laptop Windows (native),
protocol_C.jsonl:1051,C,treelstm,DTR,0.1953,33234905,0,ok,ok,1.5906150234160437,5240804,59,64,18.65,60,1200,eff53cc4804cc7d6246a6e5086861ce2b846f62b,c166d2b,unknown (not recorded),,inferred: laptop Windows (native),
protocol_C.jsonl:1052,C,treelstm,TwoPhase@k=8,0.1693,,0,timeout,timeout after 1200.0 s (20-min limit),,,,,1200.0,60,1200,eff53cc4804cc7d6246a6e5086861ce2b846f62b,c166d2b,unknown (not recorded),,inferred: laptop Windows (native),
protocol_C.jsonl:1053,C,treelstm,NbhdPenalty@b=0.25,0.1953,33234905,0,ok,ok,2.3610017261719665,5240804,66,69,35.02,60,1200,eff53cc4804cc7d6246a6e5086861ce2b846f62b,c166d2b,unknown (not recorded),,inferred: laptop Windows (native),
protocol_C.jsonl:1054,C,treelstm,TwoPhase@k=8,0.1953,33234905,0,ok,ok,1.5920417038658823,4640800,35,37,14.97,60,1200,eff53cc4804cc7d6246a6e5086861ce2b846f62b,c166d2b,unknown (not recorded),,inferred: laptop Windows (native),
protocol_C.jsonl:1055,C,treelstm,DTR,0.2042,34749450,0,ok,ok,1.5213609423689884,4160800,1,30,9.97,60,1200,eff53cc4804cc7d6246a6e5086861ce2b846f62b,c166d2b,unknown (not recorded),,inferred: laptop Windows (native),
protocol_C.jsonl:1056,C,treelstm,NbhdPenalty@b=0.25,0.2042,34749450,0,ok,ok,2.059012709441972,4880800,41,52,24.58,60,1200,eff53cc4804cc7d6246a6e5086861ce2b846f62b,c166d2b,unknown (not recorded),,inferred: laptop Windows (native),
protocol_C.jsonl:1057,C,treelstm,TwoPhase@k=8,0.2042,34749450,0,ok,ok,1.5068074937979545,4400800,33,35,16.37,60,1200,eff53cc4804cc7d6246a6e5086861ce2b846f62b,c166d2b,unknown (not recorded),,inferred: laptop Windows (native),
protocol_C.jsonl:1058,C,treelstm,DTR,0.2065,35140850,0,ok,ok,1.564824003460776,5360804,64,67,15.64,60,1200,eff53cc4804cc7d6246a6e5086861ce2b846f62b,c166d2b,unknown (not recorded),,inferred: laptop Windows (native),
protocol_C.jsonl:1059,C,treelstm,TwoPhase@k=8,0.1899,32315968,0,ok,ok,17.74228346653787,7280804,83,166,1062.92,60,1200,eff53cc4804cc7d6246a6e5086861ce2b846f62b,c166d2b,unknown (not recorded),,inferred: laptop Windows (native),
protocol_C.jsonl:1060,C,treelstm,TwoPhase@k=8,0.2065,35140850,0,ok,ok,1.4364996733529036,4400800,33,35,9.83,60,1200,eff53cc4804cc7d6246a6e5086861ce2b846f62b,c166d2b,unknown (not recorded),,inferred: laptop Windows (native),
protocol_C.jsonl:1061,C,treelstm,NbhdPenalty@b=0.25,0.2065,35140850,0,ok,ok,1.9212673186949267,5360804,53,55,25.05,60,1200,eff53cc4804cc7d6246a6e5086861ce2b846f62b,c166d2b,unknown (not recorded),,inferred: laptop Windows (native),
protocol_C.jsonl:1062,C,treelstm,DTR,0.2136,36349082,0,ok,ok,1.6404053179388862,5240804,53,56,17.42,60,1200,eff53cc4804cc7d6246a6e5086861ce2b846f62b,c166d2b,unknown (not recorded),,inferred: laptop Windows (native),
protocol_C.jsonl:1063,C,treelstm,TwoPhase@k=8,0.1775,,0,timeout,timeout after 1200.0 s (20-min limit),,,,,1200.0,60,1200,eff53cc4804cc7d6246a6e5086861ce2b846f62b,c166d2b,unknown (not recorded),,inferred: laptop Windows (native),
protocol_C.jsonl:1064,C,treelstm,DTR,0.2173,36978725,0,ok,ok,1.6396122040494148,5240804,53,56,16.77,60,1200,eff53cc4804cc7d6246a6e5086861ce2b846f62b,c166d2b,unknown (not recorded),,inferred: laptop Windows (native),
protocol_C.jsonl:1065,C,treelstm,NbhdPenalty@b=0.25,0.2136,36349082,0,ok,ok,2.048775595420109,5360804,53,55,29.7,60,1200,eff53cc4804cc7d6246a6e5086861ce2b846f62b,c166d2b,unknown (not recorded),,inferred: laptop Windows (native),
protocol_C.jsonl:1066,C,treelstm,TwoPhase@k=8,0.2173,36978725,0,ok,ok,1.3875450685517374,4160800,1,28,5.72,60,1200,eff53cc4804cc7d6246a6e5086861ce2b846f62b,c166d2b,unknown (not recorded),,inferred: laptop Windows (native),
protocol_C.jsonl:1067,C,treelstm,DTR,0.222,37778540,0,ok,ok,1.6338299578693467,5480804,55,56,16.77,60,1200,eff53cc4804cc7d6246a6e5086861ce2b846f62b,c166d2b,unknown (not recorded),,inferred: laptop Windows (native),
protocol_C.jsonl:1068,C,treelstm,NbhdPenalty@b=0.25,0.2173,36978725,0,ok,ok,1.672390789504654,5240804,71,73,38.72,60,1200,eff53cc4804cc7d6246a6e5086861ce2b846f62b,c166d2b,unknown (not recorded),,inferred: laptop Windows (native),
protocol_C.jsonl:1069,C,treelstm,NbhdPenalty@b=0.25,0.222,37778540,0,ok,ok,1.7450723827324641,5600804,68,70,34.48,60,1200,eff53cc4804cc7d6246a6e5086861ce2b846f62b,c166d2b,unknown (not recorded),,inferred: laptop Windows (native),
protocol_C.jsonl:1070,C,treelstm,DTR,0.2215,37693454,0,ok,ok,1.5974498387811753,5360804,53,56,15.96,60,1200,eff53cc4804cc7d6246a6e5086861ce2b846f62b,c166d2b,unknown (not recorded),,inferred: laptop Windows (native),
protocol_C.jsonl:1071,C,treelstm,TwoPhase@k=8,0.1744,,0,timeout,timeout after 1200.0 s (20-min limit),,,,,1200.0,60,1200,eff53cc4804cc7d6246a6e5086861ce2b846f62b,c166d2b,unknown (not recorded),,inferred: laptop Windows (native),
protocol_C.jsonl:1072,C,treelstm,DTR,0.2368,40297110,0,ok,ok,1.6071566803572175,5600804,62,62,15.85,60,1200,eff53cc4804cc7d6246a6e5086861ce2b846f62b,c166d2b,unknown (not recorded),,inferred: laptop Windows (native),
protocol_C.jsonl:1073,C,treelstm,NbhdPenalty@b=0.25,0.2215,37693454,0,ok,ok,1.7468416865898877,5600804,68,70,34.88,60,1200,eff53cc4804cc7d6246a6e5086861ce2b846f62b,c166d2b,unknown (not recorded),,inferred: laptop Windows (native),
protocol_C.jsonl:1074,C,treelstm,TwoPhase@k=8,0.2368,40297110,0,ok,ok,1.3503216326093759,4160800,1,30,6.52,60,1200,eff53cc4804cc7d6246a6e5086861ce2b846f62b,c166d2b,unknown (not recorded),,inferred: laptop Windows (native),
protocol_C.jsonl:1075,C,treelstm,NbhdPenalty@b=0.25,0.2368,40297110,0,ok,ok,1.8295967798130335,5480804,70,72,24.66,60,1200,eff53cc4804cc7d6246a6e5086861ce2b846f62b,c166d2b,unknown (not recorded),,inferred: laptop Windows (native),
protocol_C.jsonl:1076,C,treelstm,DTR,0.2349,39973780,0,ok,ok,1.6003171758409755,5600804,62,62,16.09,60,1200,eff53cc4804cc7d6246a6e5086861ce2b846f62b,c166d2b,unknown (not recorded),,inferred: laptop Windows (native),
protocol_C.jsonl:1077,C,treelstm,NbhdPenalty@b=0.25,0.2349,39973780,0,ok,ok,1.6668193393406034,5360804,63,66,27.26,60,1200,eff53cc4804cc7d6246a6e5086861ce2b846f62b,c166d2b,unknown (not recorded),,inferred: laptop Windows (native),
protocol_C.jsonl:1078,C,treelstm,DTR,0.2434,41420256,0,ok,ok,1.6045917893943387,5600804,62,62,16.11,60,1200,eff53cc4804cc7d6246a6e5086861ce2b846f62b,c166d2b,unknown (not recorded),,inferred: laptop Windows (native),
protocol_C.jsonl:1079,C,treelstm,NbhdPenalty@b=0.25,0.2434,41420256,0,ok,ok,1.469341151528698,5600804,68,70,20.27,60,1200,eff53cc4804cc7d6246a6e5086861ce2b846f62b,c166d2b,unknown (not recorded),,inferred: laptop Windows (native),
protocol_C.jsonl:1080,C,treelstm,TwoPhase@k=8,0.2434,41420256,0,ok,ok,1.3491494361250143,4160800,1,29,7.0,60,1200,eff53cc4804cc7d6246a6e5086861ce2b846f62b,c166d2b,unknown (not recorded),,inferred: laptop Windows (native),
protocol_C.jsonl:1081,C,treelstm,DTR,0.242,41182013,0,ok,ok,1.612627849082568,5600804,62,62,16.58,60,1200,eff53cc4804cc7d6246a6e5086861ce2b846f62b,c166d2b,unknown (not recorded),,inferred: laptop Windows (native),
protocol_C.jsonl:1082,C,treelstm,NbhdPenalty@b=0.25,0.242,41182013,0,ok,ok,1.5005765498026191,5360804,64,66,17.61,60,1200,eff53cc4804cc7d6246a6e5086861ce2b846f62b,c166d2b,unknown (not recorded),,inferred: laptop Windows (native),
protocol_C.jsonl:1083,C,treelstm,TwoPhase@k=8,0.242,41182013,0,ok,ok,1.3491009511324723,4160800,1,29,6.87,60,1200,eff53cc4804cc7d6246a6e5086861ce2b846f62b,c166d2b,unknown (not recorded),,inferred: laptop Windows (native),
protocol_C.jsonl:1084,C,treelstm,DTR,0.2559,43547426,0,ok,ok,1.5623272172306601,5480804,61,61,22.78,60,1200,eff53cc4804cc7d6246a6e5086861ce2b846f62b,c166d2b,unknown (not recorded),,inferred: laptop Windows (native),
protocol_C.jsonl:1085,C,treelstm,NbhdPenalty@b=0.25,0.2559,43547426,0,ok,ok,1.499823223152834,5600804,68,70,20.14,60,1200,eff53cc4804cc7d6246a6e5086861ce2b846f62b,c166d2b,unknown (not recorded),,inferred: laptop Windows (native),
protocol_C.jsonl:1086,C,treelstm,TwoPhase@k=8,0.192,,0,timeout,timeout after 1200.0 s (20-min limit),,,,,1200.0,60,1200,eff53cc4804cc7d6246a6e5086861ce2b846f62b,c166d2b,unknown (not recorded),,inferred: laptop Windows (native),
protocol_C.jsonl:1087,C,treelstm,TwoPhase@k=8,0.2559,43547426,0,ok,ok,1.3384913359260382,4160800,1,29,7.72,60,1200,eff53cc4804cc7d6246a6e5086861ce2b846f62b,c166d2b,unknown (not recorded),,inferred: laptop Windows (native),
protocol_C.jsonl:1088,C,treelstm,NbhdPenalty@b=0.25,0.2524,42951818,0,ok,ok,1.5120716095287932,5240804,59,61,18.06,60,1200,eff53cc4804cc7d6246a6e5086861ce2b846f62b,c166d2b,unknown (not recorded),,inferred: laptop Windows (native),
protocol_C.jsonl:1089,C,treelstm,DTR,0.2524,42951818,0,ok,ok,1.5624127672654295,5480804,61,61,24.12,60,1200,eff53cc4804cc7d6246a6e5086861ce2b846f62b,c166d2b,unknown (not recorded),,inferred: laptop Windows (native),
protocol_C.jsonl:1090,C,treelstm,TwoPhase@k=8,0.2524,42951818,0,ok,ok,1.3450055710434943,4160800,1,29,7.96,60,1200,eff53cc4804cc7d6246a6e5086861ce2b846f62b,c166d2b,unknown (not recorded),,inferred: laptop Windows (native),
protocol_C.jsonl:1091,C,treelstm,NbhdPenalty@b=0.25,0.2622,44619520,0,ok,ok,1.2992573579752402,4160800,1,14,11.22,60,1200,eff53cc4804cc7d6246a6e5086861ce2b846f62b,c166d2b,unknown (not recorded),,inferred: laptop Windows (native),
protocol_C.jsonl:1092,C,treelstm,DTR,0.2622,44619520,0,ok,ok,1.552056391117098,5600804,62,64,23.53,60,1200,eff53cc4804cc7d6246a6e5086861ce2b846f62b,c166d2b,unknown (not recorded),,inferred: laptop Windows (native),
protocol_C.jsonl:1093,C,treelstm,DTR,0.2643,44976884,0,ok,ok,1.5459755746517339,5600804,62,64,23.88,60,1200,eff53cc4804cc7d6246a6e5086861ce2b846f62b,c166d2b,unknown (not recorded),,inferred: laptop Windows (native),
protocol_C.jsonl:1094,C,treelstm,NbhdPenalty@b=0.25,0.2643,44976884,0,ok,ok,1.2646473145870645,4160800,1,14,10.39,60,1200,eff53cc4804cc7d6246a6e5086861ce2b846f62b,c166d2b,unknown (not recorded),,inferred: laptop Windows (native),
protocol_C.jsonl:1095,C,treelstm,TwoPhase@k=8,0.2643,44976884,0,ok,ok,1.3397484931890122,4160800,1,29,8.6,60,1200,eff53cc4804cc7d6246a6e5086861ce2b846f62b,c166d2b,unknown (not recorded),,inferred: laptop Windows (native),
protocol_C.jsonl:1096,C,treelstm,DTR,0.2772,47172124,0,ok,ok,1.286905046731665,4160800,1,18,8.66,60,1200,eff53cc4804cc7d6246a6e5086861ce2b846f62b,c166d2b,unknown (not recorded),,inferred: laptop Windows (native),
protocol_C.jsonl:1097,C,treelstm,NbhdPenalty@b=0.25,0.2772,47172124,0,ok,ok,1.2598339051220568,4160800,1,14,10.84,60,1200,eff53cc4804cc7d6246a6e5086861ce2b846f62b,c166d2b,unknown (not recorded),,inferred: laptop Windows (native),
protocol_C.jsonl:1098,C,treelstm,TwoPhase@k=8,0.2772,47172124,0,ok,ok,1.313120190030629,4160800,1,26,6.48,60,1200,eff53cc4804cc7d6246a6e5086861ce2b846f62b,c166d2b,unknown (not recorded),,inferred: laptop Windows (native),
protocol_C.jsonl:1099,C,treelstm,DTR,0.2795,47563523,0,ok,ok,1.2802517803586348,4160800,1,18,9.21,60,1200,eff53cc4804cc7d6246a6e5086861ce2b846f62b,c166d2b,unknown (not recorded),,inferred: laptop Windows (native),
protocol_C.jsonl:1100,C,treelstm,NbhdPenalty@b=0.25,0.2795,47563523,0,ok,ok,1.2591371636621298,4160800,1,14,10.5,60,1200,eff53cc4804cc7d6246a6e5086861ce2b846f62b,c166d2b,unknown (not recorded),,inferred: laptop Windows (native),
protocol_C.jsonl:1101,C,treelstm,TwoPhase@k=8,0.2795,47563523,0,ok,ok,1.306225253938696,4160800,1,26,5.96,60,1200,eff53cc4804cc7d6246a6e5086861ce2b846f62b,c166d2b,unknown (not recorded),,inferred: laptop Windows (native),
protocol_C.jsonl:1102,C,treelstm,DTR,0.281,47818783,0,ok,ok,1.2869269985983671,4160800,1,18,8.03,60,1200,eff53cc4804cc7d6246a6e5086861ce2b846f62b,c166d2b,unknown (not recorded),,inferred: laptop Windows (native),
protocol_C.jsonl:1103,C,treelstm,NbhdPenalty@b=0.25,0.281,47818783,0,ok,ok,1.2590984304440207,4160800,1,14,10.37,60,1200,eff53cc4804cc7d6246a6e5086861ce2b846f62b,c166d2b,unknown (not recorded),,inferred: laptop Windows (native),
protocol_C.jsonl:1104,C,treelstm,TwoPhase@k=8,0.281,47818783,0,ok,ok,1.3094516969797185,4160800,1,29,8.93,60,1200,eff53cc4804cc7d6246a6e5086861ce2b846f62b,c166d2b,unknown (not recorded),,inferred: laptop Windows (native),
protocol_C.jsonl:1105,C,treelstm,DTR,0.2805,47733697,0,ok,ok,1.2818765836674195,4160800,1,18,7.68,60,1200,eff53cc4804cc7d6246a6e5086861ce2b846f62b,c166d2b,unknown (not recorded),,inferred: laptop Windows (native),
protocol_C.jsonl:1106,C,treelstm,NbhdPenalty@b=0.25,0.2805,47733697,0,ok,ok,1.2588572752868326,4160800,1,14,10.14,60,1200,eff53cc4804cc7d6246a6e5086861ce2b846f62b,c166d2b,unknown (not recorded),,inferred: laptop Windows (native),
protocol_C.jsonl:1107,C,treelstm,TwoPhase@k=8,0.2805,47733697,0,ok,ok,1.311453433343327,4160800,1,29,9.11,60,1200,eff53cc4804cc7d6246a6e5086861ce2b846f62b,c166d2b,unknown (not recorded),,inferred: laptop Windows (native),
protocol_C.jsonl:1108,C,treelstm,DTR,0.2957,50320335,0,ok,ok,1.2479703694118225,4160800,1,18,7.59,60,1200,eff53cc4804cc7d6246a6e5086861ce2b846f62b,c166d2b,unknown (not recorded),,inferred: laptop Windows (native),
protocol_C.jsonl:1109,C,treelstm,NbhdPenalty@b=0.25,0.2957,50320335,0,ok,ok,1.23737828250122,4160800,1,9,7.74,60,1200,eff53cc4804cc7d6246a6e5086861ce2b846f62b,c166d2b,unknown (not recorded),,inferred: laptop Windows (native),
protocol_C.jsonl:1110,C,treelstm,TwoPhase@k=8,0.2957,50320335,0,ok,ok,1.2510235213463272,4160800,1,19,5.99,60,1200,eff53cc4804cc7d6246a6e5086861ce2b846f62b,c166d2b,unknown (not recorded),,inferred: laptop Windows (native),
protocol_C.jsonl:1111,C,treelstm,DTR,0.2934,49928936,0,ok,ok,1.2493698195876912,4160800,1,18,7.05,60,1200,eff53cc4804cc7d6246a6e5086861ce2b846f62b,c166d2b,unknown (not recorded),,inferred: laptop Windows (native),
protocol_C.jsonl:1112,C,treelstm,NbhdPenalty@b=0.25,0.2934,49928936,0,ok,ok,1.2376348828092334,4160800,1,9,9.69,60,1200,eff53cc4804cc7d6246a6e5086861ce2b846f62b,c166d2b,unknown (not recorded),,inferred: laptop Windows (native),
protocol_C.jsonl:1113,C,treelstm,TwoPhase@k=8,0.2934,49928936,0,ok,ok,1.2625197014891383,4160800,1,29,7.4,60,1200,eff53cc4804cc7d6246a6e5086861ce2b846f62b,c166d2b,unknown (not recorded),,inferred: laptop Windows (native),
protocol_C.jsonl:1114,C,treelstm,DTR,0.3034,51630672,0,ok,ok,1.2310471732585397,4160800,1,12,6.51,60,1200,eff53cc4804cc7d6246a6e5086861ce2b846f62b,c166d2b,unknown (not recorded),,inferred: laptop Windows (native),
protocol_C.jsonl:1115,C,treelstm,NbhdPenalty@b=0.25,0.3034,51630672,0,ok,ok,1.232104224110151,4160800,1,9,6.84,60,1200,eff53cc4804cc7d6246a6e5086861ce2b846f62b,c166d2b,unknown (not recorded),,inferred: laptop Windows (native),
protocol_C.jsonl:1116,C,treelstm,TwoPhase@k=8,0.3034,51630672,0,ok,ok,1.236507594283558,4160800,1,21,6.72,60,1200,eff53cc4804cc7d6246a6e5086861ce2b846f62b,c166d2b,unknown (not recorded),,inferred: laptop Windows (native),
protocol_C.jsonl:1117,C,treelstm,DTR,0.3188,54251346,0,ok,ok,1.2203892141490662,4160800,1,12,6.81,60,1200,eff53cc4804cc7d6246a6e5086861ce2b846f62b,c166d2b,unknown (not recorded),,inferred: laptop Windows (native),
protocol_C.jsonl:1118,C,treelstm,NbhdPenalty@b=0.25,0.3188,54251346,0,ok,ok,1.2209722955657096,4160800,1,9,4.88,60,1200,eff53cc4804cc7d6246a6e5086861ce2b846f62b,c166d2b,unknown (not recorded),,inferred: laptop Windows (native),
protocol_C.jsonl:1119,C,treelstm,TwoPhase@k=8,0.3188,54251346,0,ok,ok,1.2279731649758223,4160800,1,18,4.63,60,1200,eff53cc4804cc7d6246a6e5086861ce2b846f62b,c166d2b,unknown (not recorded),,inferred: laptop Windows (native),
protocol_C.jsonl:1120,C,treelstm,DTR,0.3293,56038169,0,ok,ok,1.2133024544295017,4160800,1,12,6.53,60,1200,eff53cc4804cc7d6246a6e5086861ce2b846f62b,c166d2b,unknown (not recorded),,inferred: laptop Windows (native),
protocol_C.jsonl:1121,C,treelstm,NbhdPenalty@b=0.25,0.3293,56038169,0,ok,ok,1.2194965823640844,4160800,1,9,5.2,60,1200,eff53cc4804cc7d6246a6e5086861ce2b846f62b,c166d2b,unknown (not recorded),,inferred: laptop Windows (native),
protocol_C.jsonl:1122,C,treelstm,TwoPhase@k=8,0.3293,56038169,0,ok,ok,1.2140678566808187,4160800,1,14,6.51,60,1200,eff53cc4804cc7d6246a6e5086861ce2b846f62b,c166d2b,unknown (not recorded),,inferred: laptop Windows (native),
protocol_C.jsonl:1123,C,treelstm,DTR,0.3316,56429568,0,ok,ok,1.2115239299581249,4160800,1,12,6.69,60,1200,eff53cc4804cc7d6246a6e5086861ce2b846f62b,c166d2b,unknown (not recorded),,inferred: laptop Windows (native),
protocol_C.jsonl:1124,C,treelstm,NbhdPenalty@b=0.25,0.3316,56429568,0,ok,ok,1.2170559248577892,4160800,1,9,4.64,60,1200,eff53cc4804cc7d6246a6e5086861ce2b846f62b,c166d2b,unknown (not recorded),,inferred: laptop Windows (native),
protocol_C.jsonl:1125,C,treelstm,TwoPhase@k=8,0.3316,56429568,0,ok,ok,1.2125763165567733,4160800,1,14,5.51,60,1200,eff53cc4804cc7d6246a6e5086861ce2b846f62b,c166d2b,unknown (not recorded),,inferred: laptop Windows (native),
protocol_C.jsonl:1126,C,treelstm,DTR,0.3441,58556738,0,ok,ok,1.2065055257454647,4160800,1,12,5.82,60,1200,eff53cc4804cc7d6246a6e5086861ce2b846f62b,c166d2b,unknown (not recorded),,inferred: laptop Windows (native),
protocol_C.jsonl:1127,C,treelstm,NbhdPenalty@b=0.25,0.3441,58556738,0,ok,ok,1.2139547277980147,4160800,1,9,4.22,60,1200,eff53cc4804cc7d6246a6e5086861ce2b846f62b,c166d2b,unknown (not recorded),,inferred: laptop Windows (native),
protocol_C.jsonl:1128,C,treelstm,TwoPhase@k=8,0.3441,58556738,0,ok,ok,1.2052250472176769,4160800,1,14,5.73,60,1200,eff53cc4804cc7d6246a6e5086861ce2b846f62b,c166d2b,unknown (not recorded),,inferred: laptop Windows (native),
protocol_C.jsonl:1129,C,treelstm,DTR,0.3585,61007238,0,ok,ok,1.1951609089257966,4160800,1,12,6.25,60,1200,eff53cc4804cc7d6246a6e5086861ce2b846f62b,c166d2b,unknown (not recorded),,inferred: laptop Windows (native),
protocol_C.jsonl:1130,C,treelstm,NbhdPenalty@b=0.25,0.3585,61007238,0,ok,ok,1.207869047894508,4160800,1,9,3.5,60,1200,eff53cc4804cc7d6246a6e5086861ce2b846f62b,c166d2b,unknown (not recorded),,inferred: laptop Windows (native),
protocol_C.jsonl:1131,C,treelstm,TwoPhase@k=8,0.3585,61007238,0,ok,ok,1.2015928722645692,4160800,1,14,4.39,60,1200,eff53cc4804cc7d6246a6e5086861ce2b846f62b,c166d2b,unknown (not recorded),,inferred: laptop Windows (native),
protocol_C.jsonl:1132,C,treelstm,DTR,0.368,62623887,0,ok,ok,1.1923649133579324,4160800,1,11,5.72,60,1200,eff53cc4804cc7d6246a6e5086861ce2b846f62b,c166d2b,unknown (not recorded),,inferred: laptop Windows (native),
protocol_C.jsonl:1133,C,treelstm,NbhdPenalty@b=0.25,0.368,62623887,0,ok,ok,1.203290909324499,4160800,1,9,3.6,60,1200,eff53cc4804cc7d6246a6e5086861ce2b846f62b,c166d2b,unknown (not recorded),,inferred: laptop Windows (native),
protocol_C.jsonl:1134,C,treelstm,TwoPhase@k=8,0.368,62623887,0,ok,ok,1.1996028131321328,4160800,1,14,4.17,60,1200,eff53cc4804cc7d6246a6e5086861ce2b846f62b,c166d2b,unknown (not recorded),,inferred: laptop Windows (native),
protocol_C.jsonl:1135,C,treelstm,DTR,0.3766,64087380,0,ok,ok,1.1885250961541558,4160800,1,11,5.58,60,1200,eff53cc4804cc7d6246a6e5086861ce2b846f62b,c166d2b,unknown (not recorded),,inferred: laptop Windows (native),
protocol_C.jsonl:1136,C,treelstm,NbhdPenalty@b=0.25,0.3766,64087380,0,ok,ok,1.2007295704973286,4160800,1,6,3.41,60,1200,eff53cc4804cc7d6246a6e5086861ce2b846f62b,c166d2b,unknown (not recorded),,inferred: laptop Windows (native),
protocol_C.jsonl:1137,C,treelstm,TwoPhase@k=8,0.3766,64087380,0,ok,ok,1.1948599899152543,4160800,1,14,3.75,60,1200,eff53cc4804cc7d6246a6e5086861ce2b846f62b,c166d2b,unknown (not recorded),,inferred: laptop Windows (native),
protocol_C.jsonl:1138,C,treelstm,DTR,0.3885,66112446,0,ok,ok,1.1817480776887268,4160800,1,11,5.39,60,1200,eff53cc4804cc7d6246a6e5086861ce2b846f62b,c166d2b,unknown (not recorded),,inferred: laptop Windows (native),
protocol_C.jsonl:1139,C,treelstm,NbhdPenalty@b=0.25,0.3885,66112446,0,ok,ok,1.1933822765624476,4160800,1,6,3.6,60,1200,eff53cc4804cc7d6246a6e5086861ce2b846f62b,c166d2b,unknown (not recorded),,inferred: laptop Windows (native),
protocol_C.jsonl:1140,C,treelstm,TwoPhase@k=8,0.3885,66112446,0,ok,ok,1.1951406335343588,4160800,1,14,3.36,60,1200,eff53cc4804cc7d6246a6e5086861ce2b846f62b,c166d2b,unknown (not recorded),,inferred: laptop Windows (native),
protocol_C.jsonl:1141,C,treelstm,DTR,0.3956,67320679,0,ok,ok,1.1752973992424258,4160800,1,11,5.15,60,1200,eff53cc4804cc7d6246a6e5086861ce2b846f62b,c166d2b,unknown (not recorded),,inferred: laptop Windows (native),
protocol_C.jsonl:1142,C,treelstm,NbhdPenalty@b=0.25,0.3956,67320679,0,ok,ok,1.1923102702235784,4160800,1,6,3.43,60,1200,eff53cc4804cc7d6246a6e5086861ce2b846f62b,c166d2b,unknown (not recorded),,inferred: laptop Windows (native),
protocol_C.jsonl:1143,C,treelstm,TwoPhase@k=8,0.3956,67320679,0,ok,ok,1.1932627571551218,4160800,1,14,3.77,60,1200,eff53cc4804cc7d6246a6e5086861ce2b846f62b,c166d2b,unknown (not recorded),,inferred: laptop Windows (native),
protocol_C.jsonl:1144,C,treelstm,DTR,0.4099,69754161,0,ok,ok,1.1700478655266324,4160800,1,11,5.13,60,1200,eff53cc4804cc7d6246a6e5086861ce2b846f62b,c166d2b,unknown (not recorded),,inferred: laptop Windows (native),
protocol_C.jsonl:1145,C,treelstm,NbhdPenalty@b=0.25,0.4099,69754161,0,ok,ok,1.1885777723348583,4160800,1,6,3.01,60,1200,eff53cc4804cc7d6246a6e5086861ce2b846f62b,c166d2b,unknown (not recorded),,inferred: laptop Windows (native),
protocol_C.jsonl:1146,C,treelstm,TwoPhase@k=8,0.4099,69754161,0,ok,ok,1.1913394914530138,4160800,1,14,3.78,60,1200,eff53cc4804cc7d6246a6e5086861ce2b846f62b,c166d2b,unknown (not recorded),,inferred: laptop Windows (native),
protocol_C.jsonl:1147,C,treelstm,DTR,0.4157,70741168,0,ok,ok,1.1666483554624194,4160800,1,11,5.16,60,1200,eff53cc4804cc7d6246a6e5086861ce2b846f62b,c166d2b,unknown (not recorded),,inferred: laptop Windows (native),
protocol_C.jsonl:1148,C,treelstm,NbhdPenalty@b=0.25,0.4157,70741168,0,ok,ok,1.1856340311597993,4160800,1,6,3.1,60,1200,eff53cc4804cc7d6246a6e5086861ce2b846f62b,c166d2b,unknown (not recorded),,inferred: laptop Windows (native),
protocol_C.jsonl:1149,C,treelstm,TwoPhase@k=8,0.4157,70741168,0,ok,ok,1.1878676688691125,4160800,1,14,3.8,60,1200,eff53cc4804cc7d6246a6e5086861ce2b846f62b,c166d2b,unknown (not recorded),,inferred: laptop Windows (native),
protocol_C.jsonl:1150,C,treelstm,DTR,0.4272,72698165,0,ok,ok,1.1620240308288199,4160800,1,11,5.2,60,1200,eff53cc4804cc7d6246a6e5086861ce2b846f62b,c166d2b,unknown (not recorded),,inferred: laptop Windows (native),
protocol_C.jsonl:1151,C,treelstm,NbhdPenalty@b=0.25,0.4272,72698165,0,ok,ok,1.1799154412434758,4160800,1,6,3.43,60,1200,eff53cc4804cc7d6246a6e5086861ce2b846f62b,c166d2b,unknown (not recorded),,inferred: laptop Windows (native),
protocol_C.jsonl:1152,C,treelstm,TwoPhase@k=8,0.4272,72698165,0,ok,ok,1.1839088302209597,4160800,1,14,3.34,60,1200,eff53cc4804cc7d6246a6e5086861ce2b846f62b,c166d2b,unknown (not recorded),,inferred: laptop Windows (native),
protocol_C.jsonl:1153,C,treelstm,DTR,0.433,73685172,0,ok,ok,1.1597782760210622,4160800,1,11,4.73,60,1200,eff53cc4804cc7d6246a6e5086861ce2b846f62b,c166d2b,unknown (not recorded),,inferred: laptop Windows (native),
protocol_C.jsonl:1154,C,treelstm,NbhdPenalty@b=0.25,0.433,73685172,0,ok,ok,1.1777644736832058,4160800,1,6,3.15,60,1200,eff53cc4804cc7d6246a6e5086861ce2b846f62b,c166d2b,unknown (not recorded),,inferred: laptop Windows (native),
protocol_C.jsonl:1155,C,treelstm,TwoPhase@k=8,0.433,73685172,0,ok,ok,1.1813634843038592,4160800,1,14,3.62,60,1200,eff53cc4804cc7d6246a6e5086861ce2b846f62b,c166d2b,unknown (not recorded),,inferred: laptop Windows (native),
protocol_C.jsonl:1156,C,treelstm,DTR,0.447,76067602,0,ok,ok,1.1517853482236649,4160800,1,8,4.92,60,1200,eff53cc4804cc7d6246a6e5086861ce2b846f62b,c166d2b,unknown (not recorded),,inferred: laptop Windows (native),
protocol_C.jsonl:1157,C,treelstm,NbhdPenalty@b=0.25,0.447,76067602,0,ok,ok,1.1736975770749543,4160800,1,6,2.72,60,1200,eff53cc4804cc7d6246a6e5086861ce2b846f62b,c166d2b,unknown (not recorded),,inferred: laptop Windows (native),
protocol_C.jsonl:1158,C,treelstm,TwoPhase@k=8,0.447,76067602,0,ok,ok,1.174702233924868,4160800,1,14,3.36,60,1200,eff53cc4804cc7d6246a6e5086861ce2b846f62b,c166d2b,unknown (not recorded),,inferred: laptop Windows (native),
protocol_C.jsonl:1159,C,treelstm,DTR,0.4524,76986540,0,ok,ok,1.1487919684418968,4160800,1,8,4.86,60,1200,eff53cc4804cc7d6246a6e5086861ce2b846f62b,c166d2b,unknown (not recorded),,inferred: laptop Windows (native),
protocol_C.jsonl:1160,C,treelstm,NbhdPenalty@b=0.25,0.4524,76986540,0,ok,ok,1.1717479276358913,4160800,1,6,2.91,60,1200,eff53cc4804cc7d6246a6e5086861ce2b846f62b,c166d2b,unknown (not recorded),,inferred: laptop Windows (native),
protocol_C.jsonl:1161,C,treelstm,TwoPhase@k=8,0.4524,76986540,0,ok,ok,1.1728544428071792,4160800,1,14,3.22,60,1200,eff53cc4804cc7d6246a6e5086861ce2b846f62b,c166d2b,unknown (not recorded),,inferred: laptop Windows (native),
protocol_C.jsonl:1162,C,treelstm,DTR,0.4695,79896508,0,ok,ok,1.1381773487078177,4160800,1,7,4.72,60,1200,eff53cc4804cc7d6246a6e5086861ce2b846f62b,c166d2b,unknown (not recorded),,inferred: laptop Windows (native),
protocol_C.jsonl:1163,C,treelstm,NbhdPenalty@b=0.25,0.4695,79896508,0,ok,ok,1.1651675879368542,4160800,1,6,2.75,60,1200,eff53cc4804cc7d6246a6e5086861ce2b846f62b,c166d2b,unknown (not recorded),,inferred: laptop Windows (native),
protocol_C.jsonl:1164,C,treelstm,TwoPhase@k=8,0.4695,79896508,0,ok,ok,1.166262176895495,4160800,1,12,3.21,60,1200,eff53cc4804cc7d6246a6e5086861ce2b846f62b,c166d2b,unknown (not recorded),,inferred: laptop Windows (native),
protocol_C.jsonl:1165,C,treelstm,DTR,0.4732,80526151,0,ok,ok,1.1368964884084352,4160800,1,7,4.4,60,1200,eff53cc4804cc7d6246a6e5086861ce2b846f62b,c166d2b,unknown (not recorded),,inferred: laptop Windows (native),
protocol_C.jsonl:1166,C,treelstm,NbhdPenalty@b=0.25,0.4732,80526151,0,ok,ok,1.16337334443503,4160800,1,6,2.64,60,1200,eff53cc4804cc7d6246a6e5086861ce2b846f62b,c166d2b,unknown (not recorded),,inferred: laptop Windows (native),
protocol_C.jsonl:1167,C,treelstm,TwoPhase@k=8,0.4732,80526151,0,ok,ok,1.1649664275039147,4160800,1,12,3.1,60,1200,eff53cc4804cc7d6246a6e5086861ce2b846f62b,c166d2b,unknown (not recorded),,inferred: laptop Windows (native),
protocol_C.jsonl:1168,C,treelstm,DTR,0.4808,81819470,0,ok,ok,1.1328009672299546,4160800,1,7,5.14,60,1200,eff53cc4804cc7d6246a6e5086861ce2b846f62b,c166d2b,unknown (not recorded),,inferred: laptop Windows (native),
protocol_C.jsonl:1169,C,treelstm,NbhdPenalty@b=0.25,0.4808,81819470,0,ok,ok,1.162126992968066,4160800,1,6,2.61,60,1200,eff53cc4804cc7d6246a6e5086861ce2b846f62b,c166d2b,unknown (not recorded),,inferred: laptop Windows (native),
protocol_C.jsonl:1170,C,treelstm,TwoPhase@k=8,0.4808,81819470,0,ok,ok,1.1617693725763105,4160800,1,9,3.18,60,1200,eff53cc4804cc7d6246a6e5086861ce2b846f62b,c166d2b,unknown (not recorded),,inferred: laptop Windows (native),
protocol_C.jsonl:1171,C,treelstm,DTR,0.4972,84610317,0,ok,ok,1.1243631676326207,4160800,1,7,4.84,60,1200,eff53cc4804cc7d6246a6e5086861ce2b846f62b,c166d2b,unknown (not recorded),,inferred: laptop Windows (native),
protocol_C.jsonl:1172,C,treelstm,NbhdPenalty@b=0.25,0.4972,84610317,0,ok,ok,1.1519033073470815,4160800,1,6,3.09,60,1200,eff53cc4804cc7d6246a6e5086861ce2b846f62b,c166d2b,unknown (not recorded),,inferred: laptop Windows (native),
protocol_C.jsonl:1173,C,treelstm,TwoPhase@k=8,0.4972,84610317,0,ok,ok,1.1525987375045743,4160800,1,7,3.4,60,1200,eff53cc4804cc7d6246a6e5086861ce2b846f62b,c166d2b,unknown (not recorded),,inferred: laptop Windows (native),
protocol_C.jsonl:1174,C,treelstm,DTR,0.509,86618366,0,ok,ok,1.11858131152353,4160800,1,7,4.95,60,1200,eff53cc4804cc7d6246a6e5086861ce2b846f62b,c166d2b,unknown (not recorded),,inferred: laptop Windows (native),
protocol_C.jsonl:1175,C,treelstm,NbhdPenalty@b=0.25,0.509,86618366,0,ok,ok,1.1475362137745648,4160800,1,6,3.11,60,1200,eff53cc4804cc7d6246a6e5086861ce2b846f62b,c166d2b,unknown (not recorded),,inferred: laptop Windows (native),
protocol_C.jsonl:1176,C,treelstm,TwoPhase@k=8,0.509,86618366,0,ok,ok,1.148442340355485,4160800,1,7,3.25,60,1200,eff53cc4804cc7d6246a6e5086861ce2b846f62b,c166d2b,unknown (not recorded),,inferred: laptop Windows (native),
protocol_C.jsonl:1177,C,treelstm,DTR,0.517,87979755,0,ok,ok,1.115394365243806,4160800,1,7,4.71,60,1200,eff53cc4804cc7d6246a6e5086861ce2b846f62b,c166d2b,unknown (not recorded),,inferred: laptop Windows (native),
protocol_C.jsonl:1178,C,treelstm,NbhdPenalty@b=0.25,0.517,87979755,0,ok,ok,1.1442360971151246,4160800,1,6,2.93,60,1200,eff53cc4804cc7d6246a6e5086861ce2b846f62b,c166d2b,unknown (not recorded),,inferred: laptop Windows (native),
protocol_C.jsonl:1179,C,treelstm,TwoPhase@k=8,0.517,87979755,0,ok,ok,1.1442836774749747,4160800,1,6,3.47,60,1200,eff53cc4804cc7d6246a6e5086861ce2b846f62b,c166d2b,unknown (not recorded),,inferred: laptop Windows (native),
protocol_C.jsonl:1180,C,treelstm,DTR,0.528,89851665,0,ok,ok,1.1113841202204728,4160800,1,7,4.85,60,1200,eff53cc4804cc7d6246a6e5086861ce2b846f62b,c166d2b,unknown (not recorded),,inferred: laptop Windows (native),
protocol_C.jsonl:1181,C,treelstm,NbhdPenalty@b=0.25,0.528,89851665,0,ok,ok,1.1394419671156555,4160800,1,6,3.42,60,1200,eff53cc4804cc7d6246a6e5086861ce2b846f62b,c166d2b,unknown (not recorded),,inferred: laptop Windows (native),
protocol_C.jsonl:1182,C,treelstm,TwoPhase@k=8,0.528,89851665,0,ok,ok,1.1420837020610652,4160800,1,6,3.37,60,1200,eff53cc4804cc7d6246a6e5086861ce2b846f62b,c166d2b,unknown (not recorded),,inferred: laptop Windows (native),
protocol_C.jsonl:1183,C,treelstm,DTR,0.5339,90855689,0,ok,ok,1.1074590185621664,4160800,1,7,4.69,60,1200,eff53cc4804cc7d6246a6e5086861ce2b846f62b,c166d2b,unknown (not recorded),,inferred: laptop Windows (native),
protocol_C.jsonl:1184,C,treelstm,NbhdPenalty@b=0.25,0.5339,90855689,0,ok,ok,1.137596491525683,4160800,1,6,3.25,60,1200,eff53cc4804cc7d6246a6e5086861ce2b846f62b,c166d2b,unknown (not recorded),,inferred: laptop Windows (native),
protocol_C.jsonl:1185,C,treelstm,TwoPhase@k=8,0.5339,90855689,0,ok,ok,1.1403638625233183,4160800,1,6,3.28,60,1200,eff53cc4804cc7d6246a6e5086861ce2b846f62b,c166d2b,unknown (not recorded),,inferred: laptop Windows (native),
protocol_C.jsonl:1186,C,treelstm,DTR,0.5421,92251112,0,ok,ok,1.1016484714877868,4160800,1,6,4.8,60,1200,eff53cc4804cc7d6246a6e5086861ce2b846f62b,c166d2b,unknown (not recorded),,inferred: laptop Windows (native),
protocol_C.jsonl:1187,C,treelstm,NbhdPenalty@b=0.25,0.5421,92251112,0,ok,ok,1.1333054534943603,4160800,1,6,3.39,60,1200,eff53cc4804cc7d6246a6e5086861ce2b846f62b,c166d2b,unknown (not recorded),,inferred: laptop Windows (native),
protocol_C.jsonl:1188,C,treelstm,TwoPhase@k=8,0.5421,92251112,0,ok,ok,1.1355860242116889,4160800,1,7,3.49,60,1200,eff53cc4804cc7d6246a6e5086861ce2b846f62b,c166d2b,unknown (not recorded),,inferred: laptop Windows (native),
protocol_C.jsonl:1189,C,treelstm,DTR,0.5548,94412317,0,ok,ok,1.09481962337867,4160800,1,5,4.66,60,1200,eff53cc4804cc7d6246a6e5086861ce2b846f62b,c166d2b,unknown (not recorded),,inferred: laptop Windows (native),
protocol_C.jsonl:1190,C,treelstm,NbhdPenalty@b=0.25,0.5548,94412317,0,ok,ok,1.128801378613746,4160800,1,6,3.45,60,1200,eff53cc4804cc7d6246a6e5086861ce2b846f62b,c166d2b,unknown (not recorded),,inferred: laptop Windows (native),
protocol_C.jsonl:1191,C,treelstm,TwoPhase@k=8,0.5548,94412317,0,ok,ok,1.1304805345784974,4160800,1,6,3.55,60,1200,eff53cc4804cc7d6246a6e5086861ce2b846f62b,c166d2b,unknown (not recorded),,inferred: laptop Windows (native),
protocol_C.jsonl:1192,C,treelstm,DTR,0.5613,95518446,0,ok,ok,1.092826709258655,4160800,1,5,4.82,60,1200,eff53cc4804cc7d6246a6e5086861ce2b846f62b,c166d2b,unknown (not recorded),,inferred: laptop Windows (native),
protocol_C.jsonl:1193,C,treelstm,NbhdPenalty@b=0.25,0.5613,95518446,0,ok,ok,1.126782379534546,4160800,1,6,3.4,60,1200,eff53cc4804cc7d6246a6e5086861ce2b846f62b,c166d2b,unknown (not recorded),,inferred: laptop Windows (native),
protocol_C.jsonl:1194,C,treelstm,TwoPhase@k=8,0.5613,95518446,0,ok,ok,1.1291271459754817,4160800,1,6,3.63,60,1200,eff53cc4804cc7d6246a6e5086861ce2b846f62b,c166d2b,unknown (not recorded),,inferred: laptop Windows (native),
protocol_C.jsonl:1195,C,treelstm,DTR,0.5751,97866841,0,ok,ok,1.0877195597489642,4160800,1,5,5.34,60,1200,eff53cc4804cc7d6246a6e5086861ce2b846f62b,c166d2b,unknown (not recorded),,inferred: laptop Windows (native),
protocol_C.jsonl:1196,C,treelstm,NbhdPenalty@b=0.25,0.5751,97866841,0,ok,ok,1.121188604031581,4160800,1,6,3.63,60,1200,eff53cc4804cc7d6246a6e5086861ce2b846f62b,c166d2b,unknown (not recorded),,inferred: laptop Windows (native),
protocol_C.jsonl:1197,C,treelstm,TwoPhase@k=8,0.5751,97866841,0,ok,ok,1.1234402597002933,4160800,1,6,3.59,60,1200,eff53cc4804cc7d6246a6e5086861ce2b846f62b,c166d2b,unknown (not recorded),,inferred: laptop Windows (native),
protocol_C.jsonl:1198,C,treelstm,DTR,0.5872,99925942,0,ok,ok,1.082511049880849,4160800,1,5,5.26,60,1200,eff53cc4804cc7d6246a6e5086861ce2b846f62b,c166d2b,unknown (not recorded),,inferred: laptop Windows (native),
protocol_C.jsonl:1199,C,treelstm,NbhdPenalty@b=0.25,0.5872,99925942,0,ok,ok,1.1155544022364778,4160800,1,6,3.89,60,1200,eff53cc4804cc7d6246a6e5086861ce2b846f62b,c166d2b,unknown (not recorded),,inferred: laptop Windows (native),
protocol_C.jsonl:1200,C,treelstm,TwoPhase@k=8,0.5872,99925942,0,ok,ok,1.1181418758191284,4160800,1,6,3.75,60,1200,eff53cc4804cc7d6246a6e5086861ce2b846f62b,c166d2b,unknown (not recorded),,inferred: laptop Windows (native),
protocol_C.jsonl:1201,C,treelstm,DTR,0.5934,100981018,0,ok,ok,1.0798222408379217,4160800,1,5,5.28,60,1200,eff53cc4804cc7d6246a6e5086861ce2b846f62b,c166d2b,unknown (not recorded),,inferred: laptop Windows (native),
protocol_C.jsonl:1202,C,treelstm,NbhdPenalty@b=0.25,0.5934,100981018,0,ok,ok,1.1120475894559732,4160800,1,6,3.97,60,1200,eff53cc4804cc7d6246a6e5086861ce2b846f62b,c166d2b,unknown (not recorded),,inferred: laptop Windows (native),
protocol_C.jsonl:1203,C,treelstm,TwoPhase@k=8,0.5934,100981018,0,ok,ok,1.1148578267642006,4160800,1,6,3.47,60,1200,eff53cc4804cc7d6246a6e5086861ce2b846f62b,c166d2b,unknown (not recorded),,inferred: laptop Windows (native),
protocol_C.jsonl:1204,C,unrollgan,DTR,0.054,14046537,0,oom,"oom: evictable pool empty, pinned 0.01 GB at depth 27",,13679268,27,37,0.11,60,1200,eff53cc4804cc7d6246a6e5086861ce2b846f62b,c166d2b,unknown (not recorded),,inferred: laptop Windows (native),
protocol_C.jsonl:1205,C,unrollgan,NbhdPenalty@b=0.25,0.054,14046537,0,oom,"oom: evictable pool empty, pinned 0.01 GB at depth 28",,13161428,28,39,0.18,60,1200,eff53cc4804cc7d6246a6e5086861ce2b846f62b,c166d2b,unknown (not recorded),,inferred: laptop Windows (native),
protocol_C.jsonl:1206,C,unrollgan,TwoPhase@k=8,0.054,14046537,0,oom,"oom: evictable pool empty, pinned 0.01 GB at depth 27",,13679268,27,37,0.08,60,1200,eff53cc4804cc7d6246a6e5086861ce2b846f62b,c166d2b,unknown (not recorded),,inferred: laptop Windows (native),
protocol_C.jsonl:1207,C,unrollgan,DTR,0.0554,14410706,0,oom,"oom: evictable pool empty, pinned 0.01 GB at depth 27",,13679268,27,37,0.11,60,1200,eff53cc4804cc7d6246a6e5086861ce2b846f62b,c166d2b,unknown (not recorded),,inferred: laptop Windows (native),
protocol_C.jsonl:1208,C,unrollgan,NbhdPenalty@b=0.25,0.0554,14410706,0,oom,"oom: evictable pool empty, pinned 0.01 GB at depth 30",,14210004,30,39,0.2,60,1200,eff53cc4804cc7d6246a6e5086861ce2b846f62b,c166d2b,unknown (not recorded),,inferred: laptop Windows (native),
protocol_C.jsonl:1209,C,unrollgan,TwoPhase@k=8,0.0554,14410706,0,oom,"oom: evictable pool empty, pinned 0.01 GB at depth 27",,13679268,27,37,0.08,60,1200,eff53cc4804cc7d6246a6e5086861ce2b846f62b,c166d2b,unknown (not recorded),,inferred: laptop Windows (native),
protocol_C.jsonl:1210,C,unrollgan,DTR,0.0607,15789348,0,oom,"oom: evictable pool empty, pinned 0.02 GB at depth 34",,15260620,34,39,0.18,60,1200,eff53cc4804cc7d6246a6e5086861ce2b846f62b,c166d2b,unknown (not recorded),,inferred: laptop Windows (native),
protocol_C.jsonl:1211,C,unrollgan,NbhdPenalty@b=0.25,0.0607,15789348,0,oom,"oom: evictable pool empty, pinned 0.01 GB at depth 31",,14742772,31,43,0.26,60,1200,eff53cc4804cc7d6246a6e5086861ce2b846f62b,c166d2b,unknown (not recorded),,inferred: laptop Windows (native),
protocol_C.jsonl:1212,C,unrollgan,TwoPhase@k=8,0.0607,15789348,0,oom,"oom: evictable pool empty, pinned 0.02 GB at depth 36",,15292532,36,39,0.37,60,1200,eff53cc4804cc7d6246a6e5086861ce2b846f62b,c166d2b,unknown (not recorded),,inferred: laptop Windows (native),
protocol_C.jsonl:1213,C,unrollgan,DTR,0.0633,16465663,0,oom,"oom: evictable pool empty, pinned 0.02 GB at depth 35",,16326164,35,41,0.41,60,1200,eff53cc4804cc7d6246a6e5086861ce2b846f62b,c166d2b,unknown (not recorded),,inferred: laptop Windows (native),
protocol_C.jsonl:1214,C,unrollgan,NbhdPenalty@b=0.25,0.0633,16465663,0,oom,"oom: evictable pool empty, pinned 0.02 GB at depth 32",,15793412,32,43,0.38,60,1200,eff53cc4804cc7d6246a6e5086861ce2b846f62b,c166d2b,unknown (not recorded),,inferred: laptop Windows (native),
protocol_C.jsonl:1215,C,unrollgan,TwoPhase@k=8,0.0633,16465663,0,oom,"oom: evictable pool empty, pinned 0.02 GB at depth 55",,16315340,55,56,0.32,60,1200,eff53cc4804cc7d6246a6e5086861ce2b846f62b,c166d2b,unknown (not recorded),,inferred: laptop Windows (native),
protocol_C.jsonl:1216,C,unrollgan,DTR,0.0756,19665152,0,oom,"oom: evictable pool empty, pinned 0.02 GB at depth 48",,18956124,48,49,0.67,60,1200,eff53cc4804cc7d6246a6e5086861ce2b846f62b,c166d2b,unknown (not recorded),,inferred: laptop Windows (native),
protocol_C.jsonl:1217,C,unrollgan,NbhdPenalty@b=0.25,0.0756,19665152,0,oom,"oom: evictable pool empty, pinned 0.02 GB at depth 53",,19488884,53,67,2.15,60,1200,eff53cc4804cc7d6246a6e5086861ce2b846f62b,c166d2b,unknown (not recorded),,inferred: laptop Windows (native),
protocol_C.jsonl:1218,C,unrollgan,TwoPhase@k=8,0.0756,19665152,0,oom,"oom: evictable pool empty, pinned 0.02 GB at depth 48",,18956124,48,49,0.43,60,1200,eff53cc4804cc7d6246a6e5086861ce2b846f62b,c166d2b,unknown (not recorded),,inferred: laptop Windows (native),
protocol_C.jsonl:1219,C,unrollgan,DTR,0.0799,20783672,0,oom,"oom: evictable pool empty, pinned 0.02 GB at depth 48",,20038660,48,49,1.49,60,1200,eff53cc4804cc7d6246a6e5086861ce2b846f62b,c166d2b,unknown (not recorded),,inferred: laptop Windows (native),
protocol_C.jsonl:1220,C,unrollgan,NbhdPenalty@b=0.25,0.0799,20783672,0,oom,"oom: evictable pool empty, pinned 0.02 GB at depth 54",,20554460,54,58,11.38,60,1200,eff53cc4804cc7d6246a6e5086861ce2b846f62b,c166d2b,unknown (not recorded),,inferred: laptop Windows (native),
protocol_C.jsonl:1221,C,unrollgan,TwoPhase@k=8,0.0799,20783672,0,oom,"oom: evictable pool empty, pinned 0.02 GB at depth 46",,20004676,46,47,0.42,60,1200,eff53cc4804cc7d6246a6e5086861ce2b846f62b,c166d2b,unknown (not recorded),,inferred: laptop Windows (native),
protocol_C.jsonl:1222,C,unrollgan,DTR,0.0878,22838629,0,oom,"oom: evictable pool empty, pinned 0.02 GB at depth 55",,22120892,55,56,1.87,60,1200,eff53cc4804cc7d6246a6e5086861ce2b846f62b,c166d2b,unknown (not recorded),,inferred: laptop Windows (native),
protocol_C.jsonl:1223,C,unrollgan,NbhdPenalty@b=0.25,0.0878,22838629,0,oom,"oom: evictable pool empty, pinned 0.02 GB at depth 66",,22152628,66,94,1.94,60,1200,eff53cc4804cc7d6246a6e5086861ce2b846f62b,c166d2b,unknown (not recorded),,inferred: laptop Windows (native),
protocol_C.jsonl:1224,C,unrollgan,TwoPhase@k=8,0.0878,22838629,0,oom,"oom: evictable pool empty, pinned 0.02 GB at depth 56",,22135836,56,57,1.36,60,1200,eff53cc4804cc7d6246a6e5086861ce2b846f62b,c166d2b,unknown (not recorded),,inferred: laptop Windows (native),
protocol_C.jsonl:1225,C,unrollgan,DTR,0.0869,22604520,0,oom,"oom: evictable pool empty, pinned 0.02 GB at depth 58",,22136132,58,59,3.81,60,1200,eff53cc4804cc7d6246a6e5086861ce2b846f62b,c166d2b,unknown (not recorded),,inferred: laptop Windows (native),
protocol_C.jsonl:1226,C,unrollgan,NbhdPenalty@b=0.25,0.0869,22604520,0,oom,"oom: evictable pool empty, pinned 0.02 GB at depth 54",,21607308,54,55,3.93,60,1200,eff53cc4804cc7d6246a6e5086861ce2b846f62b,c166d2b,unknown (not recorded),,inferred: laptop Windows (native),
protocol_C.jsonl:1227,C,unrollgan,TwoPhase@k=8,0.0869,22604520,0,oom,"oom: evictable pool empty, pinned 0.02 GB at depth 53",,21588108,53,54,0.57,60,1200,eff53cc4804cc7d6246a6e5086861ce2b846f62b,c166d2b,unknown (not recorded),,inferred: laptop Windows (native),
protocol_C.jsonl:1228,C,unrollgan,DTR,0.0965,25101682,0,oom,"oom: evictable pool empty, pinned 0.02 GB at depth 60",,24243636,60,61,2.36,60,1200,eff53cc4804cc7d6246a6e5086861ce2b846f62b,c166d2b,unknown (not recorded),,inferred: laptop Windows (native),
protocol_C.jsonl:1229,C,unrollgan,NbhdPenalty@b=0.25,0.0965,25101682,0,oom,"oom: evictable pool empty, pinned 0.02 GB at depth 93",,24238008,93,99,10.52,60,1200,eff53cc4804cc7d6246a6e5086861ce2b846f62b,c166d2b,unknown (not recorded),,inferred: laptop Windows (native),
protocol_C.jsonl:1230,C,unrollgan,TwoPhase@k=8,0.0965,25101682,0,oom,"oom: evictable pool empty, pinned 0.02 GB at depth 68",,24249668,68,69,1.87,60,1200,eff53cc4804cc7d6246a6e5086861ce2b846f62b,c166d2b,unknown (not recorded),,inferred: laptop Windows (native),
protocol_C.jsonl:1231,C,unrollgan,DTR,0.0948,24659476,0,oom,"oom: evictable pool empty, pinned 0.02 GB at depth 57",,24237492,57,58,1.82,60,1200,eff53cc4804cc7d6246a6e5086861ce2b846f62b,c166d2b,unknown (not recorded),,inferred: laptop Windows (native),
protocol_C.jsonl:1232,C,unrollgan,NbhdPenalty@b=0.25,0.0948,24659476,0,oom,"oom: evictable pool empty, pinned 0.02 GB at depth 70",,23979572,70,71,23.8,60,1200,eff53cc4804cc7d6246a6e5086861ce2b846f62b,c166d2b,unknown (not recorded),,inferred: laptop Windows (native),
protocol_C.jsonl:1233,C,unrollgan,TwoPhase@k=8,0.0948,24659476,0,oom,"oom: evictable pool empty, pinned 0.02 GB at depth 57",,24237492,57,95,15.98,60,1200,eff53cc4804cc7d6246a6e5086861ce2b846f62b,c166d2b,unknown (not recorded),,inferred: laptop Windows (native),
protocol_C.jsonl:1234,C,unrollgan,DTR,0.1095,28483256,0,oom,"oom: evictable pool empty, pinned 0.03 GB at depth 65",,28439988,65,101,10.87,60,1200,eff53cc4804cc7d6246a6e5086861ce2b846f62b,c166d2b,unknown (not recorded),,inferred: laptop Windows (native),
protocol_C.jsonl:1235,C,unrollgan,NbhdPenalty@b=0.25,0.1095,28483256,0,oom,"oom: evictable pool empty, pinned 0.03 GB at depth 81",,28184228,81,82,86.25,60,1200,eff53cc4804cc7d6246a6e5086861ce2b846f62b,c166d2b,unknown (not recorded),,inferred: laptop Windows (native),
protocol_C.jsonl:1236,C,unrollgan,TwoPhase@k=8,0.1095,28483256,0,oom,"oom: evictable pool empty, pinned 0.03 GB at depth 92",,27653556,92,93,6.74,60,1200,eff53cc4804cc7d6246a6e5086861ce2b846f62b,c166d2b,unknown (not recorded),,inferred: laptop Windows (native),
protocol_C.jsonl:1237,C,treelstm,TwoPhase@k=8,0.2136,,0,timeout,timeout after 1200.0 s (20-min limit),,,,,1200.0,60,1200,eff53cc4804cc7d6246a6e5086861ce2b846f62b,c166d2b,unknown (not recorded),,inferred: laptop Windows (native),
protocol_C.jsonl:1238,C,unrollgan,DTR,0.1074,27937002,0,oom,"oom: evictable pool empty, pinned 0.03 GB at depth 70",,27389364,70,71,4.43,60,1200,eff53cc4804cc7d6246a6e5086861ce2b846f62b,c166d2b,unknown (not recorded),,inferred: laptop Windows (native),
protocol_C.jsonl:1239,C,unrollgan,TwoPhase@k=8,0.1074,27937002,0,oom,"oom: evictable pool empty, pinned 0.03 GB at depth 75",,27651508,75,76,2.51,60,1200,eff53cc4804cc7d6246a6e5086861ce2b846f62b,c166d2b,unknown (not recorded),,inferred: laptop Windows (native),
protocol_C.jsonl:1240,C,unrollgan,DTR,0.1137,29575764,0,oom,"oom: evictable pool empty, pinned 0.03 GB at depth 98",,29484472,98,103,4.91,60,1200,eff53cc4804cc7d6246a6e5086861ce2b846f62b,c166d2b,unknown (not recorded),,inferred: laptop Windows (native),
protocol_C.jsonl:1241,C,unrollgan,NbhdPenalty@b=0.25,0.1074,27937002,0,oom,"oom: evictable pool empty, pinned 0.03 GB at depth 82",,27131556,82,83,36.66,60,1200,eff53cc4804cc7d6246a6e5086861ce2b846f62b,c166d2b,unknown (not recorded),,inferred: laptop Windows (native),
protocol_C.jsonl:1242,C,unrollgan,TwoPhase@k=8,0.1137,29575764,0,oom,"oom: evictable pool empty, pinned 0.03 GB at depth 81",,28700084,81,82,3.14,60,1200,eff53cc4804cc7d6246a6e5086861ce2b846f62b,c166d2b,unknown (not recorded),,inferred: laptop Windows (native),
protocol_C.jsonl:1243,C,unrollgan,DTR,0.1109,28847425,0,oom,"oom: evictable pool empty, pinned 0.03 GB at depth 80",,28439988,80,81,2.89,60,1200,eff53cc4804cc7d6246a6e5086861ce2b846f62b,c166d2b,unknown (not recorded),,inferred: laptop Windows (native),
protocol_C.jsonl:1244,C,treelstm,TwoPhase@k=8,0.222,,0,timeout,timeout after 1200.0 s (20-min limit),,,,,1200.0,60,1200,eff53cc4804cc7d6246a6e5086861ce2b846f62b,c166d2b,unknown (not recorded),,inferred: laptop Windows (native),
protocol_C.jsonl:1245,C,unrollgan,NbhdPenalty@b=0.25,0.1137,29575764,0,oom,"oom: evictable pool empty, pinned 0.03 GB at depth 95",,29232804,95,96,41.05,60,1200,eff53cc4804cc7d6246a6e5086861ce2b846f62b,c166d2b,unknown (not recorded),,inferred: laptop Windows (native),
protocol_C.jsonl:1246,C,unrollgan,NbhdPenalty@b=0.25,0.1109,28847425,0,oom,"oom: evictable pool empty, pinned 0.03 GB at depth 98",,28190372,98,99,12.92,60,1200,eff53cc4804cc7d6246a6e5086861ce2b846f62b,c166d2b,unknown (not recorded),,inferred: laptop Windows (native),
protocol_C.jsonl:1247,C,unrollgan,TwoPhase@k=8,0.1109,28847425,0,oom,"oom: evictable pool empty, pinned 0.03 GB at depth 65",,28439988,65,107,18.27,60,1200,eff53cc4804cc7d6246a6e5086861ce2b846f62b,c166d2b,unknown (not recorded),,inferred: laptop Windows (native),
protocol_C.jsonl:1248,C,treelstm,TwoPhase@k=8,0.2215,,0,timeout,timeout after 1200.0 s (20-min limit),,,,,1200.0,60,1200,eff53cc4804cc7d6246a6e5086861ce2b846f62b,c166d2b,unknown (not recorded),,inferred: laptop Windows (native),
protocol_C.jsonl:1249,C,unrollgan,DTR,0.1267,32957338,0,oom,"oom: evictable pool empty, pinned 0.03 GB at depth 86",,32642852,86,87,53.77,60,1200,eff53cc4804cc7d6246a6e5086861ce2b846f62b,c166d2b,unknown (not recorded),,inferred: laptop Windows (native),
protocol_C.jsonl:1250,C,unrollgan,DTR,0.1295,33685677,0,oom,"oom: evictable pool empty, pinned 0.03 GB at depth 97",,32642852,97,98,35.28,60,1200,eff53cc4804cc7d6246a6e5086861ce2b846f62b,c166d2b,unknown (not recorded),,inferred: laptop Windows (native),
protocol_C.jsonl:1251,C,treelstm,TwoPhase@k=8,0.2349,,0,timeout,timeout after 1200.0 s (20-min limit),,,,,1200.0,60,1200,eff53cc4804cc7d6246a6e5086861ce2b846f62b,c166d2b,unknown (not recorded),,inferred: laptop Windows (native),
protocol_C.jsonl:1252,C,unrollgan,DTR,0.1308,34023834,0,oom,"oom: evictable pool empty, pinned 0.03 GB at depth 107",,33697444,107,108,21.51,60,1200,eff53cc4804cc7d6246a6e5086861ce2b846f62b,c166d2b,unknown (not recorded),,inferred: laptop Windows (native),
protocol_C.jsonl:1253,C,unrollgan,TwoPhase@k=8,0.1295,33685677,0,oom,"oom: evictable pool empty, pinned 0.03 GB at depth 139",,33169192,139,145,66.47,60,1200,eff53cc4804cc7d6246a6e5086861ce2b846f62b,c166d2b,unknown (not recorded),,inferred: laptop Windows (native),
protocol_C.jsonl:1254,C,unrollgan,TwoPhase@k=8,0.1267,32957338,0,oom,"oom: evictable pool empty, pinned 0.03 GB at depth 90",,32902948,90,151,145.91,60,1200,eff53cc4804cc7d6246a6e5086861ce2b846f62b,c166d2b,unknown (not recorded),,inferred: laptop Windows (native),
protocol_C.jsonl:1255,C,unrollgan,TwoPhase@k=8,0.1308,34023834,0,oom,"oom: evictable pool empty, pinned 0.03 GB at depth 139",,33169192,139,145,51.88,60,1200,eff53cc4804cc7d6246a6e5086861ce2b846f62b,c166d2b,unknown (not recorded),,inferred: laptop Windows (native),
protocol_C.jsonl:1256,C,unrollgan,DTR,0.1314,34179907,0,oom,"oom: evictable pool empty, pinned 0.03 GB at depth 100",,33175204,100,101,20.54,60,1200,eff53cc4804cc7d6246a6e5086861ce2b846f62b,c166d2b,unknown (not recorded),,inferred: laptop Windows (native),
protocol_C.jsonl:1257,C,unrollgan,NbhdPenalty@b=0.25,0.1267,32957338,0,oom,"oom: evictable pool empty, pinned 0.03 GB at depth 134",,32909208,134,135,189.54,60,1200,eff53cc4804cc7d6246a6e5086861ce2b846f62b,c166d2b,unknown (not recorded),,inferred: laptop Windows (native),
protocol_C.jsonl:1258,C,unrollgan,NbhdPenalty@b=0.25,0.1295,33685677,0,oom,"oom: evictable pool empty, pinned 0.03 GB at depth 110",,33175444,110,113,141.48,60,1200,eff53cc4804cc7d6246a6e5086861ce2b846f62b,c166d2b,unknown (not recorded),,inferred: laptop Windows (native),
protocol_C.jsonl:1259,C,unrollgan,TwoPhase@k=8,0.1314,34179907,0,oom,"oom: evictable pool empty, pinned 0.03 GB at depth 128",,33437352,128,133,33.99,60,1200,eff53cc4804cc7d6246a6e5086861ce2b846f62b,c166d2b,unknown (not recorded),,inferred: laptop Windows (native),
protocol_C.jsonl:1260,C,unrollgan,NbhdPenalty@b=0.25,0.1314,34179907,0,oom,"oom: evictable pool empty, pinned 0.03 GB at depth 85",,33693476,85,86,57.07,60,1200,eff53cc4804cc7d6246a6e5086861ce2b846f62b,c166d2b,unknown (not recorded),,inferred: laptop Windows (native),
protocol_C.jsonl:1261,C,unrollgan,DTR,0.1469,38211784,0,oom,"oom: evictable pool empty, pinned 0.04 GB at depth 114",,37902740,114,115,73.66,60,1200,eff53cc4804cc7d6246a6e5086861ce2b846f62b,c166d2b,unknown (not recorded),,inferred: laptop Windows (native),
protocol_C.jsonl:1262,C,treelstm,TwoPhase@k=8,0.2622,,0,timeout,timeout after 1200.0 s (20-min limit),,,,,1200.0,60,1200,eff53cc4804cc7d6246a6e5086861ce2b846f62b,c166d2b,unknown (not recorded),,inferred: laptop Windows (native),
protocol_C.jsonl:1263,C,unrollgan,TwoPhase@k=8,0.1469,38211784,0,oom,"oom: evictable pool empty, pinned 0.04 GB at depth 128",,37378452,128,144,65.83,60,1200,eff53cc4804cc7d6246a6e5086861ce2b846f62b,c166d2b,unknown (not recorded),,inferred: laptop Windows (native),
protocol_C.jsonl:1264,C,unrollgan,NbhdPenalty@b=0.25,0.1308,34023834,0,oom,"oom: evictable pool empty, pinned 0.03 GB at depth 112",,33171348,112,113,207.21,60,1200,eff53cc4804cc7d6246a6e5086861ce2b846f62b,c166d2b,unknown (not recorded),,inferred: laptop Windows (native),
protocol_C.jsonl:1265,C,unrollgan,DTR,0.1452,37769578,0,oom,"oom: evictable pool empty, pinned 0.04 GB at depth 116",,37103508,116,117,112.44,60,1200,eff53cc4804cc7d6246a6e5086861ce2b846f62b,c166d2b,unknown (not recorded),,inferred: laptop Windows (native),
protocol_C.jsonl:1266,C,unrollgan,TwoPhase@k=8,0.1452,37769578,0,oom,"oom: evictable pool empty, pinned 0.04 GB at depth 123",,37378452,123,161,97.94,60,1200,eff53cc4804cc7d6246a6e5086861ce2b846f62b,c166d2b,unknown (not recorded),,inferred: laptop Windows (native),
protocol_C.jsonl:1267,C,unrollgan,TwoPhase@k=8,0.1515,39408340,0,oom,"oom: evictable pool empty, pinned 0.04 GB at depth 133",,38422552,133,139,76.78,60,1200,eff53cc4804cc7d6246a6e5086861ce2b846f62b,c166d2b,unknown (not recorded),,inferred: laptop Windows (native),
protocol_C.jsonl:1268,C,unrollgan,DTR,0.1515,39408340,0,oom,"oom: evictable pool empty, pinned 0.04 GB at depth 118",,38686740,118,118,166.36,60,1200,eff53cc4804cc7d6246a6e5086861ce2b846f62b,c166d2b,unknown (not recorded),,inferred: laptop Windows (native),
protocol_C.jsonl:1269,C,unrollgan,NbhdPenalty@b=0.25,0.1469,38211784,0,oom,"oom: evictable pool empty, pinned 0.04 GB at depth 154",,38164376,154,155,260.0,60,1200,eff53cc4804cc7d6246a6e5086861ce2b846f62b,c166d2b,unknown (not recorded),,inferred: laptop Windows (native),
protocol_C.jsonl:1270,C,unrollgan,NbhdPenalty@b=0.25,0.1452,37769578,0,oom,"oom: evictable pool empty, pinned 0.04 GB at depth 143",,37640084,143,147,220.68,60,1200,eff53cc4804cc7d6246a6e5086861ce2b846f62b,c166d2b,unknown (not recorded),,inferred: laptop Windows (native),
protocol_C.jsonl:1271,C,unrollgan,DTR,0.1626,42295684,0,oom,"oom: evictable pool empty, pinned 0.04 GB at depth 133",,41834516,133,134,85.79,60,1200,eff53cc4804cc7d6246a6e5086861ce2b846f62b,c166d2b,unknown (not recorded),,inferred: laptop Windows (native),
protocol_C.jsonl:1272,C,unrollgan,DTR,0.1579,41073115,0,oom,"oom: evictable pool empty, pinned 0.04 GB at depth 105",,40779820,105,106,217.37,60,1200,eff53cc4804cc7d6246a6e5086861ce2b846f62b,c166d2b,unknown (not recorded),,inferred: laptop Windows (native),
protocol_C.jsonl:1273,C,unrollgan,TwoPhase@k=8,0.1626,42295684,0,oom,"oom: evictable pool empty, pinned 0.04 GB at depth 134",,41859716,134,159,117.08,60,1200,eff53cc4804cc7d6246a6e5086861ce2b846f62b,c166d2b,unknown (not recorded),,inferred: laptop Windows (native),
protocol_C.jsonl:1274,C,unrollgan,TwoPhase@k=8,0.1579,41073115,0,oom,"oom: evictable pool empty, pinned 0.04 GB at depth 125",,40779796,125,186,215.68,60,1200,eff53cc4804cc7d6246a6e5086861ce2b846f62b,c166d2b,unknown (not recorded),,inferred: laptop Windows (native),
protocol_C.jsonl:1275,C,unrollgan,DTR,0.1647,42841938,0,oom,"oom: evictable pool empty, pinned 0.04 GB at depth 129",,41834516,129,130,121.77,60,1200,eff53cc4804cc7d6246a6e5086861ce2b846f62b,c166d2b,unknown (not recorded),,inferred: laptop Windows (native),
protocol_C.jsonl:1276,C,unrollgan,NbhdPenalty@b=0.25,0.1515,39408340,0,oom,"oom: evictable pool empty, pinned 0.04 GB at depth 102",,38422580,102,103,556.09,60,1200,eff53cc4804cc7d6246a6e5086861ce2b846f62b,c166d2b,unknown (not recorded),,inferred: laptop Windows (native),
protocol_C.jsonl:1277,C,unrollgan,DTR,0.1741,45287076,0,oom,"oom: evictable pool empty, pinned 0.05 GB at depth 136",,45250820,136,137,160.79,60,1200,eff53cc4804cc7d6246a6e5086861ce2b846f62b,c166d2b,unknown (not recorded),,inferred: laptop Windows (native),
protocol_C.jsonl:1278,C,unrollgan,TwoPhase@k=8,0.1647,42841938,0,oom,"oom: evictable pool empty, pinned 0.04 GB at depth 131",,42094724,131,192,272.25,60,1200,eff53cc4804cc7d6246a6e5086861ce2b846f62b,c166d2b,unknown (not recorded),,inferred: laptop Windows (native),
protocol_C.jsonl:1279,C,unrollgan,TwoPhase@k=8,0.1741,45287076,0,oom,"oom: evictable pool empty, pinned 0.04 GB at depth 143",,44991108,143,165,117.8,60,1200,eff53cc4804cc7d6246a6e5086861ce2b846f62b,c166d2b,unknown (not recorded),,inferred: laptop Windows (native),
protocol_C.jsonl:1280,C,unrollgan,DTR,0.1704,44324628,0,oom,"oom: evictable pool empty, pinned 0.04 GB at depth 157",,43419780,157,157,366.08,60,1200,eff53cc4804cc7d6246a6e5086861ce2b846f62b,c166d2b,unknown (not recorded),,inferred: laptop Windows (native),
protocol_C.jsonl:1281,C,unrollgan,NbhdPenalty@b=0.25,0.1579,41073115,0,oom,"oom: evictable pool empty, pinned 0.04 GB at depth 149",,40525956,149,152,913.18,60,1200,eff53cc4804cc7d6246a6e5086861ce2b846f62b,c166d2b,unknown (not recorded),,inferred: laptop Windows (native),
protocol_C.jsonl:1282,C,unrollgan,TwoPhase@k=8,0.1704,44324628,0,oom,"oom: evictable pool empty, pinned 0.04 GB at depth 145",,44195860,145,183,91.37,60,1200,eff53cc4804cc7d6246a6e5086861ce2b846f62b,c166d2b,unknown (not recorded),,inferred: laptop Windows (native),
protocol_C.jsonl:1283,C,unrollgan,NbhdPenalty@b=0.25,0.1647,42841938,0,oom,"oom: evictable pool empty, pinned 0.04 GB at depth 138",,42098820,138,139,740.05,60,1200,eff53cc4804cc7d6246a6e5086861ce2b846f62b,c166d2b,unknown (not recorded),,inferred: laptop Windows (native),
protocol_C.jsonl:1284,C,unrollgan,DTR,0.1886,49058832,0,oom,"oom: evictable pool empty, pinned 0.05 GB at depth 153",,48920836,153,154,164.35,60,1200,eff53cc4804cc7d6246a6e5086861ce2b846f62b,c166d2b,unknown (not recorded),,inferred: laptop Windows (native),
protocol_C.jsonl:1285,C,unrollgan,NbhdPenalty@b=0.25,0.1886,49058832,0,oom,"oom: evictable pool empty, pinned 0.05 GB at depth 153",,48144756,153,154,177.11,60,1200,eff53cc4804cc7d6246a6e5086861ce2b846f62b,c166d2b,unknown (not recorded),,inferred: laptop Windows (native),
protocol_C.jsonl:1286,C,unrollgan,TwoPhase@k=8,0.1886,49058832,0,oom,"oom: evictable pool empty, pinned 0.05 GB at depth 180",,48403320,180,202,264.44,60,1200,eff53cc4804cc7d6246a6e5086861ce2b846f62b,c166d2b,unknown (not recorded),,inferred: laptop Windows (native),
protocol_C.jsonl:1287,C,unrollgan,DTR,0.1876,48798711,0,oom,"oom: evictable pool empty, pinned 0.05 GB at depth 144",,48658692,144,145,183.39,60,1200,eff53cc4804cc7d6246a6e5086861ce2b846f62b,c166d2b,unknown (not recorded),,inferred: laptop Windows (native),
protocol_C.jsonl:1288,C,unrollgan,NbhdPenalty@b=0.25,0.1626,,0,timeout,timeout after 1200.0 s (20-min limit),,,,,1200.0,60,1200,eff53cc4804cc7d6246a6e5086861ce2b846f62b,c166d2b,unknown (not recorded),,inferred: laptop Windows (native),
protocol_C.jsonl:1289,C,unrollgan,DTR,0.1913,49761159,0,oom,"oom: evictable pool empty, pinned 0.05 GB at depth 154",,48924932,154,154,244.53,60,1200,eff53cc4804cc7d6246a6e5086861ce2b846f62b,a94e716,unknown (not recorded),,inferred: laptop Windows (native),
protocol_C.jsonl:1290,C,unrollgan,TwoPhase@k=8,0.1876,48798711,0,oom,"oom: evictable pool empty, pinned 0.05 GB at depth 188",,48409464,188,210,344.57,60,1200,eff53cc4804cc7d6246a6e5086861ce2b846f62b,a94e716,unknown (not recorded),,inferred: laptop Windows (native),
protocol_C.jsonl:1291,C,unrollgan,NbhdPenalty@b=0.25,0.1741,,0,timeout,timeout after 1200.0 s (20-min limit),,,,,1200.0,60,1200,eff53cc4804cc7d6246a6e5086861ce2b846f62b,a94e716,unknown (not recorded),,inferred: laptop Windows (native),
protocol_C.jsonl:1292,C,unrollgan,NbhdPenalty@b=0.25,0.1913,49761159,0,oom,"oom: evictable pool empty, pinned 0.05 GB at depth 150",,49707268,150,159,433.98,60,1200,eff53cc4804cc7d6246a6e5086861ce2b846f62b,a94e716,unknown (not recorded),,inferred: laptop Windows (native),
protocol_C.jsonl:1293,C,unrollgan,NbhdPenalty@b=0.25,0.1704,,0,timeout,timeout after 1200.0 s (20-min limit),,,,,1200.0,60,1200,eff53cc4804cc7d6246a6e5086861ce2b846f62b,a94e716,unknown (not recorded),,inferred: laptop Windows (native),
protocol_C.jsonl:1294,C,unrollgan,TwoPhase@k=8,0.1957,50905691,0,oom,"oom: evictable pool empty, pinned 0.05 GB at depth 174",,50506100,174,182,143.01,60,1200,eff53cc4804cc7d6246a6e5086861ce2b846f62b,a94e716,unknown (not recorded),,inferred: laptop Windows (native),
protocol_C.jsonl:1295,C,unrollgan,TwoPhase@k=8,0.1913,49761159,0,oom,"oom: evictable pool empty, pinned 0.05 GB at depth 205",,49721856,205,206,394.44,60,1200,eff53cc4804cc7d6246a6e5086861ce2b846f62b,a94e716,unknown (not recorded),,inferred: laptop Windows (native),
protocol_C.jsonl:1296,C,unrollgan,DTR,0.2007,52206297,0,oom,"oom: evictable pool empty, pinned 0.05 GB at depth 157",,51290612,157,158,204.24,60,1200,eff53cc4804cc7d6246a6e5086861ce2b846f62b,a94e716,unknown (not recorded),,inferred: laptop Windows (native),
protocol_C.jsonl:1297,C,unrollgan,NbhdPenalty@b=0.25,0.1876,,0,timeout,timeout after 1200.0 s (20-min limit),,,,,1200.0,60,1200,eff53cc4804cc7d6246a6e5086861ce2b846f62b,a94e716,unknown (not recorded),,inferred: laptop Windows (native),
protocol_C.jsonl:1298,C,unrollgan,DTR,0.1957,50905691,0,oom,"oom: evictable pool empty, pinned 0.05 GB at depth 153",,49969524,153,154,924.04,60,1200,eff53cc4804cc7d6246a6e5086861ce2b846f62b,a94e716,unknown (not recorded),,inferred: laptop Windows (native),
protocol_C.jsonl:1299,C,unrollgan,TwoPhase@k=8,0.2007,52206297,0,oom,"oom: evictable pool empty, pinned 0.05 GB at depth 199",,51821288,199,215,619.07,60,1200,eff53cc4804cc7d6246a6e5086861ce2b846f62b,a94e716,unknown (not recorded),,inferred: laptop Windows (native),
protocol_C.jsonl:1300,C,unrollgan,DTR,0.2072,53897084,0,oom,"oom: evictable pool empty, pinned 0.05 GB at depth 183",,53121548,183,184,591.28,60,1200,eff53cc4804cc7d6246a6e5086861ce2b846f62b,a94e716,unknown (not recorded),,inferred: laptop Windows (native),
protocol_C.jsonl:1301,C,unrollgan,NbhdPenalty@b=0.25,0.2072,53897084,0,oom,"oom: evictable pool empty, pinned 0.05 GB at depth 166",,53658452,166,177,352.25,60,1200,eff53cc4804cc7d6246a6e5086861ce2b846f62b,a94e716,unknown (not recorded),,inferred: laptop Windows (native),
protocol_C.jsonl:1302,C,unrollgan,NbhdPenalty@b=0.25,0.1957,,0,timeout,timeout after 1200.0 s (20-min limit),,,,,1200.0,60,1200,eff53cc4804cc7d6246a6e5086861ce2b846f62b,a94e716,unknown (not recorded),,inferred: laptop Windows (native),
protocol_C.jsonl:1303,C,unrollgan,DTR,0.2181,56732403,0,oom,"oom: evictable pool empty, pinned 0.06 GB at depth 173",,55751396,173,174,315.61,60,1200,eff53cc4804cc7d6246a6e5086861ce2b846f62b,a94e716,unknown (not recorded),,inferred: laptop Windows (native),
protocol_C.jsonl:1304,C,unrollgan,TwoPhase@k=8,0.2072,53897084,0,oom,"oom: evictable pool empty, pinned 0.05 GB at depth 173",,52867812,173,189,405.87,60,1200,eff53cc4804cc7d6246a6e5086861ce2b846f62b,a94e716,unknown (not recorded),,inferred: laptop Windows (native),
protocol_C.jsonl:1305,C,unrollgan,NbhdPenalty@b=0.25,0.2007,,0,timeout,timeout after 1200.0 s (20-min limit),,,,,1200.0,60,1200,eff53cc4804cc7d6246a6e5086861ce2b846f62b,a94e716,unknown (not recorded),,inferred: laptop Windows (native),
protocol_C.jsonl:1306,C,unrollgan,TwoPhase@k=8,0.2126,55301737,0,oom,"oom: evictable pool empty, pinned 0.05 GB at depth 198",,54442728,198,204,330.76,60,1200,eff53cc4804cc7d6246a6e5086861ce2b846f62b,a94e716,unknown (not recorded),,inferred: laptop Windows (native),
protocol_C.jsonl:1307,C,unrollgan,DTR,0.2126,55301737,0,oom,"oom: evictable pool empty, pinned 0.05 GB at depth 154",,54708836,154,155,414.93,60,1200,eff53cc4804cc7d6246a6e5086861ce2b846f62b,a94e716,unknown (not recorded),,inferred: laptop Windows (native),
protocol_C.jsonl:1308,C,unrollgan,NbhdPenalty@b=0.25,0.2126,55301737,0,oom,"oom: evictable pool empty, pinned 0.05 GB at depth 169",,54448740,169,172,600.8,60,1200,eff53cc4804cc7d6246a6e5086861ce2b846f62b,a94e716,unknown (not recorded),,inferred: laptop Windows (native),
protocol_C.jsonl:1309,C,unrollgan,TwoPhase@k=8,0.2181,56732403,0,oom,"oom: evictable pool empty, pinned 0.06 GB at depth 181",,56540388,181,211,832.8,60,1200,eff53cc4804cc7d6246a6e5086861ce2b846f62b,a94e716,unknown (not recorded),,inferred: laptop Windows (native),
protocol_C.jsonl:1310,C,unrollgan,NbhdPenalty@b=0.25,0.2181,,0,timeout,timeout after 1200.0 s (20-min limit),,,,,1200.0,60,1200,eff53cc4804cc7d6246a6e5086861ce2b846f62b,a94e716,unknown (not recorded),,inferred: laptop Windows (native),
protocol_C.jsonl:1311,C,unrollgan,DTR,0.2294,59671771,0,oom,"oom: evictable pool empty, pinned 0.06 GB at depth 165",,58643412,165,166,766.12,60,1200,eff53cc4804cc7d6246a6e5086861ce2b846f62b,a94e716,unknown (not recorded),,inferred: laptop Windows (native),
protocol_C.jsonl:1312,C,unrollgan,DTR,0.2326,60504159,0,ok,ok,1.3622982613429095,21685636,21,50,55.68,60,1200,eff53cc4804cc7d6246a6e5086861ce2b846f62b,a94e716,unknown (not recorded),,inferred: laptop Windows (native),
protocol_C.jsonl:1313,C,unrollgan,DTR,0.2274,59151529,0,oom,"oom: evictable pool empty, pinned 0.06 GB at depth 194",,58901220,194,195,530.32,60,1200,eff53cc4804cc7d6246a6e5086861ce2b846f62b,a94e716,unknown (not recorded),,inferred: laptop Windows (native),
protocol_C.jsonl:1314,C,unrollgan,TwoPhase@k=8,0.2274,59151529,0,oom,"oom: evictable pool empty, pinned 0.06 GB at depth 207",,58645460,207,245,491.69,60,1200,eff53cc4804cc7d6246a6e5086861ce2b846f62b,a94e716,unknown (not recorded),,inferred: laptop Windows (native),
protocol_C.jsonl:1315,C,unrollgan,TwoPhase@k=8,0.2326,60504159,0,ok,ok,6.962491147075136,45272020,120,121,327.71,60,1200,eff53cc4804cc7d6246a6e5086861ce2b846f62b,a94e716,unknown (not recorded),,inferred: laptop Windows (native),
protocol_C.jsonl:1316,C,unrollgan,TwoPhase@k=8,0.2294,59671771,0,oom,"oom: evictable pool empty, pinned 0.06 GB at depth 191",,59190660,191,227,1066.23,60,1200,eff53cc4804cc7d6246a6e5086861ce2b846f62b,a94e716,unknown (not recorded),,inferred: laptop Windows (native),
protocol_C.jsonl:1317,C,unrollgan,NbhdPenalty@b=0.25,0.2294,,0,timeout,timeout after 1200.0 s (20-min limit),,,,,1200.0,60,1200,eff53cc4804cc7d6246a6e5086861ce2b846f62b,a94e716,unknown (not recorded),,inferred: laptop Windows (native),
protocol_C.jsonl:1318,C,unrollgan,DTR,0.2473,64327938,0,ok,ok,1.2850050621564224,21695944,17,49,47.92,60,1200,eff53cc4804cc7d6246a6e5086861ce2b846f62b,a94e716,unknown (not recorded),,inferred: laptop Windows (native),
protocol_C.jsonl:1319,C,unrollgan,NbhdPenalty@b=0.25,0.2473,64327938,0,ok,ok,4.471525488695522,32685156,94,105,172.76,60,1200,eff53cc4804cc7d6246a6e5086861ce2b846f62b,a94e716,unknown (not recorded),,inferred: laptop Windows (native),
protocol_C.jsonl:1320,C,unrollgan,TwoPhase@k=8,0.2473,64327938,0,ok,ok,1.2106156789210223,22201540,18,41,42.77,60,1200,eff53cc4804cc7d6246a6e5086861ce2b846f62b,a94e716,unknown (not recorded),,inferred: laptop Windows (native),
protocol_C.jsonl:1321,C,unrollgan,NbhdPenalty@b=0.25,0.2274,,0,timeout,timeout after 1200.0 s (20-min limit),,,,,1200.0,60,1200,eff53cc4804cc7d6246a6e5086861ce2b846f62b,a94e716,unknown (not recorded),,inferred: laptop Windows (native),
protocol_C.jsonl:1322,C,unrollgan,DTR,0.2401,62455066,0,ok,ok,1.3687664514304603,21670868,24,56,58.4,60,1200,eff53cc4804cc7d6246a6e5086861ce2b846f62b,a94e716,unknown (not recorded),,inferred: laptop Windows (native),
protocol_C.jsonl:1323,C,unrollgan,NbhdPenalty@b=0.25,0.2401,62455066,0,ok,ok,5.0247349977394045,34524228,68,111,185.21,60,1200,eff53cc4804cc7d6246a6e5086861ce2b846f62b,a94e716,unknown (not recorded),,inferred: laptop Windows (native),
protocol_C.jsonl:1324,C,unrollgan,DTR,0.254,66070749,0,ok,ok,1.257417248264044,22201540,18,41,42.01,60,1200,eff53cc4804cc7d6246a6e5086861ce2b846f62b,a94e716,unknown (not recorded),,inferred: laptop Windows (native),
protocol_C.jsonl:1325,C,unrollgan,NbhdPenalty@b=0.25,0.2326,,0,timeout,timeout after 1200.0 s (20-min limit),,,,,1200.0,60,1200,eff53cc4804cc7d6246a6e5086861ce2b846f62b,a94e716,unknown (not recorded),,inferred: laptop Windows (native),
protocol_C.jsonl:1326,C,unrollgan,TwoPhase@k=8,0.254,66070749,0,ok,ok,1.229681935111852,22201540,18,41,45.68,60,1200,eff53cc4804cc7d6246a6e5086861ce2b846f62b,a94e716,unknown (not recorded),,inferred: laptop Windows (native),
protocol_C.jsonl:1327,C,unrollgan,DTR,0.2525,65680568,0,ok,ok,1.3324000481875553,21695944,17,47,57.18,60,1200,eff53cc4804cc7d6246a6e5086861ce2b846f62b,a94e716,unknown (not recorded),,inferred: laptop Windows (native),
protocol_C.jsonl:1328,C,unrollgan,DTR,0.2303,,0,timeout,timeout after 1200.0 s (20-min limit),,,,,1200.0,60,1200,eff53cc4804cc7d6246a6e5086861ce2b846f62b,a94e716,unknown (not recorded),,inferred: laptop Windows (native),
protocol_C.jsonl:1329,C,unrollgan,TwoPhase@k=8,0.2401,62455066,0,oom,"oom: evictable pool empty, pinned 0.06 GB at depth 197",,61544132,197,242,723.66,60,1200,eff53cc4804cc7d6246a6e5086861ce2b846f62b,a94e716,unknown (not recorded),,inferred: laptop Windows (native),
protocol_C.jsonl:1330,C,unrollgan,NbhdPenalty@b=0.25,0.2303,,0,timeout,timeout after 1200.0 s (20-min limit),,,,,1200.0,60,1200,eff53cc4804cc7d6246a6e5086861ce2b846f62b,a94e716,unknown (not recorded),,inferred: laptop Windows (native),
protocol_C.jsonl:1331,C,unrollgan,TwoPhase@k=8,0.2525,65680568,0,ok,ok,1.2935566394327904,21152964,19,47,59.63,60,1200,eff53cc4804cc7d6246a6e5086861ce2b846f62b,a94e716,unknown (not recorded),,inferred: laptop Windows (native),
protocol_C.jsonl:1332,C,unrollgan,TwoPhase@k=8,0.2303,,0,timeout,timeout after 1200.0 s (20-min limit),,,,,1200.0,60,1200,eff53cc4804cc7d6246a6e5086861ce2b846f62b,a94e716,unknown (not recorded),,inferred: laptop Windows (native),
protocol_C.jsonl:1333,C,unrollgan,DTR,0.2626,68307790,0,ok,ok,1.2530083324566996,22201540,18,41,48.24,60,1200,eff53cc4804cc7d6246a6e5086861ce2b846f62b,a94e716,unknown (not recorded),,inferred: laptop Windows (native),
protocol_C.jsonl:1334,C,unrollgan,DTR,0.2647,68854045,0,ok,ok,1.2525239619139756,22201540,18,41,46.5,60,1200,eff53cc4804cc7d6246a6e5086861ce2b846f62b,a94e716,unknown (not recorded),,inferred: laptop Windows (native),
protocol_C.jsonl:1335,C,unrollgan,TwoPhase@k=8,0.2626,68307790,0,ok,ok,1.2417302986396883,20637060,18,45,51.28,60,1200,eff53cc4804cc7d6246a6e5086861ce2b846f62b,a94e716,unknown (not recorded),,inferred: laptop Windows (native),
protocol_C.jsonl:1336,C,unrollgan,TwoPhase@k=8,0.2647,68854045,0,ok,ok,1.2218784080158738,22201540,18,41,46.48,60,1200,eff53cc4804cc7d6246a6e5086861ce2b846f62b,a94e716,unknown (not recorded),,inferred: laptop Windows (native),
protocol_C.jsonl:1337,C,unrollgan,DTR,0.2784,72417703,0,ok,ok,1.2725146233232472,21695944,17,43,42.85,60,1200,eff53cc4804cc7d6246a6e5086861ce2b846f62b,a94e716,unknown (not recorded),,inferred: laptop Windows (native),
protocol_C.jsonl:1338,C,unrollgan,TwoPhase@k=8,0.2784,72417703,0,ok,ok,1.2451966109573982,21695944,17,43,42.65,60,1200,eff53cc4804cc7d6246a6e5086861ce2b846f62b,a94e716,unknown (not recorded),,inferred: laptop Windows (native),
protocol_C.jsonl:1339,C,unrollgan,DTR,0.2792,72625800,0,ok,ok,1.2534683748681572,21668820,20,43,38.87,60,1200,eff53cc4804cc7d6246a6e5086861ce2b846f62b,a94e716,unknown (not recorded),,inferred: laptop Windows (native),
protocol_C.jsonl:1340,C,unrollgan,NbhdPenalty@b=0.25,0.2784,72417703,0,ok,ok,3.168665993466143,29828412,134,146,305.95,60,1200,eff53cc4804cc7d6246a6e5086861ce2b846f62b,a94e716,unknown (not recorded),,inferred: laptop Windows (native),
protocol_C.jsonl:1341,C,unrollgan,TwoPhase@k=8,0.2792,72625800,0,ok,ok,1.2249023979207514,21668820,20,43,39.01,60,1200,eff53cc4804cc7d6246a6e5086861ce2b846f62b,a94e716,unknown (not recorded),,inferred: laptop Windows (native),
protocol_C.jsonl:1342,C,unrollgan,NbhdPenalty@b=0.25,0.2792,72625800,0,ok,ok,3.372610567191648,29828412,134,146,297.53,60,1200,eff53cc4804cc7d6246a6e5086861ce2b846f62b,a94e716,unknown (not recorded),,inferred: laptop Windows (native),
protocol_C.jsonl:1343,C,unrollgan,DTR,0.2828,73562236,0,ok,ok,1.2534683748681572,21668820,20,43,39.18,60,1200,eff53cc4804cc7d6246a6e5086861ce2b846f62b,a94e716,unknown (not recorded),,inferred: laptop Windows (native),
protocol_C.jsonl:1344,C,unrollgan,TwoPhase@k=8,0.2828,73562236,0,ok,ok,1.1939036237891405,22201540,18,41,33.35,60,1200,eff53cc4804cc7d6246a6e5086861ce2b846f62b,a94e716,unknown (not recorded),,inferred: laptop Windows (native),
protocol_C.jsonl:1345,C,unrollgan,DTR,0.2873,74732781,0,ok,ok,1.2080230350735528,22201540,18,41,38.96,60,1200,eff53cc4804cc7d6246a6e5086861ce2b846f62b,a94e716,unknown (not recorded),,inferred: laptop Windows (native),
protocol_C.jsonl:1346,C,unrollgan,NbhdPenalty@b=0.25,0.254,,0,timeout,timeout after 1200.0 s (20-min limit),,,,,1200.0,60,1200,eff53cc4804cc7d6246a6e5086861ce2b846f62b,a94e716,unknown (not recorded),,inferred: laptop Windows (native),
protocol_C.jsonl:1347,C,unrollgan,TwoPhase@k=8,0.2873,74732781,0,ok,ok,1.1957101150750102,22201540,18,41,38.13,60,1200,eff53cc4804cc7d6246a6e5086861ce2b846f62b,a94e716,unknown (not recorded),,inferred: laptop Windows (native),
protocol_C.jsonl:1348,C,unrollgan,DTR,0.2998,77984294,0,ok,ok,1.2086495083672868,23252164,27,52,39.3,60,1200,eff53cc4804cc7d6246a6e5086861ce2b846f62b,a94e716,unknown (not recorded),,inferred: laptop Windows (native),
protocol_C.jsonl:1349,C,unrollgan,NbhdPenalty@b=0.25,0.2828,73562236,0,ok,ok,3.4151440321424036,35073344,182,185,290.99,60,1200,eff53cc4804cc7d6246a6e5086861ce2b846f62b,a94e716,unknown (not recorded),,inferred: laptop Windows (native),
protocol_C.jsonl:1350,C,unrollgan,TwoPhase@k=8,0.2998,77984294,0,ok,ok,1.181464041272308,22201540,18,41,34.23,60,1200,eff53cc4804cc7d6246a6e5086861ce2b846f62b,a94e716,unknown (not recorded),,inferred: laptop Windows (native),
protocol_C.jsonl:1351,C,unrollgan,DTR,0.2994,77880245,0,ok,ok,1.209418761964835,23252164,27,52,37.63,60,1200,eff53cc4804cc7d6246a6e5086861ce2b846f62b,a94e716,unknown (not recorded),,inferred: laptop Windows (native),
protocol_C.jsonl:1352,C,unrollgan,NbhdPenalty@b=0.25,0.2525,,0,timeout,timeout after 1200.0 s (20-min limit),,,,,1200.0,60,1200,eff53cc4804cc7d6246a6e5086861ce2b846f62b,a94e716,unknown (not recorded),,inferred: laptop Windows (native),
protocol_C.jsonl:1353,C,unrollgan,NbhdPenalty@b=0.25,0.2873,74732781,0,ok,ok,3.0761953962487025,29826364,149,153,297.62,60,1200,eff53cc4804cc7d6246a6e5086861ce2b846f62b,a94e716,unknown (not recorded),,inferred: laptop Windows (native),
protocol_C.jsonl:1354,C,unrollgan,TwoPhase@k=8,0.2994,77880245,0,ok,ok,1.144026235737344,21165364,16,39,26.86,60,1200,eff53cc4804cc7d6246a6e5086861ce2b846f62b,a94e716,unknown (not recorded),,inferred: laptop Windows (native),
protocol_C.jsonl:1355,C,unrollgan,DTR,0.3089,80351396,0,ok,ok,1.1505495945655546,21165364,16,39,31.03,60,1200,eff53cc4804cc7d6246a6e5086861ce2b846f62b,a94e716,unknown (not recorded),,inferred: laptop Windows (native),
protocol_C.jsonl:1356,C,unrollgan,TwoPhase@k=8,0.3089,80351396,0,ok,ok,1.1547589511441145,21165364,16,39,28.76,60,1200,eff53cc4804cc7d6246a6e5086861ce2b846f62b,a94e716,unknown (not recorded),,inferred: laptop Windows (native),
protocol_C.jsonl:1357,C,unrollgan,DTR,0.3186,82874570,0,ok,ok,1.124098443257069,23782788,23,51,18.83,60,1200,eff53cc4804cc7d6246a6e5086861ce2b846f62b,a94e716,unknown (not recorded),,inferred: laptop Windows (native),
protocol_C.jsonl:1358,C,unrollgan,NbhdPenalty@b=0.25,0.3186,82874570,0,ok,ok,1.087314771112659,18537860,5,22,10.37,60,1200,eff53cc4804cc7d6246a6e5086861ce2b846f62b,a94e716,unknown (not recorded),,inferred: laptop Windows (native),
protocol_C.jsonl:1359,C,unrollgan,TwoPhase@k=8,0.3186,82874570,0,ok,ok,1.1193239518415554,23782788,23,51,19.14,60,1200,eff53cc4804cc7d6246a6e5086861ce2b846f62b,a94e716,unknown (not recorded),,inferred: laptop Windows (native),
protocol_C.jsonl:1360,C,unrollgan,DTR,0.3222,83811006,0,ok,ok,1.1114305653013554,21714580,7,35,16.34,60,1200,eff53cc4804cc7d6246a6e5086861ce2b846f62b,a94e716,unknown (not recorded),,inferred: laptop Windows (native),
protocol_C.jsonl:1361,C,unrollgan,NbhdPenalty@b=0.25,0.3222,83811006,0,ok,ok,1.087314771112659,18537860,5,22,10.33,60,1200,eff53cc4804cc7d6246a6e5086861ce2b846f62b,a94e716,unknown (not recorded),,inferred: laptop Windows (native),
protocol_C.jsonl:1362,C,unrollgan,NbhdPenalty@b=0.25,0.2998,77984294,0,ok,ok,3.0126740556430436,33506756,94,164,276.67,60,1200,eff53cc4804cc7d6246a6e5086861ce2b846f62b,a94e716,unknown (not recorded),,inferred: laptop Windows (native),
protocol_C.jsonl:1363,C,unrollgan,TwoPhase@k=8,0.3222,83811006,0,ok,ok,1.151407272789622,21697988,16,41,22.88,60,1200,eff53cc4804cc7d6246a6e5086861ce2b846f62b,a94e716,unknown (not recorded),,inferred: laptop Windows (native),
protocol_C.jsonl:1364,C,unrollgan,DTR,0.3331,86646325,0,ok,ok,1.1044460799772011,21714580,7,35,15.04,60,1200,eff53cc4804cc7d6246a6e5086861ce2b846f62b,a94e716,unknown (not recorded),,inferred: laptop Windows (native),
protocol_C.jsonl:1365,C,unrollgan,NbhdPenalty@b=0.25,0.3331,86646325,0,ok,ok,1.0837293689256444,17499588,7,22,10.93,60,1200,eff53cc4804cc7d6246a6e5086861ce2b846f62b,a94e716,unknown (not recorded),,inferred: laptop Windows (native),
protocol_C.jsonl:1366,C,unrollgan,TwoPhase@k=8,0.3331,86646325,0,ok,ok,1.1040013980863692,21714580,7,35,15.06,60,1200,eff53cc4804cc7d6246a6e5086861ce2b846f62b,a94e716,unknown (not recorded),,inferred: laptop Windows (native),
protocol_C.jsonl:1367,C,unrollgan,NbhdPenalty@b=0.25,0.3415,88831342,0,ok,ok,1.0823664834173297,17499588,7,22,10.08,60,1200,eff53cc4804cc7d6246a6e5086861ce2b846f62b,a94e716,unknown (not recorded),,inferred: laptop Windows (native),
protocol_C.jsonl:1368,C,unrollgan,DTR,0.3415,88831342,0,ok,ok,1.1039350297964208,21714580,7,35,15.01,60,1200,eff53cc4804cc7d6246a6e5086861ce2b846f62b,a94e716,unknown (not recorded),,inferred: laptop Windows (native),
protocol_C.jsonl:1369,C,unrollgan,TwoPhase@k=8,0.3415,88831342,0,ok,ok,1.104162559999194,21714580,7,35,15.12,60,1200,eff53cc4804cc7d6246a6e5086861ce2b846f62b,a94e716,unknown (not recorded),,inferred: laptop Windows (native),
protocol_C.jsonl:1370,C,unrollgan,DTR,0.3579,93097328,0,ok,ok,1.101842515572774,21714580,7,35,15.49,60,1200,eff53cc4804cc7d6246a6e5086861ce2b846f62b,a94e716,unknown (not recorded),,inferred: laptop Windows (native),
protocol_C.jsonl:1371,C,unrollgan,NbhdPenalty@b=0.25,0.3579,93097328,0,ok,ok,1.0796455907808882,17499588,7,22,10.07,60,1200,eff53cc4804cc7d6246a6e5086861ce2b846f62b,a94e716,unknown (not recorded),,inferred: laptop Windows (native),
protocol_C.jsonl:1372,C,unrollgan,TwoPhase@k=8,0.3579,93097328,0,ok,ok,1.103035590406002,21714580,7,35,16.01,60,1200,eff53cc4804cc7d6246a6e5086861ce2b846f62b,a94e716,unknown (not recorded),,inferred: laptop Windows (native),
protocol_C.jsonl:1373,C,unrollgan,DTR,0.3681,95750562,0,ok,ok,1.082963662516305,17499588,7,21,10.7,60,1200,eff53cc4804cc7d6246a6e5086861ce2b846f62b,a94e716,unknown (not recorded),,inferred: laptop Windows (native),
protocol_C.jsonl:1374,C,unrollgan,NbhdPenalty@b=0.25,0.3681,95750562,0,ok,ok,1.0777907620808642,17499588,7,22,9.49,60,1200,eff53cc4804cc7d6246a6e5086861ce2b846f62b,a94e716,unknown (not recorded),,inferred: laptop Windows (native),
protocol_C.jsonl:1375,C,unrollgan,TwoPhase@k=8,0.3681,95750562,0,ok,ok,1.098647957727911,21714580,7,35,15.3,60,1200,eff53cc4804cc7d6246a6e5086861ce2b846f62b,a94e716,unknown (not recorded),,inferred: laptop Windows (native),
protocol_C.jsonl:1376,C,unrollgan,DTR,0.3719,96739022,0,ok,ok,1.082963662516305,17499588,7,21,9.99,60,1200,eff53cc4804cc7d6246a6e5086861ce2b846f62b,a94e716,unknown (not recorded),,inferred: laptop Windows (native),
protocol_C.jsonl:1377,C,unrollgan,NbhdPenalty@b=0.25,0.3719,96739022,0,ok,ok,1.0777907620808642,17499588,7,22,9.67,60,1200,eff53cc4804cc7d6246a6e5086861ce2b846f62b,a94e716,unknown (not recorded),,inferred: laptop Windows (native),
protocol_C.jsonl:1378,C,unrollgan,TwoPhase@k=8,0.3719,96739022,0,ok,ok,1.0830574198819516,17499588,7,21,10.32,60,1200,eff53cc4804cc7d6246a6e5086861ce2b846f62b,a94e716,unknown (not recorded),,inferred: laptop Windows (native),
protocol_C.jsonl:1379,C,unrollgan,DTR,0.3863,100484766,0,ok,ok,1.079937560240921,17499588,7,21,10.61,60,1200,eff53cc4804cc7d6246a6e5086861ce2b846f62b,a94e716,unknown (not recorded),,inferred: laptop Windows (native),
protocol_C.jsonl:1380,C,unrollgan,NbhdPenalty@b=0.25,0.3863,100484766,0,ok,ok,1.0777838988695208,17499588,7,22,9.6,60,1200,eff53cc4804cc7d6246a6e5086861ce2b846f62b,a94e716,unknown (not recorded),,inferred: laptop Windows (native),
protocol_C.jsonl:1381,C,unrollgan,NbhdPenalty@b=0.25,0.3089,80351396,0,ok,ok,2.855139983724544,30352836,84,133,242.35,60,1200,eff53cc4804cc7d6246a6e5086861ce2b846f62b,a94e716,unknown (not recorded),,inferred: laptop Windows (native),
protocol_C.jsonl:1382,C,unrollgan,NbhdPenalty@b=0.25,0.2994,77880245,0,ok,ok,3.0154903636566988,33506756,94,164,286.67,60,1200,eff53cc4804cc7d6246a6e5086861ce2b846f62b,a94e716,unknown (not recorded),,inferred: laptop Windows (native),
protocol_C.jsonl:1383,C,unrollgan,TwoPhase@k=8,0.3863,100484766,0,ok,ok,1.0789400590317482,17499588,7,21,10.57,60,1200,eff53cc4804cc7d6246a6e5086861ce2b846f62b,a94e716,unknown (not recorded),,inferred: laptop Windows (native),
protocol_C.jsonl:1384,C,unrollgan,DTR,0.3983,103606218,0,ok,ok,1.0766761478623326,17499588,7,21,10.55,60,1200,eff53cc4804cc7d6246a6e5086861ce2b846f62b,a94e716,unknown (not recorded),,inferred: laptop Windows (native),
protocol_C.jsonl:1385,C,unrollgan,NbhdPenalty@b=0.25,0.3983,103606218,0,ok,ok,1.0766496515620936,17499588,7,22,10.08,60,1200,eff53cc4804cc7d6246a6e5086861ce2b846f62b,a94e716,unknown (not recorded),,inferred: laptop Windows (native),
protocol_C.jsonl:1386,C,unrollgan,NbhdPenalty@b=0.25,0.4034,104932836,0,ok,ok,1.0754687168808703,17499588,7,22,9.82,60,1200,eff53cc4804cc7d6246a6e5086861ce2b846f62b,a94e716,unknown (not recorded),,inferred: laptop Windows (native),
protocol_C.jsonl:1387,C,unrollgan,TwoPhase@k=8,0.3983,103606218,0,ok,ok,1.0759751039041174,17499588,7,21,12.03,60,1200,eff53cc4804cc7d6246a6e5086861ce2b846f62b,a94e716,unknown (not recorded),,inferred: laptop Windows (native),
protocol_C.jsonl:1388,C,unrollgan,DTR,0.4034,104932836,0,ok,ok,1.0764094790211198,17499588,7,21,11.84,60,1200,eff53cc4804cc7d6246a6e5086861ce2b846f62b,a94e716,unknown (not recorded),,inferred: laptop Windows (native),
protocol_C.jsonl:1389,C,unrollgan,TwoPhase@k=8,0.4034,104932836,0,ok,ok,1.0758220805961496,17499588,7,21,10.71,60,1200,eff53cc4804cc7d6246a6e5086861ce2b846f62b,a94e716,unknown (not recorded),,inferred: laptop Windows (native),
protocol_C.jsonl:1390,C,unrollgan,DTR,0.4163,108288398,0,ok,ok,1.0747686772950469,17499588,7,21,11.53,60,1200,eff53cc4804cc7d6246a6e5086861ce2b846f62b,a94e716,unknown (not recorded),,inferred: laptop Windows (native),
protocol_C.jsonl:1391,C,unrollgan,NbhdPenalty@b=0.25,0.4163,108288398,0,ok,ok,1.074913665623881,17499588,7,22,10.52,60,1200,eff53cc4804cc7d6246a6e5086861ce2b846f62b,a94e716,unknown (not recorded),,inferred: laptop Windows (native),
protocol_C.jsonl:1392,C,unrollgan,TwoPhase@k=8,0.4163,108288398,0,ok,ok,1.0739495159550811,17499588,7,21,11.09,60,1200,eff53cc4804cc7d6246a6e5086861ce2b846f62b,a94e716,unknown (not recorded),,inferred: laptop Windows (native),
protocol_C.jsonl:1393,C,unrollgan,DTR,0.4224,109875136,0,ok,ok,1.074327909268059,17499588,7,21,10.15,60,1200,eff53cc4804cc7d6246a6e5086861ce2b846f62b,a94e716,unknown (not recorded),,inferred: laptop Windows (native),
protocol_C.jsonl:1394,C,unrollgan,NbhdPenalty@b=0.25,0.4224,109875136,0,ok,ok,1.0744823195664728,17499588,2,22,9.62,60,1200,eff53cc4804cc7d6246a6e5086861ce2b846f62b,a94e716,unknown (not recorded),,inferred: laptop Windows (native),
protocol_C.jsonl:1395,C,unrollgan,TwoPhase@k=8,0.4224,109875136,0,ok,ok,1.0737135203278636,17499588,7,21,11.02,60,1200,eff53cc4804cc7d6246a6e5086861ce2b846f62b,a94e716,unknown (not recorded),,inferred: laptop Windows (native),
protocol_C.jsonl:1396,C,unrollgan,DTR,0.4313,112190214,0,ok,ok,1.0738005659351464,17499588,7,21,11.4,60,1200,eff53cc4804cc7d6246a6e5086861ce2b846f62b,a94e716,unknown (not recorded),,inferred: laptop Windows (native),
protocol_C.jsonl:1397,C,unrollgan,NbhdPenalty@b=0.25,0.4313,112190214,0,ok,ok,1.0736464824563206,17499588,2,21,9.91,60,1200,eff53cc4804cc7d6246a6e5086861ce2b846f62b,a94e716,unknown (not recorded),,inferred: laptop Windows (native),
protocol_C.jsonl:1398,C,unrollgan,TwoPhase@k=8,0.4313,112190214,0,ok,ok,1.074052862685706,17499588,7,21,10.74,60,1200,eff53cc4804cc7d6246a6e5086861ce2b846f62b,a94e716,unknown (not recorded),,inferred: laptop Windows (native),
protocol_C.jsonl:1399,C,unrollgan,NbhdPenalty@b=0.25,0.4411,114739400,0,ok,ok,1.0715892647481544,17499588,2,21,8.91,60,1200,eff53cc4804cc7d6246a6e5086861ce2b846f62b,a94e716,unknown (not recorded),,inferred: laptop Windows (native),
protocol_C.jsonl:1400,C,unrollgan,DTR,0.4411,114739400,0,ok,ok,1.0719710378539424,17499588,7,21,10.72,60,1200,eff53cc4804cc7d6246a6e5086861ce2b846f62b,a94e716,unknown (not recorded),,inferred: laptop Windows (native),
protocol_C.jsonl:1401,C,unrollgan,TwoPhase@k=8,0.4411,114739400,0,ok,ok,1.0714897043420222,17499588,7,21,10.3,60,1200,eff53cc4804cc7d6246a6e5086861ce2b846f62b,a94e716,unknown (not recorded),,inferred: laptop Windows (native),
protocol_C.jsonl:1402,C,unrollgan,NbhdPenalty@b=0.25,0.2626,,0,timeout,timeout after 1200.0 s (20-min limit),,,,,1200.0,60,1200,eff53cc4804cc7d6246a6e5086861ce2b846f62b,a94e716,unknown (not recorded),,inferred: laptop Windows (native),
protocol_C.jsonl:1403,C,unrollgan,DTR,0.4537,118016925,0,ok,ok,1.0700357716792765,17499588,7,21,10.73,60,1200,eff53cc4804cc7d6246a6e5086861ce2b846f62b,a94e716,unknown (not recorded),,inferred: laptop Windows (native),
protocol_C.jsonl:1404,C,unrollgan,NbhdPenalty@b=0.25,0.4537,118016925,0,ok,ok,1.070476762900129,17499588,2,21,9.73,60,1200,eff53cc4804cc7d6246a6e5086861ce2b846f62b,a94e716,unknown (not recorded),,inferred: laptop Windows (native),
protocol_C.jsonl:1405,C,unrollgan,TwoPhase@k=8,0.4537,118016925,0,ok,ok,1.0690153532429116,17499588,7,21,10.84,60,1200,eff53cc4804cc7d6246a6e5086861ce2b846f62b,a94e716,unknown (not recorded),,inferred: laptop Windows (native),
protocol_C.jsonl:1406,C,unrollgan,DTR,0.4657,121138378,0,ok,ok,1.0686061272917495,17499588,7,21,10.41,60,1200,eff53cc4804cc7d6246a6e5086861ce2b846f62b,a94e716,unknown (not recorded),,inferred: laptop Windows (native),
protocol_C.jsonl:1407,C,unrollgan,NbhdPenalty@b=0.25,0.4657,121138378,0,ok,ok,1.0687334992476811,17499588,2,21,9.43,60,1200,eff53cc4804cc7d6246a6e5086861ce2b846f62b,a94e716,unknown (not recorded),,inferred: laptop Windows (native),
protocol_C.jsonl:1408,C,unrollgan,DTR,0.4768,124025722,0,ok,ok,1.0677104582834047,17499588,7,21,10.33,60,1200,eff53cc4804cc7d6246a6e5086861ce2b846f62b,a94e716,unknown (not recorded),,inferred: laptop Windows (native),
protocol_C.jsonl:1409,C,unrollgan,TwoPhase@k=8,0.4657,121138378,0,ok,ok,1.0680760657764117,17499588,7,21,10.89,60,1200,eff53cc4804cc7d6246a6e5086861ce2b846f62b,a94e716,unknown (not recorded),,inferred: laptop Windows (native),
protocol_C.jsonl:1410,C,unrollgan,NbhdPenalty@b=0.25,0.4768,124025722,0,ok,ok,1.0678335178150193,17499588,2,21,10.13,60,1200,eff53cc4804cc7d6246a6e5086861ce2b846f62b,a94e716,unknown (not recorded),,inferred: laptop Windows (native),
protocol_C.jsonl:1411,C,unrollgan,TwoPhase@k=8,0.4768,124025722,0,ok,ok,1.0660504937697943,17499588,7,21,10.72,60,1200,eff53cc4804cc7d6246a6e5086861ce2b846f62b,a94e716,unknown (not recorded),,inferred: laptop Windows (native),
protocol_C.jsonl:1412,C,unrollgan,DTR,0.4839,125872581,0,ok,ok,1.0668635093072678,17499588,7,21,10.0,60,1200,eff53cc4804cc7d6246a6e5086861ce2b846f62b,a94e716,unknown (not recorded),,inferred: laptop Windows (native),
protocol_C.jsonl:1413,C,unrollgan,NbhdPenalty@b=0.25,0.4839,125872581,0,ok,ok,1.0673207139681584,17499588,2,21,10.32,60,1200,eff53cc4804cc7d6246a6e5086861ce2b846f62b,a94e716,unknown (not recorded),,inferred: laptop Windows (native),
protocol_C.jsonl:1414,C,unrollgan,TwoPhase@k=8,0.4839,125872581,0,ok,ok,1.0670503783705951,17499588,7,21,11.61,60,1200,eff53cc4804cc7d6246a6e5086861ce2b846f62b,a94e716,unknown (not recorded),,inferred: laptop Windows (native),
protocol_C.jsonl:1415,C,unrollgan,DTR,0.4972,129332192,0,ok,ok,1.0657168906827617,17499588,7,21,10.64,60,1200,eff53cc4804cc7d6246a6e5086861ce2b846f62b,a94e716,unknown (not recorded),,inferred: laptop Windows (native),
protocol_C.jsonl:1416,C,unrollgan,NbhdPenalty@b=0.25,0.4972,129332192,0,ok,ok,1.0674033036693542,17499588,2,21,9.56,60,1200,eff53cc4804cc7d6246a6e5086861ce2b846f62b,a94e716,unknown (not recorded),,inferred: laptop Windows (native),
protocol_C.jsonl:1417,C,unrollgan,TwoPhase@k=8,0.4972,129332192,0,ok,ok,1.0647745821278771,17499588,7,21,9.5,60,1200,eff53cc4804cc7d6246a6e5086861ce2b846f62b,a94e716,unknown (not recorded),,inferred: laptop Windows (native),
protocol_C.jsonl:1418,C,unrollgan,DTR,0.5056,131517208,0,ok,ok,1.0652465733823127,17499588,7,21,8.59,60,1200,eff53cc4804cc7d6246a6e5086861ce2b846f62b,a94e716,unknown (not recorded),,inferred: laptop Windows (native),
protocol_C.jsonl:1419,C,unrollgan,NbhdPenalty@b=0.25,0.5056,131517208,0,ok,ok,1.0662074947112818,17499588,2,21,9.72,60,1200,eff53cc4804cc7d6246a6e5086861ce2b846f62b,a94e716,unknown (not recorded),,inferred: laptop Windows (native),
protocol_C.jsonl:1420,C,unrollgan,DTR,0.5197,135184915,0,ok,ok,1.0637272449171722,17499588,7,21,9.93,60,1200,eff53cc4804cc7d6246a6e5086861ce2b846f62b,a94e716,unknown (not recorded),,inferred: laptop Windows (native),
protocol_C.jsonl:1421,C,unrollgan,TwoPhase@k=8,0.5056,131517208,0,ok,ok,1.0637689343426384,17499588,7,21,10.35,60,1200,eff53cc4804cc7d6246a6e5086861ce2b846f62b,a94e716,unknown (not recorded),,inferred: laptop Windows (native),
protocol_C.jsonl:1422,C,unrollgan,NbhdPenalty@b=0.25,0.5197,135184915,0,ok,ok,1.0648465302644463,17499588,2,21,8.96,60,1200,eff53cc4804cc7d6246a6e5086861ce2b846f62b,a94e716,unknown (not recorded),,inferred: laptop Windows (native),
protocol_C.jsonl:1423,C,unrollgan,TwoPhase@k=8,0.5197,135184915,0,ok,ok,1.062720879723082,17499588,7,21,9.84,60,1200,eff53cc4804cc7d6246a6e5086861ce2b846f62b,a94e716,unknown (not recorded),,inferred: laptop Windows (native),
protocol_C.jsonl:1424,C,unrollgan,NbhdPenalty@b=0.25,0.2647,,0,timeout,timeout after 1200.0 s (20-min limit),,,,,1200.0,60,1200,eff53cc4804cc7d6246a6e5086861ce2b846f62b,a94e716,unknown (not recorded),,inferred: laptop Windows (native),
protocol_C.jsonl:1425,C,unrollgan,DTR,0.5239,136277424,0,ok,ok,1.0628695108946387,17499588,7,21,9.98,60,1200,eff53cc4804cc7d6246a6e5086861ce2b846f62b,a94e716,unknown (not recorded),,inferred: laptop Windows (native),
protocol_C.jsonl:1426,C,unrollgan,NbhdPenalty@b=0.25,0.5239,136277424,0,ok,ok,1.0648465302644463,17499588,2,21,10.17,60,1200,eff53cc4804cc7d6246a6e5086861ce2b846f62b,a94e716,unknown (not recorded),,inferred: laptop Windows (native),
protocol_C.jsonl:1427,C,unrollgan,DTR,0.5363,139502925,0,ok,ok,1.061391066762809,17499588,2,21,9.25,60,1200,eff53cc4804cc7d6246a6e5086861ce2b846f62b,a94e716,unknown (not recorded),,inferred: laptop Windows (native),
protocol_C.jsonl:1428,C,unrollgan,TwoPhase@k=8,0.5239,136277424,0,ok,ok,1.0618769598065394,17499588,7,21,10.79,60,1200,eff53cc4804cc7d6246a6e5086861ce2b846f62b,a94e716,unknown (not recorded),,inferred: laptop Windows (native),
protocol_C.jsonl:1429,C,unrollgan,NbhdPenalty@b=0.25,0.5363,139502925,0,ok,ok,1.063999501576215,17499588,2,21,8.83,60,1200,eff53cc4804cc7d6246a6e5086861ce2b846f62b,a94e716,unknown (not recorded),,inferred: laptop Windows (native),
protocol_C.jsonl:1430,C,unrollgan,TwoPhase@k=8,0.5363,139502925,0,ok,ok,1.0607766778226135,17499588,2,21,10.03,60,1200,eff53cc4804cc7d6246a6e5086861ce2b846f62b,a94e716,unknown (not recorded),,inferred: laptop Windows (native),
protocol_C.jsonl:1431,C,unrollgan,DTR,0.545,141765978,0,ok,ok,1.0607867374889497,17499588,2,21,9.08,60,1200,eff53cc4804cc7d6246a6e5086861ce2b846f62b,a94e716,unknown (not recorded),,inferred: laptop Windows (native),
protocol_C.jsonl:1432,C,unrollgan,NbhdPenalty@b=0.25,0.545,141765978,0,ok,ok,1.0628719819695707,17499588,2,21,9.06,60,1200,eff53cc4804cc7d6246a6e5086861ce2b846f62b,a94e716,unknown (not recorded),,inferred: laptop Windows (native),
protocol_C.jsonl:1433,C,unrollgan,TwoPhase@k=8,0.545,141765978,0,ok,ok,1.059639815958484,17499588,2,21,9.41,60,1200,eff53cc4804cc7d6246a6e5086861ce2b846f62b,a94e716,unknown (not recorded),,inferred: laptop Windows (native),
protocol_C.jsonl:1434,C,unrollgan,DTR,0.5557,144549274,0,ok,ok,1.0594249041802832,17499588,2,21,9.31,60,1200,eff53cc4804cc7d6246a6e5086861ce2b846f62b,a94e716,unknown (not recorded),,inferred: laptop Windows (native),
protocol_C.jsonl:1435,C,unrollgan,NbhdPenalty@b=0.25,0.5557,144549274,0,ok,ok,1.0610579499195534,17499588,2,21,8.12,60,1200,eff53cc4804cc7d6246a6e5086861ce2b846f62b,a94e716,unknown (not recorded),,inferred: laptop Windows (native),
protocol_C.jsonl:1436,C,unrollgan,DTR,0.5682,147800787,0,ok,ok,1.0574374106412474,17499588,2,21,8.78,60,1200,eff53cc4804cc7d6246a6e5086861ce2b846f62b,a94e716,unknown (not recorded),,inferred: laptop Windows (native),
protocol_C.jsonl:1437,C,unrollgan,TwoPhase@k=8,0.5557,144549274,0,ok,ok,1.0587210702987577,17499588,2,21,10.02,60,1200,eff53cc4804cc7d6246a6e5086861ce2b846f62b,a94e716,unknown (not recorded),,inferred: laptop Windows (native),
protocol_C.jsonl:1438,C,unrollgan,NbhdPenalty@b=0.25,0.5682,147800787,0,ok,ok,1.0588033810076225,17499588,2,21,9.05,60,1200,eff53cc4804cc7d6246a6e5086861ce2b846f62b,a94e716,unknown (not recorded),,inferred: laptop Windows (native),
protocol_C.jsonl:1439,C,unrollgan,TwoPhase@k=8,0.5682,147800787,0,ok,ok,1.0572249858803975,17499588,2,21,9.22,60,1200,eff53cc4804cc7d6246a6e5086861ce2b846f62b,a94e716,unknown (not recorded),,inferred: laptop Windows (native),
protocol_C.jsonl:1440,C,unrollgan,DTR,0.5787,150532058,0,ok,ok,1.0566711940745026,17499588,2,21,9.55,60,1200,eff53cc4804cc7d6246a6e5086861ce2b846f62b,a94e716,unknown (not recorded),,inferred: laptop Windows (native),
protocol_C.jsonl:1441,C,unrollgan,NbhdPenalty@b=0.25,0.5787,150532058,0,ok,ok,1.0569727528995134,17499588,2,21,7.42,60,1200,eff53cc4804cc7d6246a6e5086861ce2b846f62b,a94e716,unknown (not recorded),,inferred: laptop Windows (native),
protocol_C.jsonl:1442,C,unrollgan,TwoPhase@k=8,0.5787,150532058,0,ok,ok,1.0557028595207372,17499588,2,21,8.62,60,1200,eff53cc4804cc7d6246a6e5086861ce2b846f62b,a94e716,unknown (not recorded),,inferred: laptop Windows (native),
protocol_C.jsonl:1443,C,unrollgan,DTR,0.589,153211305,0,ok,ok,1.0556154631802381,17499588,2,21,9.09,60,1200,eff53cc4804cc7d6246a6e5086861ce2b846f62b,a94e716,unknown (not recorded),,inferred: laptop Windows (native),
protocol_C.jsonl:1444,C,unrollgan,NbhdPenalty@b=0.25,0.589,153211305,0,ok,ok,1.0567905868497667,17499588,2,21,8.51,60,1200,eff53cc4804cc7d6246a6e5086861ce2b846f62b,a94e716,unknown (not recorded),,inferred: laptop Windows (native),
protocol_C.jsonl:1445,C,unrollgan,DTR,0.5953,154850068,0,ok,ok,1.0553746688849268,17499588,2,21,8.3,60,1200,eff53cc4804cc7d6246a6e5086861ce2b846f62b,a94e716,unknown (not recorded),,inferred: laptop Windows (native),
protocol_C.jsonl:1446,C,unrollgan,TwoPhase@k=8,0.589,153211305,0,ok,ok,1.0545512828039483,17499588,2,21,8.99,60,1200,eff53cc4804cc7d6246a6e5086861ce2b846f62b,a94e716,unknown (not recorded),,inferred: laptop Windows (native),
protocol_C.jsonl:1447,C,unrollgan,NbhdPenalty@b=0.25,0.5953,154850068,0,ok,ok,1.0563122106565552,17499588,2,21,7.53,60,1200,eff53cc4804cc7d6246a6e5086861ce2b846f62b,a94e716,unknown (not recorded),,inferred: laptop Windows (native),
protocol_C.jsonl:1448,C,unrollgan,TwoPhase@k=8,0.5953,154850068,0,ok,ok,1.0549553992098475,17499588,2,21,6.42,60,1200,eff53cc4804cc7d6246a6e5086861ce2b846f62b,a94e716,unknown (not recorded),,inferred: laptop Windows (native),
protocol_B.jsonl:1,B,densenet,DTR,0.131,1443718420,0,oom,"oom: evictable pool empty, pinned 1.43 GB at depth 92",,1434226392,92,109,117.01,60,1200,eff53cc4804cc7d6246a6e5086861ce2b846f62b,a94e716,unknown (not recorded),,inferred: laptop Windows (native),
protocol_B.jsonl:2,B,densenet,DTR,0.132,1454739172,0,oom,"oom: evictable pool empty, pinned 1.45 GB at depth 101",,1451093464,101,109,127.03,60,1200,eff53cc4804cc7d6246a6e5086861ce2b846f62b,a94e716,unknown (not recorded),,inferred: laptop Windows (native),
protocol_B.jsonl:3,B,densenet,NbhdPenalty@b=0.25,0.132,1454739172,0,oom,"oom: evictable pool empty, pinned 1.42 GB at depth 59",,1415744320,59,60,128.69,60,1200,eff53cc4804cc7d6246a6e5086861ce2b846f62b,a94e716,unknown (not recorded),,inferred: laptop Windows (native),
protocol_B.jsonl:4,B,densenet,DTR,0.133,1465759923,0,oom,"oom: evictable pool empty, pinned 1.45 GB at depth 100",,1448985560,100,116,133.4,60,1200,eff53cc4804cc7d6246a6e5086861ce2b846f62b,a94e716,unknown (not recorded),,inferred: laptop Windows (native),
protocol_B.jsonl:5,B,densenet,NbhdPenalty@b=0.25,0.133,1465759923,0,oom,"oom: evictable pool empty, pinned 1.42 GB at depth 59",,1415744320,59,60,129.4,60,1200,eff53cc4804cc7d6246a6e5086861ce2b846f62b,a94e716,unknown (not recorded),,inferred: laptop Windows (native),
protocol_B.jsonl:6,B,densenet,NbhdPenalty@b=0.25,0.131,1443718420,0,oom,"oom: evictable pool empty, pinned 1.42 GB at depth 59",,1415745088,59,88,275.24,60,1200,eff53cc4804cc7d6246a6e5086861ce2b846f62b,a94e716,unknown (not recorded),,inferred: laptop Windows (native),
protocol_B.jsonl:7,B,densenet,TwoPhase@k=8,0.131,1443718420,0,oom,"oom: evictable pool empty, pinned 1.39 GB at depth 50",,1391528408,50,88,379.46,60,1200,eff53cc4804cc7d6246a6e5086861ce2b846f62b,a94e716,unknown (not recorded),,inferred: laptop Windows (native),
protocol_B.jsonl:8,B,densenet,DTR,0.134,1476780674,0,oom,"oom: evictable pool empty, pinned 1.46 GB at depth 122",,1461101792,122,123,149.35,60,1200,eff53cc4804cc7d6246a6e5086861ce2b846f62b,a94e716,unknown (not recorded),,inferred: laptop Windows (native),
protocol_B.jsonl:9,B,densenet,TwoPhase@k=8,0.132,1454739172,0,oom,"oom: evictable pool empty, pinned 1.39 GB at depth 50",,1391528408,50,88,433.37,60,1200,eff53cc4804cc7d6246a6e5086861ce2b846f62b,a94e716,unknown (not recorded),,inferred: laptop Windows (native),
protocol_B.jsonl:10,B,densenet,NbhdPenalty@b=0.25,0.134,1476780674,0,oom,"oom: evictable pool empty, pinned 1.42 GB at depth 59",,1415745088,59,88,228.08,60,1200,eff53cc4804cc7d6246a6e5086861ce2b846f62b,a94e716,unknown (not recorded),,inferred: laptop Windows (native),
protocol_B.jsonl:11,B,densenet,NbhdPenalty@b=0.25,0.135,1487801426,0,oom,"oom: evictable pool empty, pinned 1.48 GB at depth 57",,1476850752,57,63,135.92,60,1200,eff53cc4804cc7d6246a6e5086861ce2b846f62b,a94e716,unknown (not recorded),,inferred: laptop Windows (native),
protocol_B.jsonl:12,B,densenet,DTR,0.135,1487801426,0,oom,"oom: evictable pool empty, pinned 1.47 GB at depth 106",,1474807256,106,123,173.79,60,1200,eff53cc4804cc7d6246a6e5086861ce2b846f62b,a94e716,unknown (not recorded),,inferred: laptop Windows (native),
protocol_B.jsonl:13,B,densenet,TwoPhase@k=8,0.133,1465759923,0,oom,"oom: evictable pool empty, pinned 1.42 GB at depth 63",,1418916568,63,86,452.83,60,1200,eff53cc4804cc7d6246a6e5086861ce2b846f62b,a94e716,unknown (not recorded),,inferred: laptop Windows (native),
protocol_B.jsonl:14,B,densenet,DTR,0.136,1498822177,0,oom,"oom: evictable pool empty, pinned 1.48 GB at depth 106",,1483761880,106,123,207.75,60,1200,eff53cc4804cc7d6246a6e5086861ce2b846f62b,a94e716,unknown (not recorded),,inferred: laptop Windows (native),
protocol_B.jsonl:15,B,densenet,TwoPhase@k=8,0.134,1476780674,0,oom,"oom: evictable pool empty, pinned 1.42 GB at depth 63",,1418933464,63,84,437.12,60,1200,eff53cc4804cc7d6246a6e5086861ce2b846f62b,a94e716,unknown (not recorded),,inferred: laptop Windows (native),
protocol_B.jsonl:16,B,densenet,DTR,0.137,1509842928,0,oom,"oom: evictable pool empty, pinned 1.50 GB at depth 113",,1496413144,113,130,217.19,60,1200,eff53cc4804cc7d6246a6e5086861ce2b846f62b,a94e716,unknown (not recorded),,inferred: laptop Windows (native),
protocol_B.jsonl:17,B,densenet,NbhdPenalty@b=0.25,0.136,1498822177,0,oom,"oom: evictable pool empty, pinned 1.49 GB at depth 92",,1494788160,92,109,316.59,60,1200,eff53cc4804cc7d6246a6e5086861ce2b846f62b,a94e716,unknown (not recorded),,inferred: laptop Windows (native),
protocol_B.jsonl:18,B,densenet,TwoPhase@k=8,0.135,1487801426,0,oom,"oom: evictable pool empty, pinned 1.42 GB at depth 59",,1423148248,59,85,421.09,60,1200,eff53cc4804cc7d6246a6e5086861ce2b846f62b,a94e716,unknown (not recorded),,inferred: laptop Windows (native),
protocol_B.jsonl:19,B,densenet,DTR,0.138,1520863679,0,oom,"oom: evictable pool empty, pinned 1.49 GB at depth 59",,1486369752,59,88,122.4,60,1200,eff53cc4804cc7d6246a6e5086861ce2b846f62b,a94e716,unknown (not recorded),,inferred: laptop Windows (native),
protocol_B.jsonl:20,B,densenet,TwoPhase@k=8,0.136,1498822177,0,oom,"oom: evictable pool empty, pinned 1.49 GB at depth 78",,1489012184,78,97,391.22,60,1200,eff53cc4804cc7d6246a6e5086861ce2b846f62b,a94e716,unknown (not recorded),,inferred: laptop Windows (native),
protocol_B.jsonl:21,B,densenet,NbhdPenalty@b=0.25,0.137,1509842928,0,oom,"oom: evictable pool empty, pinned 1.50 GB at depth 95",,1502546496,95,96,272.43,60,1200,eff53cc4804cc7d6246a6e5086861ce2b846f62b,a94e716,unknown (not recorded),,inferred: laptop Windows (native),
protocol_B.jsonl:22,B,densenet,NbhdPenalty@b=0.25,0.139,1531884431,0,ok,ok,1.8912344679472064,824634072,8,22,48.89,60,1200,eff53cc4804cc7d6246a6e5086861ce2b846f62b,a94e716,unknown (not recorded),,inferred: laptop Windows (native),
protocol_B.jsonl:23,B,densenet,DTR,0.191,2104963499,0,ok,ok,1.6529772095705044,689758936,18,24,29.57,60,1200,eff53cc4804cc7d6246a6e5086861ce2b846f62b,a94e716,unknown (not recorded),,inferred: laptop Windows (native),
protocol_B.jsonl:24,B,densenet,DTR,0.139,1531884431,0,oom,"oom: evictable pool empty, pinned 1.49 GB at depth 59",,1486369752,59,88,118.7,60,1200,eff53cc4804cc7d6246a6e5086861ce2b846f62b,a94e716,unknown (not recorded),,inferred: laptop Windows (native),
protocol_B.jsonl:25,B,densenet,NbhdPenalty@b=0.25,0.191,2104963499,0,ok,ok,1.691415062248673,824634072,8,22,17.94,60,1200,eff53cc4804cc7d6246a6e5086861ce2b846f62b,a94e716,unknown (not recorded),,inferred: laptop Windows (native),
protocol_B.jsonl:26,B,densenet,DTR,0.192,2115984250,0,ok,ok,1.66173718292704,689758936,18,24,30.67,60,1200,eff53cc4804cc7d6246a6e5086861ce2b846f62b,a94e716,unknown (not recorded),,inferred: laptop Windows (native),
protocol_B.jsonl:27,B,densenet,NbhdPenalty@b=0.25,0.192,2115984250,0,ok,ok,1.7980783769980417,824634072,8,22,19.15,60,1200,eff53cc4804cc7d6246a6e5086861ce2b846f62b,a94e716,unknown (not recorded),,inferred: laptop Windows (native),
protocol_B.jsonl:28,B,densenet,TwoPhase@k=8,0.137,1509842928,0,oom,"oom: evictable pool empty, pinned 1.51 GB at depth 86",,1508506328,86,97,390.65,60,1200,eff53cc4804cc7d6246a6e5086861ce2b846f62b,a94e716,unknown (not recorded),,inferred: laptop Windows (native),
protocol_B.jsonl:29,B,densenet,DTR,0.193,2127005001,0,ok,ok,1.6643037469778283,689758936,18,24,32.1,60,1200,eff53cc4804cc7d6246a6e5086861ce2b846f62b,a94e716,unknown (not recorded),,inferred: laptop Windows (native),
protocol_B.jsonl:30,B,densenet,NbhdPenalty@b=0.25,0.193,2127005001,0,ok,ok,1.64932579347082,824634072,8,22,17.8,60,1200,eff53cc4804cc7d6246a6e5086861ce2b846f62b,a94e716,unknown (not recorded),,inferred: laptop Windows (native),
protocol_B.jsonl:31,B,densenet,NbhdPenalty@b=0.25,0.138,1520863679,0,oom,"oom: evictable pool empty, pinned 1.50 GB at depth 91",,1502554432,91,92,309.61,60,1200,eff53cc4804cc7d6246a6e5086861ce2b846f62b,a94e716,unknown (not recorded),,inferred: laptop Windows (native),
protocol_B.jsonl:32,B,densenet,DTR,0.194,2138025752,0,ok,ok,1.6656037698261807,689758936,18,24,34.17,60,1200,eff53cc4804cc7d6246a6e5086861ce2b846f62b,a94e716,unknown (not recorded),,inferred: laptop Windows (native),
protocol_B.jsonl:33,B,densenet,NbhdPenalty@b=0.25,0.194,2138025752,0,ok,ok,1.7924029171587637,824634072,8,22,15.91,60,1200,eff53cc4804cc7d6246a6e5086861ce2b846f62b,a94e716,unknown (not recorded),,inferred: laptop Windows (native),
protocol_B.jsonl:34,B,densenet,TwoPhase@k=8,0.138,1520863679,0,oom,"oom: evictable pool empty, pinned 1.52 GB at depth 86",,1517989592,86,102,360.65,60,1200,eff53cc4804cc7d6246a6e5086861ce2b846f62b,a94e716,unknown (not recorded),,inferred: laptop Windows (native),
protocol_B.jsonl:35,B,densenet,DTR,0.195,2149046504,0,ok,ok,1.6272345438269284,689758936,18,19,2.5,60,1200,eff53cc4804cc7d6246a6e5086861ce2b846f62b,a94e716,unknown (not recorded),,inferred: laptop Windows (native),
protocol_B.jsonl:36,B,densenet,NbhdPenalty@b=0.25,0.195,2149046504,0,ok,ok,1.7717193461261966,824634072,8,22,17.47,60,1200,eff53cc4804cc7d6246a6e5086861ce2b846f62b,a94e716,unknown (not recorded),,inferred: laptop Windows (native),
protocol_B.jsonl:37,B,densenet,TwoPhase@k=8,0.139,1531884431,0,oom,"oom: evictable pool empty, pinned 1.52 GB at depth 86",,1517997784,86,102,374.98,60,1200,eff53cc4804cc7d6246a6e5086861ce2b846f62b,a94e716,unknown (not recorded),,inferred: laptop Windows (native),
protocol_B.jsonl:38,B,densenet,DTR,0.196,2160067255,0,ok,ok,1.626153063584674,689758936,18,19,2.52,60,1200,eff53cc4804cc7d6246a6e5086861ce2b846f62b,a94e716,unknown (not recorded),,inferred: laptop Windows (native),
protocol_B.jsonl:39,B,densenet,NbhdPenalty@b=0.25,0.196,2160067255,0,ok,ok,1.7891782850923872,824634072,8,22,17.78,60,1200,eff53cc4804cc7d6246a6e5086861ce2b846f62b,a94e716,unknown (not recorded),,inferred: laptop Windows (native),
protocol_B.jsonl:40,B,densenet,TwoPhase@k=8,0.192,2115984250,0,oom,"oom: evictable pool empty, pinned 2.05 GB at depth 77",,2051164120,77,91,510.01,60,1200,eff53cc4804cc7d6246a6e5086861ce2b846f62b,a94e716,unknown (not recorded),,inferred: laptop Windows (native),
protocol_B.jsonl:41,B,densenet,DTR,0.197,2171088006,0,ok,ok,1.6640661218600192,689758936,18,24,39.08,60,1200,eff53cc4804cc7d6246a6e5086861ce2b846f62b,a94e716,unknown (not recorded),,inferred: laptop Windows (native),
protocol_B.jsonl:42,B,densenet,NbhdPenalty@b=0.25,0.197,2171088006,0,ok,ok,1.6735268906082914,824634072,8,22,16.99,60,1200,eff53cc4804cc7d6246a6e5086861ce2b846f62b,a94e716,unknown (not recorded),,inferred: laptop Windows (native),
protocol_B.jsonl:43,B,densenet,TwoPhase@k=8,0.194,2138025752,0,oom,"oom: evictable pool empty, pinned 2.13 GB at depth 107",,2129166552,107,118,716.36,60,1200,eff53cc4804cc7d6246a6e5086861ce2b846f62b,a94e716,unknown (not recorded),,inferred: laptop Windows (native),
protocol_B.jsonl:44,B,densenet,TwoPhase@k=8,0.195,2149046504,0,oom,"oom: evictable pool empty, pinned 2.13 GB at depth 115",,2133361120,115,116,728.45,60,1200,eff53cc4804cc7d6246a6e5086861ce2b846f62b,a94e716,unknown (not recorded),,inferred: laptop Windows (native),
protocol_B.jsonl:45,B,densenet,DTR,0.198,2182108758,0,ok,ok,1.6656382252993913,824634072,8,24,35.46,60,1200,eff53cc4804cc7d6246a6e5086861ce2b846f62b,a94e716,unknown (not recorded),,inferred: laptop Windows (native),
protocol_B.jsonl:46,B,densenet,NbhdPenalty@b=0.25,0.198,2182108758,0,ok,ok,1.6738561314840221,824634072,8,22,17.85,60,1200,eff53cc4804cc7d6246a6e5086861ce2b846f62b,a94e716,unknown (not recorded),,inferred: laptop Windows (native),
protocol_B.jsonl:47,B,densenet,DTR,0.199,2193129509,0,ok,ok,1.665114855048622,824634072,8,24,35.26,60,1200,eff53cc4804cc7d6246a6e5086861ce2b846f62b,a94e716,unknown (not recorded),,inferred: laptop Windows (native),
protocol_B.jsonl:48,B,densenet,NbhdPenalty@b=0.25,0.199,2193129509,0,ok,ok,1.8025665921960858,824634072,8,22,17.39,60,1200,eff53cc4804cc7d6246a6e5086861ce2b846f62b,a94e716,unknown (not recorded),,inferred: laptop Windows (native),
protocol_B.jsonl:49,B,densenet,TwoPhase@k=8,0.193,2127005001,0,oom,"oom: evictable pool empty, pinned 2.11 GB at depth 112",,2111245528,112,118,1004.94,60,1200,eff53cc4804cc7d6246a6e5086861ce2b846f62b,a94e716,unknown (not recorded),,inferred: laptop Windows (native),
protocol_B.jsonl:50,B,densenet,DTR,0.201,2215171012,0,ok,ok,1.6788718824368671,824634072,8,24,29.9,60,1200,eff53cc4804cc7d6246a6e5086861ce2b846f62b,a94e716,unknown (not recorded),,inferred: laptop Windows (native),
protocol_B.jsonl:51,B,densenet,NbhdPenalty@b=0.25,0.201,2215171012,0,ok,ok,1.6712359027944734,824634072,8,22,17.62,60,1200,eff53cc4804cc7d6246a6e5086861ce2b846f62b,a94e716,unknown (not recorded),,inferred: laptop Windows (native),
protocol_B.jsonl:52,B,densenet,TwoPhase@k=8,0.196,2160067255,0,oom,"oom: evictable pool empty, pinned 2.15 GB at depth 100",,2150228440,100,116,856.99,60,1200,eff53cc4804cc7d6246a6e5086861ce2b846f62b,a94e716,unknown (not recorded),,inferred: laptop Windows (native),
protocol_B.jsonl:53,B,densenet,DTR,0.202,2226191763,0,ok,ok,1.635695107508563,824634072,8,19,2.43,60,1200,eff53cc4804cc7d6246a6e5086861ce2b846f62b,a94e716,unknown (not recorded),,inferred: laptop Windows (native),
protocol_B.jsonl:54,B,densenet,NbhdPenalty@b=0.25,0.202,2226191763,0,ok,ok,1.7922164770790046,824634072,8,22,17.68,60,1200,eff53cc4804cc7d6246a6e5086861ce2b846f62b,a94e716,unknown (not recorded),,inferred: laptop Windows (native),
protocol_B.jsonl:55,B,densenet,TwoPhase@k=8,0.191,,0,timeout,timeout after 1200.0 s (20-min limit),,,,,1200.0,60,1200,eff53cc4804cc7d6246a6e5086861ce2b846f62b,a94e716,unknown (not recorded),,inferred: laptop Windows (native),
protocol_B.jsonl:56,B,densenet,DTR,0.203,2237212514,0,ok,ok,1.6659920370198475,824634072,8,24,34.93,60,1200,eff53cc4804cc7d6246a6e5086861ce2b846f62b,a94e716,unknown (not recorded),,inferred: laptop Windows (native),
protocol_B.jsonl:57,B,densenet,NbhdPenalty@b=0.25,0.203,2237212514,0,ok,ok,1.811763329908426,824634072,8,22,18.12,60,1200,eff53cc4804cc7d6246a6e5086861ce2b846f62b,a94e716,unknown (not recorded),,inferred: laptop Windows (native),
protocol_B.jsonl:58,B,densenet,TwoPhase@k=8,0.197,2171088006,0,oom,"oom: evictable pool empty, pinned 2.17 GB at depth 99",,2165506776,99,109,779.68,60,1200,eff53cc4804cc7d6246a6e5086861ce2b846f62b,a94e716,unknown (not recorded),,inferred: laptop Windows (native),
protocol_B.jsonl:59,B,densenet,DTR,0.204,2248233266,0,ok,ok,1.642434414561206,689758936,18,24,33.07,60,1200,eff53cc4804cc7d6246a6e5086861ce2b846f62b,a94e716,unknown (not recorded),,inferred: laptop Windows (native),
protocol_B.jsonl:60,B,densenet,NbhdPenalty@b=0.25,0.204,2248233266,0,ok,ok,1.6677946335586402,824634072,8,22,17.48,60,1200,eff53cc4804cc7d6246a6e5086861ce2b846f62b,a94e716,unknown (not recorded),,inferred: laptop Windows (native),
protocol_B.jsonl:61,B,densenet,TwoPhase@k=8,0.204,2248233266,0,ok,ok,1.522879695121131,622324440,2,19,5.1,60,1200,eff53cc4804cc7d6246a6e5086861ce2b846f62b,a94e716,unknown (not recorded),,inferred: laptop Windows (native),
protocol_B.jsonl:62,B,densenet,DTR,0.205,2259254017,0,ok,ok,1.6528049096882138,824634072,8,19,2.44,60,1200,eff53cc4804cc7d6246a6e5086861ce2b846f62b,a94e716,unknown (not recorded),,inferred: laptop Windows (native),
protocol_B.jsonl:63,B,densenet,NbhdPenalty@b=0.25,0.205,2259254017,0,ok,ok,1.6639481227002126,824634072,8,22,16.07,60,1200,eff53cc4804cc7d6246a6e5086861ce2b846f62b,a94e716,unknown (not recorded),,inferred: laptop Windows (native),
protocol_B.jsonl:64,B,densenet,TwoPhase@k=8,0.198,2182108758,0,oom,"oom: evictable pool empty, pinned 2.18 GB at depth 107",,2176027096,107,118,772.38,60,1200,eff53cc4804cc7d6246a6e5086861ce2b846f62b,a94e716,unknown (not recorded),,inferred: laptop Windows (native),
protocol_B.jsonl:65,B,densenet,DTR,0.206,2270274768,0,ok,ok,1.651553983496836,824634072,8,19,2.46,60,1200,eff53cc4804cc7d6246a6e5086861ce2b846f62b,a94e716,unknown (not recorded),,inferred: laptop Windows (native),
protocol_B.jsonl:66,B,densenet,NbhdPenalty@b=0.25,0.206,2270274768,0,ok,ok,1.6640763977081396,824634072,8,22,18.4,60,1200,eff53cc4804cc7d6246a6e5086861ce2b846f62b,a94e716,unknown (not recorded),,inferred: laptop Windows (native),
protocol_B.jsonl:67,B,densenet,TwoPhase@k=8,0.199,2193129509,0,oom,"oom: evictable pool empty, pinned 2.18 GB at depth 106",,2179211992,106,123,939.06,60,1200,eff53cc4804cc7d6246a6e5086861ce2b846f62b,a94e716,unknown (not recorded),,inferred: laptop Windows (native),
protocol_B.jsonl:68,B,densenet,DTR,0.207,2281295519,0,ok,ok,1.6521023664735017,824634072,8,19,2.43,60,1200,eff53cc4804cc7d6246a6e5086861ce2b846f62b,a94e716,unknown (not recorded),,inferred: laptop Windows (native),
protocol_B.jsonl:69,B,densenet,TwoPhase@k=8,0.203,2237212514,0,oom,"oom: evictable pool empty, pinned 2.18 GB at depth 71",,2183929560,71,98,690.54,60,1200,eff53cc4804cc7d6246a6e5086861ce2b846f62b,a94e716,unknown (not recorded),,inferred: laptop Windows (native),
protocol_B.jsonl:70,B,densenet,NbhdPenalty@b=0.25,0.207,2281295519,0,ok,ok,1.608265843255348,824634072,8,22,14.36,60,1200,eff53cc4804cc7d6246a6e5086861ce2b846f62b,a94e716,unknown (not recorded),,inferred: laptop Windows (native),
protocol_B.jsonl:71,B,densenet,DTR,0.208,2292316271,0,ok,ok,1.6510523836336897,824634072,8,19,2.45,60,1200,eff53cc4804cc7d6246a6e5086861ce2b846f62b,a94e716,unknown (not recorded),,inferred: laptop Windows (native),
protocol_B.jsonl:72,B,densenet,TwoPhase@k=8,0.202,2226191763,0,oom,"oom: evictable pool empty, pinned 2.18 GB at depth 71",,2183929560,71,99,768.23,60,1200,eff53cc4804cc7d6246a6e5086861ce2b846f62b,a94e716,unknown (not recorded),,inferred: laptop Windows (native),
protocol_B.jsonl:73,B,densenet,TwoPhase@k=8,0.207,2281295519,0,ok,ok,1.495495319802913,824634072,8,24,27.03,60,1200,eff53cc4804cc7d6246a6e5086861ce2b846f62b,a94e716,unknown (not recorded),,inferred: laptop Windows (native),
protocol_B.jsonl:74,B,densenet,NbhdPenalty@b=0.25,0.208,2292316271,0,ok,ok,1.6784831677329701,824634072,8,22,16.47,60,1200,eff53cc4804cc7d6246a6e5086861ce2b846f62b,a94e716,unknown (not recorded),,inferred: laptop Windows (native),
protocol_B.jsonl:75,B,densenet,TwoPhase@k=8,0.208,2292316271,0,ok,ok,1.6505647550962268,689758936,18,24,14.38,60,1200,eff53cc4804cc7d6246a6e5086861ce2b846f62b,a94e716,unknown (not recorded),,inferred: laptop Windows (native),
protocol_B.jsonl:76,B,densenet,NbhdPenalty@b=0.25,0.209,2303337022,0,ok,ok,1.6738442851283006,824634072,8,22,18.58,60,1200,eff53cc4804cc7d6246a6e5086861ce2b846f62b,a94e716,unknown (not recorded),,inferred: laptop Windows (native),
protocol_B.jsonl:77,B,densenet,DTR,0.209,2303337022,0,ok,ok,1.6462295180337334,689758936,18,24,33.8,60,1200,eff53cc4804cc7d6246a6e5086861ce2b846f62b,a94e716,unknown (not recorded),,inferred: laptop Windows (native),
protocol_B.jsonl:78,B,densenet,DTR,0.211,2325378525,0,ok,ok,1.6850929529410064,824634072,8,24,30.0,60,1200,eff53cc4804cc7d6246a6e5086861ce2b846f62b,a94e716,unknown (not recorded),,inferred: laptop Windows (native),
protocol_B.jsonl:79,B,densenet,TwoPhase@k=8,0.211,2325378525,0,ok,ok,1.5151624797065368,824634072,8,14,2.18,60,1200,eff53cc4804cc7d6246a6e5086861ce2b846f62b,a94e716,unknown (not recorded),,inferred: laptop Windows (native),
protocol_B.jsonl:80,B,densenet,NbhdPenalty@b=0.25,0.211,2325378525,0,ok,ok,1.6030498638414943,824634072,8,22,20.12,60,1200,eff53cc4804cc7d6246a6e5086861ce2b846f62b,a94e716,unknown (not recorded),,inferred: laptop Windows (native),
protocol_B.jsonl:81,B,densenet,NbhdPenalty@b=0.25,0.212,2336399276,0,ok,ok,1.6461267989559445,824634072,8,22,20.74,60,1200,eff53cc4804cc7d6246a6e5086861ce2b846f62b,a94e716,unknown (not recorded),,inferred: laptop Windows (native),
protocol_B.jsonl:82,B,densenet,DTR,0.212,2336399276,0,ok,ok,1.6739561570568395,824634072,8,24,34.05,60,1200,eff53cc4804cc7d6246a6e5086861ce2b846f62b,a94e716,unknown (not recorded),,inferred: laptop Windows (native),
protocol_B.jsonl:83,B,densenet,TwoPhase@k=8,0.201,2215171012,0,oom,"oom: evictable pool empty, pinned 2.18 GB at depth 71",,2183929560,71,106,918.52,60,1200,eff53cc4804cc7d6246a6e5086861ce2b846f62b,a94e716,unknown (not recorded),,inferred: laptop Windows (native),
protocol_B.jsonl:84,B,densenet,DTR,0.213,2347420027,0,ok,ok,1.665323701599728,824634072,8,24,32.45,60,1200,eff53cc4804cc7d6246a6e5086861ce2b846f62b,a94e716,unknown (not recorded),,inferred: laptop Windows (native),
protocol_B.jsonl:85,B,densenet,NbhdPenalty@b=0.25,0.213,2347420027,0,ok,ok,1.6315750412455263,824634072,8,22,24.2,60,1200,eff53cc4804cc7d6246a6e5086861ce2b846f62b,a94e716,unknown (not recorded),,inferred: laptop Windows (native),
protocol_B.jsonl:86,B,densenet,DTR,0.214,2358440779,0,ok,ok,1.6275832190305892,824634072,8,19,2.4,60,1200,eff53cc4804cc7d6246a6e5086861ce2b846f62b,a94e716,unknown (not recorded),,inferred: laptop Windows (native),
protocol_B.jsonl:87,B,densenet,NbhdPenalty@b=0.25,0.214,2358440779,0,ok,ok,1.6576328526998405,824634072,8,22,19.8,60,1200,eff53cc4804cc7d6246a6e5086861ce2b846f62b,a94e716,unknown (not recorded),,inferred: laptop Windows (native),
protocol_B.jsonl:88,B,densenet,TwoPhase@k=8,0.205,2259254017,0,oom,"oom: evictable pool empty, pinned 2.20 GB at depth 80",,2196574168,80,111,860.55,60,1200,eff53cc4804cc7d6246a6e5086861ce2b846f62b,a94e716,unknown (not recorded),,inferred: laptop Windows (native),
protocol_B.jsonl:89,B,densenet,DTR,0.215,2369461530,0,ok,ok,1.6510247815404224,824634072,8,19,2.34,60,1200,eff53cc4804cc7d6246a6e5086861ce2b846f62b,a94e716,unknown (not recorded),,inferred: laptop Windows (native),
protocol_B.jsonl:90,B,densenet,NbhdPenalty@b=0.25,0.215,2369461530,0,ok,ok,1.6462462391549837,824634072,8,22,18.83,60,1200,eff53cc4804cc7d6246a6e5086861ce2b846f62b,a94e716,unknown (not recorded),,inferred: laptop Windows (native),
protocol_B.jsonl:91,B,densenet,TwoPhase@k=8,0.215,2369461530,0,ok,ok,1.4594107461110095,723479256,5,14,1.03,60,1200,eff53cc4804cc7d6246a6e5086861ce2b846f62b,a94e716,unknown (not recorded),,inferred: laptop Windows (native),
protocol_B.jsonl:92,B,densenet,DTR,0.216,2380482281,0,ok,ok,1.6511868674942471,824634072,8,19,2.41,60,1200,eff53cc4804cc7d6246a6e5086861ce2b846f62b,a94e716,unknown (not recorded),,inferred: laptop Windows (native),
protocol_B.jsonl:93,B,densenet,NbhdPenalty@b=0.25,0.216,2380482281,0,ok,ok,1.774305921483514,824634072,8,22,15.59,60,1200,eff53cc4804cc7d6246a6e5086861ce2b846f62b,a94e716,unknown (not recorded),,inferred: laptop Windows (native),
protocol_B.jsonl:94,B,densenet,TwoPhase@k=8,0.216,2380482281,0,ok,ok,1.5670499005429621,824634072,8,24,24.12,60,1200,eff53cc4804cc7d6246a6e5086861ce2b846f62b,a94e716,unknown (not recorded),,inferred: laptop Windows (native),
protocol_B.jsonl:95,B,densenet,DTR,0.217,2391503032,0,ok,ok,1.6451761014676254,824634072,8,19,2.38,60,1200,eff53cc4804cc7d6246a6e5086861ce2b846f62b,a94e716,unknown (not recorded),,inferred: laptop Windows (native),
protocol_B.jsonl:96,B,densenet,NbhdPenalty@b=0.25,0.217,2391503032,0,ok,ok,1.6667396605575797,824634072,8,22,17.3,60,1200,eff53cc4804cc7d6246a6e5086861ce2b846f62b,a94e716,unknown (not recorded),,inferred: laptop Windows (native),
protocol_B.jsonl:97,B,densenet,TwoPhase@k=8,0.209,2303337022,0,oom,"oom: evictable pool empty, pinned 2.29 GB at depth 107",,2291432152,107,118,699.45,60,1200,eff53cc4804cc7d6246a6e5086861ce2b846f62b,a94e716,unknown (not recorded),,inferred: laptop Windows (native),
protocol_B.jsonl:98,B,densenet,DTR,0.218,2402523784,0,ok,ok,1.6021238160047333,689758936,18,19,2.46,60,1200,eff53cc4804cc7d6246a6e5086861ce2b846f62b,a94e716,unknown (not recorded),,inferred: laptop Windows (native),
protocol_B.jsonl:99,B,densenet,TwoPhase@k=8,0.206,2270274768,0,oom,"oom: evictable pool empty, pinned 2.26 GB at depth 99",,2262446552,99,118,977.81,60,1200,eff53cc4804cc7d6246a6e5086861ce2b846f62b,a94e716,unknown (not recorded),,inferred: laptop Windows (native),
protocol_B.jsonl:100,B,densenet,NbhdPenalty@b=0.25,0.218,2402523784,0,ok,ok,1.6667746001299075,824634072,8,22,16.88,60,1200,eff53cc4804cc7d6246a6e5086861ce2b846f62b,a94e716,unknown (not recorded),,inferred: laptop Windows (native),
protocol_B.jsonl:101,B,densenet,DTR,0.219,2413544535,0,ok,ok,1.6306472934327958,689758936,18,24,33.89,60,1200,eff53cc4804cc7d6246a6e5086861ce2b846f62b,a94e716,unknown (not recorded),,inferred: laptop Windows (native),
protocol_B.jsonl:102,B,densenet,NbhdPenalty@b=0.25,0.219,2413544535,0,ok,ok,1.6400311973735708,824634072,8,22,17.85,60,1200,eff53cc4804cc7d6246a6e5086861ce2b846f62b,a94e716,unknown (not recorded),,inferred: laptop Windows (native),
protocol_B.jsonl:103,B,densenet,TwoPhase@k=8,0.213,2347420027,0,oom,"oom: evictable pool empty, pinned 2.32 GB at depth 78",,2316703192,78,105,745.11,60,1200,eff53cc4804cc7d6246a6e5086861ce2b846f62b,a94e716,unknown (not recorded),,inferred: laptop Windows (native),
protocol_B.jsonl:104,B,densenet,TwoPhase@k=8,0.214,2358440779,0,oom,"oom: evictable pool empty, pinned 2.32 GB at depth 78",,2316703192,78,105,708.24,60,1200,eff53cc4804cc7d6246a6e5086861ce2b846f62b,a94e716,unknown (not recorded),,inferred: laptop Windows (native),
protocol_B.jsonl:105,B,inception,DTR,0.181,2035408597,0,oom,"oom: evictable pool empty, pinned 2.03 GB at depth 38",,2032025972,38,39,26.14,60,1200,eff53cc4804cc7d6246a6e5086861ce2b846f62b,a94e716,unknown (not recorded),,inferred: laptop Windows (native),
protocol_B.jsonl:106,B,densenet,TwoPhase@k=8,0.212,2336399276,0,oom,"oom: evictable pool empty, pinned 2.32 GB at depth 113",,2320415704,113,130,919.87,60,1200,eff53cc4804cc7d6246a6e5086861ce2b846f62b,a94e716,unknown (not recorded),,inferred: laptop Windows (native),
protocol_B.jsonl:107,B,inception,NbhdPenalty@b=0.25,0.181,2035408597,0,oom,"oom: evictable pool empty, pinned 1.90 GB at depth 179",,1903236988,146,180,144.69,60,1200,eff53cc4804cc7d6246a6e5086861ce2b846f62b,a94e716,unknown (not recorded),,inferred: laptop Windows (native),
protocol_B.jsonl:108,B,inception,DTR,0.182,2046653948,0,oom,"oom: evictable pool empty, pinned 2.03 GB at depth 38",,2032025972,38,39,29.3,60,1200,eff53cc4804cc7d6246a6e5086861ce2b846f62b,a94e716,unknown (not recorded),,inferred: laptop Windows (native),
protocol_B.jsonl:109,B,inception,TwoPhase@k=8,0.181,2035408597,0,oom,"oom: evictable pool empty, pinned 2.02 GB at depth 117",,2023974772,115,136,156.41,60,1200,eff53cc4804cc7d6246a6e5086861ce2b846f62b,a94e716,unknown (not recorded),,inferred: laptop Windows (native),
protocol_B.jsonl:110,B,inception,DTR,0.183,2057899300,0,oom,"oom: evictable pool empty, pinned 2.03 GB at depth 38",,2032025972,38,39,28.4,60,1200,eff53cc4804cc7d6246a6e5086861ce2b846f62b,a94e716,unknown (not recorded),,inferred: laptop Windows (native),
protocol_B.jsonl:111,B,inception,NbhdPenalty@b=0.25,0.182,2046653948,0,oom,"oom: evictable pool empty, pinned 1.90 GB at depth 174",,1901561204,174,175,150.12,60,1200,eff53cc4804cc7d6246a6e5086861ce2b846f62b,a94e716,unknown (not recorded),,inferred: laptop Windows (native),
protocol_B.jsonl:112,B,inception,NbhdPenalty@b=0.25,0.183,2057899300,0,oom,"oom: evictable pool empty, pinned 1.91 GB at depth 185",,1905788276,185,186,145.06,60,1200,eff53cc4804cc7d6246a6e5086861ce2b846f62b,a94e716,unknown (not recorded),,inferred: laptop Windows (native),
protocol_B.jsonl:113,B,inception,DTR,0.184,2069144651,0,oom,"oom: evictable pool empty, pinned 2.03 GB at depth 38",,2032025972,38,39,28.56,60,1200,eff53cc4804cc7d6246a6e5086861ce2b846f62b,a94e716,unknown (not recorded),,inferred: laptop Windows (native),
protocol_B.jsonl:114,B,inception,NbhdPenalty@b=0.25,0.184,2069144651,0,oom,"oom: evictable pool empty, pinned 1.90 GB at depth 174",,1901561204,174,175,146.77,60,1200,eff53cc4804cc7d6246a6e5086861ce2b846f62b,a94e716,unknown (not recorded),,inferred: laptop Windows (native),
protocol_B.jsonl:115,B,inception,TwoPhase@k=8,0.183,2057899300,0,oom,"oom: evictable pool empty, pinned 2.05 GB at depth 156",,2053937012,156,165,258.86,60,1200,eff53cc4804cc7d6246a6e5086861ce2b846f62b,a94e716,unknown (not recorded),,inferred: laptop Windows (native),
protocol_B.jsonl:116,B,inception,DTR,0.185,2080390003,0,oom,"oom: evictable pool empty, pinned 2.03 GB at depth 38",,2032025972,38,39,31.19,60,1200,eff53cc4804cc7d6246a6e5086861ce2b846f62b,a94e716,unknown (not recorded),,inferred: laptop Windows (native),
protocol_B.jsonl:117,B,inception,TwoPhase@k=8,0.184,2069144651,0,oom,"oom: evictable pool empty, pinned 2.07 GB at depth 118",,2065509748,118,119,82.06,60,1200,eff53cc4804cc7d6246a6e5086861ce2b846f62b,a94e716,unknown (not recorded),,inferred: laptop Windows (native),
protocol_B.jsonl:118,B,inception,NbhdPenalty@b=0.25,0.185,2080390003,0,oom,"oom: evictable pool empty, pinned 1.93 GB at depth 185",,1926423668,185,186,168.88,60,1200,eff53cc4804cc7d6246a6e5086861ce2b846f62b,a94e716,unknown (not recorded),,inferred: laptop Windows (native),
protocol_B.jsonl:119,B,inception,TwoPhase@k=8,0.182,2046653948,0,oom,"oom: evictable pool empty, pinned 2.00 GB at depth 178",,2016734580,170,183,610.04,60,1200,eff53cc4804cc7d6246a6e5086861ce2b846f62b,a94e716,unknown (not recorded),,inferred: laptop Windows (native),
protocol_B.jsonl:120,B,inception,DTR,0.186,2091635354,0,oom,"oom: evictable pool empty, pinned 2.03 GB at depth 38",,2032025972,38,39,20.54,60,1200,eff53cc4804cc7d6246a6e5086861ce2b846f62b,a94e716,unknown (not recorded),,inferred: laptop Windows (native),
protocol_B.jsonl:121,B,densenet,TwoPhase@k=8,0.217,,0,timeout,timeout after 1200.0 s (20-min limit),,,,,1200.0,60,1200,eff53cc4804cc7d6246a6e5086861ce2b846f62b,a94e716,unknown (not recorded),,inferred: laptop Windows (native),
protocol_B.jsonl:122,B,inception,DTR,0.187,2102880705,0,oom,"oom: evictable pool empty, pinned 2.03 GB at depth 38",,2032025972,38,39,20.81,60,1200,eff53cc4804cc7d6246a6e5086861ce2b846f62b,a94e716,unknown (not recorded),,inferred: laptop Windows (native),
protocol_B.jsonl:123,B,inception,NbhdPenalty@b=0.25,0.186,2091635354,0,oom,"oom: evictable pool empty, pinned 1.90 GB at depth 169",,1901560948,174,175,150.23,60,1200,eff53cc4804cc7d6246a6e5086861ce2b846f62b,a94e716,unknown (not recorded),,inferred: laptop Windows (native),
protocol_B.jsonl:124,B,inception,TwoPhase@k=8,0.186,2091635354,0,oom,"oom: evictable pool empty, pinned 2.04 GB at depth 109",,2054712692,91,115,166.03,60,1200,eff53cc4804cc7d6246a6e5086861ce2b846f62b,a94e716,unknown (not recorded),,inferred: laptop Windows (native),
protocol_B.jsonl:125,B,inception,NbhdPenalty@b=0.25,0.187,2102880705,0,oom,"oom: evictable pool empty, pinned 1.90 GB at depth 169",,1901561716,174,175,146.19,60,1200,eff53cc4804cc7d6246a6e5086861ce2b846f62b,a94e716,unknown (not recorded),,inferred: laptop Windows (native),
protocol_B.jsonl:126,B,inception,DTR,0.188,2114126057,0,oom,"oom: evictable pool empty, pinned 2.03 GB at depth 38",,2032025972,38,39,21.94,60,1200,eff53cc4804cc7d6246a6e5086861ce2b846f62b,a94e716,unknown (not recorded),,inferred: laptop Windows (native),
protocol_B.jsonl:127,B,inception,NbhdPenalty@b=0.25,0.188,2114126057,0,oom,"oom: evictable pool empty, pinned 2.03 GB at depth 38",,2032025972,38,39,23.82,60,1200,eff53cc4804cc7d6246a6e5086861ce2b846f62b,a94e716,unknown (not recorded),,inferred: laptop Windows (native),
protocol_B.jsonl:128,B,inception,DTR,0.189,2125371408,0,oom,"oom: evictable pool empty, pinned 2.03 GB at depth 36",,2032025972,38,39,19.93,60,1200,eff53cc4804cc7d6246a6e5086861ce2b846f62b,a94e716,unknown (not recorded),,inferred: laptop Windows (native),
protocol_B.jsonl:129,B,inception,TwoPhase@k=8,0.185,2080390003,0,oom,"oom: evictable pool empty, pinned 2.06 GB at depth 137",,2061068660,136,141,423.99,60,1200,eff53cc4804cc7d6246a6e5086861ce2b846f62b,a94e716,unknown (not recorded),,inferred: laptop Windows (native),
protocol_B.jsonl:130,B,densenet,TwoPhase@k=8,0.219,2413544535,0,oom,"oom: evictable pool empty, pinned 2.38 GB at depth 115",,2395220184,106,125,1124.82,60,1200,eff53cc4804cc7d6246a6e5086861ce2b846f62b,a94e716,unknown (not recorded),,inferred: laptop Windows (native),
protocol_B.jsonl:131,B,densenet,TwoPhase@k=8,0.218,,0,timeout,timeout after 1200.0 s (20-min limit),,,,,1200.0,60,1200,eff53cc4804cc7d6246a6e5086861ce2b846f62b,a94e716,unknown (not recorded),,inferred: laptop Windows (native),
protocol_B.jsonl:132,B,inception,NbhdPenalty@b=0.25,0.201,2260315624,0,oom,"oom: evictable pool empty, pinned 2.19 GB at depth 34",,2192490868,34,39,40.92,60,1200,eff53cc4804cc7d6246a6e5086861ce2b846f62b,a94e716,unknown (not recorded),,inferred: laptop Windows (native),
protocol_B.jsonl:133,B,inception,NbhdPenalty@b=0.25,0.189,2125371408,0,oom,"oom: evictable pool empty, pinned 1.90 GB at depth 169",,1901561716,174,175,141.02,60,1200,eff53cc4804cc7d6246a6e5086861ce2b846f62b,a94e716,unknown (not recorded),,inferred: laptop Windows (native),
protocol_B.jsonl:134,B,inception,TwoPhase@k=8,0.187,2102880705,0,oom,"oom: evictable pool empty, pinned 2.06 GB at depth 163",,2067708276,151,168,449.73,60,1200,eff53cc4804cc7d6246a6e5086861ce2b846f62b,a94e716,unknown (not recorded),,inferred: laptop Windows (native),
protocol_B.jsonl:135,B,inception,NbhdPenalty@b=0.25,0.202,2271560976,0,oom,"oom: evictable pool empty, pinned 2.24 GB at depth 145",,2245510516,137,162,307.28,60,1200,eff53cc4804cc7d6246a6e5086861ce2b846f62b,74a5cf2,unknown (not recorded),,inferred: laptop Windows (native),
protocol_B.jsonl:136,B,inception,TwoPhase@k=8,0.189,2125371408,0,oom,"oom: evictable pool empty, pinned 2.10 GB at depth 150",,2104419188,148,153,674.82,60,1200,eff53cc4804cc7d6246a6e5086861ce2b846f62b,74a5cf2,unknown (not recorded),,inferred: laptop Windows (native),
protocol_B.jsonl:137,B,inception,TwoPhase@k=8,0.188,2114126057,0,oom,"oom: evictable pool empty, pinned 2.09 GB at depth 164",,2094418548,162,185,895.56,60,1200,eff53cc4804cc7d6246a6e5086861ce2b846f62b,74a5cf2,unknown (not recorded),,inferred: laptop Windows (native),
protocol_B.jsonl:138,B,inception,TwoPhase@k=8,0.201,2260315624,0,oom,"oom: evictable pool empty, pinned 2.24 GB at depth 140",,2239346036,138,161,775.56,60,1200,eff53cc4804cc7d6246a6e5086861ce2b846f62b,74a5cf2,unknown (not recorded),,inferred: laptop Windows (native),
protocol_B.jsonl:139,B,inception,NbhdPenalty@b=0.25,0.203,2282806327,0,oom,"oom: evictable pool empty, pinned 2.19 GB at depth 34",,2192490868,34,39,27.68,60,1200,eff53cc4804cc7d6246a6e5086861ce2b846f62b,74a5cf2,unknown (not recorded),,inferred: laptop Windows (native),
protocol_B.jsonl:140,B,inception,TwoPhase@k=8,0.202,2271560976,0,oom,"oom: evictable pool empty, pinned 2.26 GB at depth 148",,2264199284,149,171,289.63,60,1200,eff53cc4804cc7d6246a6e5086861ce2b846f62b,74a5cf2,unknown (not recorded),,inferred: laptop Windows (native),
protocol_B.jsonl:141,B,inception,DTR,0.201,,0,timeout,timeout after 1200.0 s (20-min limit),,,,,1200.0,60,1200,eff53cc4804cc7d6246a6e5086861ce2b846f62b,74a5cf2,unknown (not recorded),,inferred: laptop Windows (native),
protocol_B.jsonl:142,B,inception,NbhdPenalty@b=0.25,0.204,2294051679,0,oom,"oom: evictable pool empty, pinned 2.25 GB at depth 147",,2253901172,147,162,290.04,60,1200,eff53cc4804cc7d6246a6e5086861ce2b846f62b,74a5cf2,unknown (not recorded),,inferred: laptop Windows (native),
protocol_B.jsonl:143,B,inception,TwoPhase@k=8,0.203,2282806327,0,oom,"oom: evictable pool empty, pinned 2.24 GB at depth 148",,2249086324,141,149,450.99,60,1200,eff53cc4804cc7d6246a6e5086861ce2b846f62b,74a5cf2,unknown (not recorded),,inferred: laptop Windows (native),
protocol_B.jsonl:144,B,inception,DTR,0.202,,0,timeout,timeout after 1200.0 s (20-min limit),,,,,1200.0,60,1200,eff53cc4804cc7d6246a6e5086861ce2b846f62b,74a5cf2,unknown (not recorded),,inferred: laptop Windows (native),
protocol_B.jsonl:145,B,inception,DTR,0.205,2305297030,0,oom,"oom: evictable pool empty, pinned 2.08 GB at depth 161",,2084282740,161,168,141.87,60,1200,eff53cc4804cc7d6246a6e5086861ce2b846f62b,74a5cf2,unknown (not recorded),,inferred: laptop Windows (native),
protocol_B.jsonl:146,B,inception,DTR,0.206,2316542381,0,oom,"oom: evictable pool empty, pinned 2.08 GB at depth 161",,2084282740,161,168,162.89,60,1200,eff53cc4804cc7d6246a6e5086861ce2b846f62b,74a5cf2,unknown (not recorded),,inferred: laptop Windows (native),
protocol_B.jsonl:147,B,inception,NbhdPenalty@b=0.25,0.206,2316542381,0,oom,"oom: evictable pool empty, pinned 2.19 GB at depth 33",,2192490868,34,39,26.21,60,1200,eff53cc4804cc7d6246a6e5086861ce2b846f62b,74a5cf2,unknown (not recorded),,inferred: laptop Windows (native),
protocol_B.jsonl:148,B,inception,NbhdPenalty@b=0.25,0.205,2305297030,0,oom,"oom: evictable pool empty, pinned 2.27 GB at depth 157",,2274872692,149,162,287.7,60,1200,eff53cc4804cc7d6246a6e5086861ce2b846f62b,74a5cf2,unknown (not recorded),,inferred: laptop Windows (native),
protocol_B.jsonl:149,B,inception,TwoPhase@k=8,0.205,2305297030,0,oom,"oom: evictable pool empty, pinned 2.29 GB at depth 172",,2298870644,168,179,427.67,60,1200,eff53cc4804cc7d6246a6e5086861ce2b846f62b,74a5cf2,unknown (not recorded),,inferred: laptop Windows (native),
protocol_B.jsonl:150,B,inception,DTR,0.207,2327787733,0,oom,"oom: evictable pool empty, pinned 2.08 GB at depth 161",,2084282740,161,168,168.03,60,1200,eff53cc4804cc7d6246a6e5086861ce2b846f62b,74a5cf2,unknown (not recorded),,inferred: laptop Windows (native),
protocol_B.jsonl:151,B,inception,NbhdPenalty@b=0.25,0.207,2327787733,0,oom,"oom: evictable pool empty, pinned 2.19 GB at depth 33",,2192490868,34,39,29.6,60,1200,eff53cc4804cc7d6246a6e5086861ce2b846f62b,74a5cf2,unknown (not recorded),,inferred: laptop Windows (native),
protocol_B.jsonl:152,B,inception,TwoPhase@k=8,0.206,2316542381,0,oom,"oom: evictable pool empty, pinned 2.30 GB at depth 151",,2296299380,149,158,308.84,60,1200,eff53cc4804cc7d6246a6e5086861ce2b846f62b,74a5cf2,unknown (not recorded),,inferred: laptop Windows (native),
protocol_B.jsonl:153,B,inception,DTR,0.203,,0,timeout,timeout after 1200.0 s (20-min limit),,,,,1200.0,60,1200,eff53cc4804cc7d6246a6e5086861ce2b846f62b,74a5cf2,unknown (not recorded),,inferred: laptop Windows (native),
protocol_B.jsonl:154,B,inception,NbhdPenalty@b=0.25,0.208,2339033084,0,oom,"oom: evictable pool empty, pinned 2.19 GB at depth 33",,2192490868,34,39,20.67,60,1200,eff53cc4804cc7d6246a6e5086861ce2b846f62b,74a5cf2,unknown (not recorded),,inferred: laptop Windows (native),
protocol_B.jsonl:155,B,inception,DTR,0.204,,0,timeout,timeout after 1200.0 s (20-min limit),,,,,1200.0,60,1200,eff53cc4804cc7d6246a6e5086861ce2b846f62b,74a5cf2,unknown (not recorded),,inferred: laptop Windows (native),
protocol_B.jsonl:156,B,inception,NbhdPenalty@b=0.25,0.209,2350278435,0,oom,"oom: evictable pool empty, pinned 2.19 GB at depth 33",,2192490868,34,39,23.81,60,1200,eff53cc4804cc7d6246a6e5086861ce2b846f62b,74a5cf2,unknown (not recorded),,inferred: laptop Windows (native),
protocol_B.jsonl:157,B,inception,TwoPhase@k=8,0.208,2339033084,0,oom,"oom: evictable pool empty, pinned 2.34 GB at depth 145",,2336590708,145,146,222.27,60,1200,eff53cc4804cc7d6246a6e5086861ce2b846f62b,74a5cf2,unknown (not recorded),,inferred: laptop Windows (native),
protocol_B.jsonl:158,B,inception,TwoPhase@k=8,0.204,2294051679,0,oom,"oom: evictable pool empty, pinned 2.27 GB at depth 153",,2283313268,171,175,918.67,60,1200,eff53cc4804cc7d6246a6e5086861ce2b846f62b,74a5cf2,unknown (not recorded),,inferred: laptop Windows (native),
protocol_B.jsonl:159,B,inception,NbhdPenalty@b=0.25,0.211,2372769138,0,oom,"oom: evictable pool empty, pinned 2.19 GB at depth 33",,2192490868,34,39,28.88,60,1200,eff53cc4804cc7d6246a6e5086861ce2b846f62b,74a5cf2,unknown (not recorded),,inferred: laptop Windows (native),
protocol_B.jsonl:160,B,inception,TwoPhase@k=8,0.207,2327787733,0,oom,"oom: evictable pool empty, pinned 2.33 GB at depth 169",,2327055220,169,173,679.82,60,1200,eff53cc4804cc7d6246a6e5086861ce2b846f62b,74a5cf2,unknown (not recorded),,inferred: laptop Windows (native),
protocol_B.jsonl:161,B,inception,DTR,0.209,2350278435,0,ok,ok,4.9124083725582945,1926802880,96,125,808.21,60,1200,eff53cc4804cc7d6246a6e5086861ce2b846f62b,74a5cf2,unknown (not recorded),,inferred: laptop Windows (native),
protocol_B.jsonl:162,B,inception,NbhdPenalty@b=0.25,0.212,2384014490,0,oom,"oom: evictable pool empty, pinned 2.19 GB at depth 33",,2192490868,34,39,30.52,60,1200,eff53cc4804cc7d6246a6e5086861ce2b846f62b,74a5cf2,unknown (not recorded),,inferred: laptop Windows (native),
protocol_B.jsonl:163,B,inception,TwoPhase@k=8,0.211,2372769138,0,oom,"oom: evictable pool empty, pinned 2.34 GB at depth 153",,2359071860,171,175,802.3,60,1200,eff53cc4804cc7d6246a6e5086861ce2b846f62b,74a5cf2,unknown (not recorded),,inferred: laptop Windows (native),
protocol_B.jsonl:164,B,inception,DTR,0.208,,0,timeout,timeout after 1200.0 s (20-min limit),,,,,1200.0,60,1200,eff53cc4804cc7d6246a6e5086861ce2b846f62b,74a5cf2,unknown (not recorded),,inferred: laptop Windows (native),
protocol_B.jsonl:165,B,inception,NbhdPenalty@b=0.25,0.213,2395259841,0,oom,"oom: evictable pool empty, pinned 2.19 GB at depth 33",,2192490868,34,39,28.52,60,1200,eff53cc4804cc7d6246a6e5086861ce2b846f62b,74a5cf2,unknown (not recorded),,inferred: laptop Windows (native),
protocol_B.jsonl:166,B,inception,TwoPhase@k=8,0.209,2350278435,0,oom,"oom: evictable pool empty, pinned 2.35 GB at depth 160",,2346540916,160,180,936.31,60,1200,eff53cc4804cc7d6246a6e5086861ce2b846f62b,74a5cf2,unknown (not recorded),,inferred: laptop Windows (native),
protocol_B.jsonl:167,B,inception,TwoPhase@k=8,0.212,2384014490,0,oom,"oom: evictable pool empty, pinned 2.33 GB at depth 112",,2367690356,109,144,513.19,60,1200,eff53cc4804cc7d6246a6e5086861ce2b846f62b,74a5cf2,unknown (not recorded),,inferred: laptop Windows (native),
protocol_B.jsonl:168,B,inception,TwoPhase@k=8,0.213,2395259841,0,oom,"oom: evictable pool empty, pinned 2.36 GB at depth 150",,2359092084,147,171,270.2,60,1200,eff53cc4804cc7d6246a6e5086861ce2b846f62b,74a5cf2,unknown (not recorded),,inferred: laptop Windows (native),
protocol_B.jsonl:169,B,inception,NbhdPenalty@b=0.25,0.214,2406505192,0,oom,"oom: evictable pool empty, pinned 2.19 GB at depth 33",,2192490868,34,39,22.98,60,1200,eff53cc4804cc7d6246a6e5086861ce2b846f62b,74a5cf2,unknown (not recorded),,inferred: laptop Windows (native),
protocol_B.jsonl:170,B,inception,DTR,0.211,,0,timeout,timeout after 1200.0 s (20-min limit),,,,,1200.0,60,1200,eff53cc4804cc7d6246a6e5086861ce2b846f62b,74a5cf2,unknown (not recorded),,inferred: laptop Windows (native),
protocol_B.jsonl:171,B,inception,NbhdPenalty@b=0.25,0.215,2417750544,0,oom,"oom: evictable pool empty, pinned 2.19 GB at depth 33",,2192490868,34,39,25.98,60,1200,eff53cc4804cc7d6246a6e5086861ce2b846f62b,74a5cf2,unknown (not recorded),,inferred: laptop Windows (native),
protocol_B.jsonl:172,B,inception,DTR,0.212,2384014490,0,oom,"oom: evictable pool empty, pinned 2.25 GB at depth 163",,2251960768,164,164,1030.08,60,1200,eff53cc4804cc7d6246a6e5086861ce2b846f62b,74a5cf2,unknown (not recorded),,inferred: laptop Windows (native),
protocol_B.jsonl:173,B,inception,TwoPhase@k=8,0.214,2406505192,0,oom,"oom: evictable pool empty, pinned 2.40 GB at depth 154",,2396674164,152,175,398.68,60,1200,eff53cc4804cc7d6246a6e5086861ce2b846f62b,74a5cf2,unknown (not recorded),,inferred: laptop Windows (native),
protocol_B.jsonl:174,B,inception,NbhdPenalty@b=0.25,0.216,2428995895,0,oom,"oom: evictable pool empty, pinned 2.19 GB at depth 33",,2192490868,34,39,25.87,60,1200,eff53cc4804cc7d6246a6e5086861ce2b846f62b,74a5cf2,unknown (not recorded),,inferred: laptop Windows (native),
protocol_B.jsonl:175,B,inception,DTR,0.213,2395259841,0,oom,"oom: evictable pool empty, pinned 2.25 GB at depth 163",,2251960768,164,164,974.28,60,1200,eff53cc4804cc7d6246a6e5086861ce2b846f62b,74a5cf2,unknown (not recorded),,inferred: laptop Windows (native),
protocol_B.jsonl:176,B,inception,DTR,0.214,,0,timeout,timeout after 1200.0 s (20-min limit),,,,,1200.0,60,1200,eff53cc4804cc7d6246a6e5086861ce2b846f62b,74a5cf2,unknown (not recorded),,inferred: laptop Windows (native),
protocol_B.jsonl:177,B,inception,NbhdPenalty@b=0.25,0.217,2440241246,0,oom,"oom: evictable pool empty, pinned 2.19 GB at depth 33",,2192490868,34,39,24.13,60,1200,eff53cc4804cc7d6246a6e5086861ce2b846f62b,74a5cf2,unknown (not recorded),,inferred: laptop Windows (native),
protocol_B.jsonl:178,B,inception,DTR,0.216,2428995895,0,oom,"oom: evictable pool empty, pinned 2.29 GB at depth 163",,2291536320,164,164,959.73,60,1200,eff53cc4804cc7d6246a6e5086861ce2b846f62b,74a5cf2,unknown (not recorded),,inferred: laptop Windows (native),
protocol_B.jsonl:179,B,inception,DTR,0.215,,0,timeout,timeout after 1200.0 s (20-min limit),,,,,1200.0,60,1200,eff53cc4804cc7d6246a6e5086861ce2b846f62b,74a5cf2,unknown (not recorded),,inferred: laptop Windows (native),
protocol_B.jsonl:180,B,inception,NbhdPenalty@b=0.25,0.218,2451486598,0,oom,"oom: evictable pool empty, pinned 2.39 GB at depth 68",,2396299636,51,69,24.09,60,1200,eff53cc4804cc7d6246a6e5086861ce2b846f62b,74a5cf2,unknown (not recorded),,inferred: laptop Windows (native),
protocol_B.jsonl:181,B,inception,TwoPhase@k=8,0.216,2428995895,0,oom,"oom: evictable pool empty, pinned 2.41 GB at depth 183",,2415680628,168,186,804.55,60,1200,eff53cc4804cc7d6246a6e5086861ce2b846f62b,74a5cf2,unknown (not recorded),,inferred: laptop Windows (native),
protocol_B.jsonl:182,B,inception,TwoPhase@k=8,0.217,2440241246,0,oom,"oom: evictable pool empty, pinned 2.44 GB at depth 152",,2436294772,152,180,261.15,60,1200,eff53cc4804cc7d6246a6e5086861ce2b846f62b,74a5cf2,unknown (not recorded),,inferred: laptop Windows (native),
protocol_B.jsonl:183,B,inception,TwoPhase@k=8,0.215,,0,timeout,timeout after 1200.0 s (20-min limit),,,,,1200.0,60,1200,eff53cc4804cc7d6246a6e5086861ce2b846f62b,74a5cf2,unknown (not recorded),,inferred: laptop Windows (native),
protocol_B.jsonl:184,B,inception,NbhdPenalty@b=0.25,0.219,2462731949,0,oom,"oom: evictable pool empty, pinned 2.37 GB at depth 45",,2426405236,54,54,27.0,60,1200,eff53cc4804cc7d6246a6e5086861ce2b846f62b,74a5cf2,unknown (not recorded),,inferred: laptop Windows (native),
protocol_B.jsonl:185,B,inception,DTR,0.217,2440241246,0,oom,"oom: evictable pool empty, pinned 2.32 GB at depth 163",,2321641920,164,164,753.42,60,1200,eff53cc4804cc7d6246a6e5086861ce2b846f62b,74a5cf2,unknown (not recorded),,inferred: laptop Windows (native),
protocol_B.jsonl:186,B,inception,NbhdPenalty@b=0.25,0.221,2485222652,0,oom,"oom: evictable pool empty, pinned 2.37 GB at depth 45",,2426405236,54,54,28.21,60,1200,eff53cc4804cc7d6246a6e5086861ce2b846f62b,74a5cf2,unknown (not recorded),,inferred: laptop Windows (native),
protocol_B.jsonl:187,B,inception,TwoPhase@k=8,0.218,2451486598,0,oom,"oom: evictable pool empty, pinned 2.43 GB at depth 185",,2442947956,170,188,392.08,60,1200,eff53cc4804cc7d6246a6e5086861ce2b846f62b,74a5cf2,unknown (not recorded),,inferred: laptop Windows (native),
protocol_B.jsonl:188,B,inception,TwoPhase@k=8,0.221,2485222652,0,oom,"oom: evictable pool empty, pinned 2.47 GB at depth 133",,2472242804,131,136,255.48,60,1200,eff53cc4804cc7d6246a6e5086861ce2b846f62b,74a5cf2,unknown (not recorded),,inferred: laptop Windows (native),
protocol_B.jsonl:189,B,inception,NbhdPenalty@b=0.25,0.222,2496468003,0,oom,"oom: evictable pool empty, pinned 2.48 GB at depth 74",,2483609972,74,75,33.46,60,1200,eff53cc4804cc7d6246a6e5086861ce2b846f62b,74a5cf2,unknown (not recorded),,inferred: laptop Windows (native),
protocol_B.jsonl:190,B,inception,TwoPhase@k=8,0.219,2462731949,0,oom,"oom: evictable pool empty, pinned 2.42 GB at depth 180",,2427683700,184,185,594.07,60,1200,eff53cc4804cc7d6246a6e5086861ce2b846f62b,74a5cf2,unknown (not recorded),,inferred: laptop Windows (native),
protocol_B.jsonl:191,B,inception,DTR,0.219,2462731949,0,oom,"oom: evictable pool empty, pinned 2.32 GB at depth 156",,2322723264,157,164,631.59,60,1200,eff53cc4804cc7d6246a6e5086861ce2b846f62b,74a5cf2,unknown (not recorded),,inferred: laptop Windows (native),
protocol_B.jsonl:192,B,inception,NbhdPenalty@b=0.25,0.223,2507713355,0,oom,"oom: evictable pool empty, pinned 2.48 GB at depth 74",,2483609972,74,75,33.26,60,1200,eff53cc4804cc7d6246a6e5086861ce2b846f62b,74a5cf2,unknown (not recorded),,inferred: laptop Windows (native),
protocol_B.jsonl:193,B,inception,TwoPhase@k=8,0.222,2496468003,0,oom,"oom: evictable pool empty, pinned 2.48 GB at depth 144",,2483225716,142,150,243.21,60,1200,eff53cc4804cc7d6246a6e5086861ce2b846f62b,74a5cf2,unknown (not recorded),,inferred: laptop Windows (native),
protocol_B.jsonl:194,B,inception,DTR,0.223,2507713355,0,ok,ok,2.5747171963937108,1048732096,47,75,173.09,60,1200,eff53cc4804cc7d6246a6e5086861ce2b846f62b,74a5cf2,unknown (not recorded),,inferred: laptop Windows (native),
protocol_B.jsonl:195,B,inception,NbhdPenalty@b=0.25,0.224,2518958706,0,oom,"oom: evictable pool empty, pinned 2.48 GB at depth 74",,2483609972,74,75,32.42,60,1200,eff53cc4804cc7d6246a6e5086861ce2b846f62b,74a5cf2,unknown (not recorded),,inferred: laptop Windows (native),
protocol_B.jsonl:196,B,inception,TwoPhase@k=8,0.223,2507713355,0,oom,"oom: evictable pool empty, pinned 2.50 GB at depth 125",,2503093876,125,141,174.82,60,1200,eff53cc4804cc7d6246a6e5086861ce2b846f62b,74a5cf2,unknown (not recorded),,inferred: laptop Windows (native),
protocol_B.jsonl:197,B,inception,DTR,0.221,2485222652,0,oom,"oom: evictable pool empty, pinned 2.45 GB at depth 152",,2471395784,168,172,870.69,60,1200,eff53cc4804cc7d6246a6e5086861ce2b846f62b,74a5cf2,unknown (not recorded),,inferred: laptop Windows (native),
protocol_B.jsonl:198,B,inception,DTR,0.224,2518958706,0,ok,ok,2.5893949904064875,1048732096,47,75,173.74,60,1200,eff53cc4804cc7d6246a6e5086861ce2b846f62b,74a5cf2,unknown (not recorded),,inferred: laptop Windows (native),
protocol_B.jsonl:199,B,inception,DTR,0.222,2496468003,0,oom,"oom: evictable pool empty, pinned 2.36 GB at depth 163",,2359521728,164,164,548.37,60,1200,eff53cc4804cc7d6246a6e5086861ce2b846f62b,74a5cf2,unknown (not recorded),,inferred: laptop Windows (native),
protocol_B.jsonl:200,B,inception,NbhdPenalty@b=0.25,0.225,2530204057,0,oom,"oom: evictable pool empty, pinned 2.52 GB at depth 56",,2516722036,56,56,30.94,60,1200,eff53cc4804cc7d6246a6e5086861ce2b846f62b,74a5cf2,unknown (not recorded),,inferred: laptop Windows (native),
protocol_B.jsonl:201,B,inception,NbhdPenalty@b=0.25,0.226,2541449409,0,oom,"oom: evictable pool empty, pinned 2.52 GB at depth 56",,2516722036,56,56,30.87,60,1200,eff53cc4804cc7d6246a6e5086861ce2b846f62b,74a5cf2,unknown (not recorded),,inferred: laptop Windows (native),
protocol_B.jsonl:202,B,inception,TwoPhase@k=8,0.224,2518958706,0,oom,"oom: evictable pool empty, pinned 2.48 GB at depth 151",,2488108148,143,156,161.58,60,1200,eff53cc4804cc7d6246a6e5086861ce2b846f62b,74a5cf2,unknown (not recorded),,inferred: laptop Windows (native),
protocol_B.jsonl:203,B,inception,DTR,0.225,2530204057,0,ok,ok,2.4400055751024423,1161939392,28,64,159.77,60,1200,eff53cc4804cc7d6246a6e5086861ce2b846f62b,74a5cf2,unknown (not recorded),,inferred: laptop Windows (native),
protocol_B.jsonl:204,B,inception,NbhdPenalty@b=0.25,0.227,2552694760,0,oom,"oom: evictable pool empty, pinned 2.51 GB at depth 77",,2516722036,56,78,34.09,60,1200,eff53cc4804cc7d6246a6e5086861ce2b846f62b,74a5cf2,unknown (not recorded),,inferred: laptop Windows (native),
protocol_B.jsonl:205,B,inception,DTR,0.226,2541449409,0,ok,ok,2.4172591803918424,1161939392,28,64,169.23,60,1200,eff53cc4804cc7d6246a6e5086861ce2b846f62b,74a5cf2,unknown (not recorded),,inferred: laptop Windows (native),
protocol_B.jsonl:206,B,inception,TwoPhase@k=8,0.226,2541449409,0,oom,"oom: evictable pool empty, pinned 2.54 GB at depth 136",,2537898612,136,151,136.41,60,1200,eff53cc4804cc7d6246a6e5086861ce2b846f62b,74a5cf2,unknown (not recorded),,inferred: laptop Windows (native),
protocol_B.jsonl:207,B,inception,DTR,0.218,,0,timeout,timeout after 1200.0 s (20-min limit),,,,,1200.0,60,1200,eff53cc4804cc7d6246a6e5086861ce2b846f62b,74a5cf2,unknown (not recorded),,inferred: laptop Windows (native),
protocol_B.jsonl:208,B,inception,NbhdPenalty@b=0.25,0.228,2563940111,0,oom,"oom: evictable pool empty, pinned 2.51 GB at depth 77",,2516722036,56,78,34.27,60,1200,eff53cc4804cc7d6246a6e5086861ce2b846f62b,74a5cf2,unknown (not recorded),,inferred: laptop Windows (native),
protocol_B.jsonl:209,B,inception,TwoPhase@k=8,0.227,2552694760,0,oom,"oom: evictable pool empty, pinned 2.54 GB at depth 154",,2541195380,154,158,126.66,60,1200,eff53cc4804cc7d6246a6e5086861ce2b846f62b,74a5cf2,unknown (not recorded),,inferred: laptop Windows (native),
protocol_B.jsonl:210,B,inception,DTR,0.228,2563940111,0,ok,ok,1.5254328451911743,986579316,1,30,61.48,60,1200,eff53cc4804cc7d6246a6e5086861ce2b846f62b,74a5cf2,unknown (not recorded),,inferred: laptop Windows (native),
protocol_B.jsonl:211,B,inception,DTR,0.227,2552694760,0,ok,ok,2.5021195000714305,1048732096,47,75,171.61,60,1200,eff53cc4804cc7d6246a6e5086861ce2b846f62b,74a5cf2,unknown (not recorded),,inferred: laptop Windows (native),
protocol_B.jsonl:212,B,inception,NbhdPenalty@b=0.25,0.229,2575185463,0,oom,"oom: evictable pool empty, pinned 2.51 GB at depth 77",,2516722036,56,78,32.44,60,1200,eff53cc4804cc7d6246a6e5086861ce2b846f62b,74a5cf2,unknown (not recorded),,inferred: laptop Windows (native),
protocol_B.jsonl:213,B,inception,DTR,0.229,2575185463,0,ok,ok,1.5300169880072556,986579316,1,30,62.97,60,1200,eff53cc4804cc7d6246a6e5086861ce2b846f62b,74a5cf2,unknown (not recorded),,inferred: laptop Windows (native),
protocol_B.jsonl:214,B,inception,NbhdPenalty@b=0.25,0.231,2597676166,0,oom,"oom: evictable pool empty, pinned 2.54 GB at depth 80",,2546827636,59,81,32.56,60,1200,eff53cc4804cc7d6246a6e5086861ce2b846f62b,74a5cf2,unknown (not recorded),,inferred: laptop Windows (native),
protocol_B.jsonl:215,B,inception,TwoPhase@k=8,0.228,2563940111,0,oom,"oom: evictable pool empty, pinned 2.53 GB at depth 77",,2526762612,74,107,137.53,60,1200,eff53cc4804cc7d6246a6e5086861ce2b846f62b,74a5cf2,unknown (not recorded),,inferred: laptop Windows (native),
protocol_B.jsonl:216,B,inception,TwoPhase@k=8,0.225,2530204057,0,oom,"oom: evictable pool empty, pinned 2.53 GB at depth 180",,2530023284,180,188,356.6,60,1200,eff53cc4804cc7d6246a6e5086861ce2b846f62b,74a5cf2,unknown (not recorded),,inferred: laptop Windows (native),
protocol_B.jsonl:217,B,inception,NbhdPenalty@b=0.25,0.232,2608921517,0,oom,"oom: evictable pool empty, pinned 2.54 GB at depth 80",,2546827636,59,81,39.24,60,1200,eff53cc4804cc7d6246a6e5086861ce2b846f62b,74a5cf2,unknown (not recorded),,inferred: laptop Windows (native),
protocol_B.jsonl:218,B,inception,DTR,0.231,2597676166,0,ok,ok,2.484212992111471,1161939392,28,75,178.61,60,1200,eff53cc4804cc7d6246a6e5086861ce2b846f62b,74a5cf2,unknown (not recorded),,inferred: laptop Windows (native),
protocol_B.jsonl:219,B,inception,NbhdPenalty@b=0.25,0.233,2620166868,0,oom,"oom: evictable pool empty, pinned 2.52 GB at depth 53",,2576933236,62,62,38.52,60,1200,eff53cc4804cc7d6246a6e5086861ce2b846f62b,74a5cf2,unknown (not recorded),,inferred: laptop Windows (native),
protocol_B.jsonl:220,B,inception,DTR,0.232,2608921517,0,ok,ok,2.480068948274387,1161939392,28,75,177.5,60,1200,eff53cc4804cc7d6246a6e5086861ce2b846f62b,74a5cf2,unknown (not recorded),,inferred: laptop Windows (native),
protocol_B.jsonl:221,B,inception,TwoPhase@k=8,0.229,2575185463,0,oom,"oom: evictable pool empty, pinned 2.54 GB at depth 184",,2545011060,172,194,298.32,60,1200,eff53cc4804cc7d6246a6e5086861ce2b846f62b,74a5cf2,unknown (not recorded),,inferred: laptop Windows (native),
protocol_B.jsonl:222,B,inception,DTR,0.233,2620166868,0,ok,ok,2.4705096877170356,1161939392,28,75,168.64,60,1200,eff53cc4804cc7d6246a6e5086861ce2b846f62b,74a5cf2,unknown (not recorded),,inferred: laptop Windows (native),
protocol_B.jsonl:223,B,inception,TwoPhase@k=8,0.232,2608921517,0,oom,"oom: evictable pool empty, pinned 2.40 GB at depth 114",,2401111924,115,143,202.25,60,1200,eff53cc4804cc7d6246a6e5086861ce2b846f62b,74a5cf2,unknown (not recorded),,inferred: laptop Windows (native),
protocol_B.jsonl:224,B,inception,NbhdPenalty@b=0.25,0.234,2631412220,0,oom,"oom: evictable pool empty, pinned 2.52 GB at depth 53",,2576933236,62,62,39.6,60,1200,eff53cc4804cc7d6246a6e5086861ce2b846f62b,74a5cf2,unknown (not recorded),,inferred: laptop Windows (native),
protocol_B.jsonl:225,B,inception,TwoPhase@k=8,0.233,2620166868,0,oom,"oom: evictable pool empty, pinned 2.40 GB at depth 114",,2402811508,115,143,151.63,60,1200,eff53cc4804cc7d6246a6e5086861ce2b846f62b,74a5cf2,unknown (not recorded),,inferred: laptop Windows (native),
protocol_B.jsonl:226,B,inception,NbhdPenalty@b=0.25,0.235,2642657571,0,oom,"oom: evictable pool empty, pinned 2.63 GB at depth 94",,2634137972,94,95,38.36,60,1200,eff53cc4804cc7d6246a6e5086861ce2b846f62b,74a5cf2,unknown (not recorded),,inferred: laptop Windows (native),
protocol_B.jsonl:227,B,inception,TwoPhase@k=8,0.231,2597676166,0,oom,"oom: evictable pool empty, pinned 2.60 GB at depth 166",,2595775604,166,167,416.75,60,1200,eff53cc4804cc7d6246a6e5086861ce2b846f62b,74a5cf2,unknown (not recorded),,inferred: laptop Windows (native),
protocol_B.jsonl:228,B,inception,NbhdPenalty@b=0.25,0.236,2653902922,0,oom,"oom: evictable pool empty, pinned 2.63 GB at depth 94",,2634137972,94,95,38.74,60,1200,eff53cc4804cc7d6246a6e5086861ce2b846f62b,74a5cf2,unknown (not recorded),,inferred: laptop Windows (native),
protocol_B.jsonl:229,B,inception,TwoPhase@k=8,0.234,2631412220,0,oom,"oom: evictable pool empty, pinned 2.57 GB at depth 125",,2617376884,124,151,265.78,60,1200,eff53cc4804cc7d6246a6e5086861ce2b846f62b,74a5cf2,unknown (not recorded),,inferred: laptop Windows (native),
protocol_B.jsonl:230,B,inception,TwoPhase@k=8,0.235,2642657571,0,oom,"oom: evictable pool empty, pinned 2.57 GB at depth 136",,2603169652,123,148,204.71,60,1200,eff53cc4804cc7d6246a6e5086861ce2b846f62b,74a5cf2,unknown (not recorded),,inferred: laptop Windows (native),
protocol_B.jsonl:231,B,inception,NbhdPenalty@b=0.25,0.237,2665148274,0,oom,"oom: evictable pool empty, pinned 2.63 GB at depth 94",,2634137972,94,95,41.42,60,1200,eff53cc4804cc7d6246a6e5086861ce2b846f62b,74a5cf2,unknown (not recorded),,inferred: laptop Windows (native),
protocol_B.jsonl:232,B,inception,TwoPhase@k=8,0.236,2653902922,0,oom,"oom: evictable pool empty, pinned 2.51 GB at depth 126",,2505285236,127,143,160.36,60,1200,eff53cc4804cc7d6246a6e5086861ce2b846f62b,74a5cf2,unknown (not recorded),,inferred: laptop Windows (native),
protocol_B.jsonl:233,B,inception,TwoPhase@k=8,0.237,2665148274,0,oom,"oom: evictable pool empty, pinned 2.65 GB at depth 148",,2652012916,146,175,100.59,60,1200,eff53cc4804cc7d6246a6e5086861ce2b846f62b,74a5cf2,unknown (not recorded),,inferred: laptop Windows (native),
protocol_B.jsonl:234,B,inception,NbhdPenalty@b=0.25,0.238,2676393625,0,oom,"oom: evictable pool empty, pinned 2.63 GB at depth 94",,2634137972,94,95,35.59,60,1200,eff53cc4804cc7d6246a6e5086861ce2b846f62b,74a5cf2,unknown (not recorded),,inferred: laptop Windows (native),
protocol_B.jsonl:235,B,inception,DTR,0.235,2642657571,0,oom,"oom: evictable pool empty, pinned 2.63 GB at depth 187",,2634399100,188,193,538.02,60,1200,eff53cc4804cc7d6246a6e5086861ce2b846f62b,74a5cf2,unknown (not recorded),,inferred: laptop Windows (native),
protocol_B.jsonl:236,B,inception,TwoPhase@k=8,0.238,2676393625,0,oom,"oom: evictable pool empty, pinned 2.61 GB at depth 152",,2632209268,141,157,118.63,60,1200,eff53cc4804cc7d6246a6e5086861ce2b846f62b,74a5cf2,unknown (not recorded),,inferred: laptop Windows (native),
protocol_B.jsonl:237,B,inception,NbhdPenalty@b=0.25,0.239,2687638976,0,oom,"oom: evictable pool empty, pinned 2.67 GB at depth 72",,2667250036,72,72,38.61,60,1200,eff53cc4804cc7d6246a6e5086861ce2b846f62b,74a5cf2,unknown (not recorded),,inferred: laptop Windows (native),
protocol_B.jsonl:238,B,inception,DTR,0.236,2653902922,0,oom,"oom: evictable pool empty, pinned 2.63 GB at depth 190",,2630204796,188,193,549.25,60,1200,eff53cc4804cc7d6246a6e5086861ce2b846f62b,74a5cf2,unknown (not recorded),,inferred: laptop Windows (native),
protocol_B.jsonl:239,B,inception,DTR,0.237,2665148274,0,oom,"oom: evictable pool empty, pinned 2.66 GB at depth 189",,2664807804,189,193,661.77,60,1200,eff53cc4804cc7d6246a6e5086861ce2b846f62b,b19f87f,unknown (not recorded),,inferred: laptop Windows (native),
protocol_B.jsonl:240,B,inception,NbhdPenalty@b=0.25,0.241,2710129679,0,oom,"oom: evictable pool empty, pinned 2.66 GB at depth 97",,2667250036,72,98,62.43,60,1200,eff53cc4804cc7d6246a6e5086861ce2b846f62b,b19f87f,unknown (not recorded),,inferred: laptop Windows (native),
protocol_B.jsonl:241,B,inception,TwoPhase@k=8,0.239,2687638976,0,oom,"oom: evictable pool empty, pinned 2.63 GB at depth 133",,2664712820,130,143,384.85,60,1200,eff53cc4804cc7d6246a6e5086861ce2b846f62b,b19f87f,unknown (not recorded),,inferred: laptop Windows (native),
protocol_B.jsonl:242,B,inception,DTR,0.234,,0,timeout,timeout after 1200.0 s (20-min limit),,,,,1200.0,60,1200,eff53cc4804cc7d6246a6e5086861ce2b846f62b,b19f87f,unknown (not recorded),,inferred: laptop Windows (native),
protocol_B.jsonl:243,B,inception,NbhdPenalty@b=0.25,0.242,2721375031,0,oom,"oom: evictable pool empty, pinned 2.66 GB at depth 97",,2667250036,72,98,57.44,60,1200,eff53cc4804cc7d6246a6e5086861ce2b846f62b,b19f87f,unknown (not recorded),,inferred: laptop Windows (native),
protocol_B.jsonl:244,B,inception,TwoPhase@k=8,0.241,2710129679,0,oom,"oom: evictable pool empty, pinned 2.64 GB at depth 110",,2635324020,107,131,202.73,60,1200,eff53cc4804cc7d6246a6e5086861ce2b846f62b,b19f87f,unknown (not recorded),,inferred: laptop Windows (native),
protocol_B.jsonl:245,B,inception,DTR,0.243,2732620382,0,ok,ok,1.4514229470242976,986579316,1,34,83.91,60,1200,eff53cc4804cc7d6246a6e5086861ce2b846f62b,b19f87f,unknown (not recorded),,inferred: laptop Windows (native),
protocol_B.jsonl:246,B,inception,DTR,0.238,2676393625,0,oom,"oom: evictable pool empty, pinned 2.64 GB at depth 173",,2664807804,189,193,1068.68,60,1200,eff53cc4804cc7d6246a6e5086861ce2b846f62b,b19f87f,unknown (not recorded),,inferred: laptop Windows (native),
protocol_B.jsonl:247,B,inception,TwoPhase@k=8,0.242,2721375031,0,oom,"oom: evictable pool empty, pinned 2.67 GB at depth 112",,2711085172,109,143,322.19,60,1200,eff53cc4804cc7d6246a6e5086861ce2b846f62b,b19f87f,unknown (not recorded),,inferred: laptop Windows (native),
protocol_B.jsonl:248,B,inception,DTR,0.244,2743865733,0,ok,ok,1.3850565624496503,986579316,1,34,89.6,60,1200,eff53cc4804cc7d6246a6e5086861ce2b846f62b,b19f87f,unknown (not recorded),,inferred: laptop Windows (native),
protocol_B.jsonl:249,B,inception,DTR,0.239,,0,timeout,timeout after 1200.0 s (20-min limit),,,,,1200.0,60,1200,eff53cc4804cc7d6246a6e5086861ce2b846f62b,b19f87f,unknown (not recorded),,inferred: laptop Windows (native),
protocol_B.jsonl:250,B,inception,DTR,0.241,,0,timeout,timeout after 1200.0 s (20-min limit),,,,,1200.0,60,1200,eff53cc4804cc7d6246a6e5086861ce2b846f62b,b19f87f,unknown (not recorded),,inferred: laptop Windows (native),
protocol_B.jsonl:251,B,inception,NbhdPenalty@b=0.25,0.243,2732620382,0,oom,"oom: evictable pool empty, pinned 2.64 GB at depth 53",,2697357940,62,168,732.15,60,1200,eff53cc4804cc7d6246a6e5086861ce2b846f62b,b19f87f,unknown (not recorded),,inferred: laptop Windows (native),
protocol_B.jsonl:252,B,inception,TwoPhase@k=8,0.244,2743865733,0,oom,"oom: evictable pool empty, pinned 2.74 GB at depth 136",,2740487284,136,142,266.43,60,1200,eff53cc4804cc7d6246a6e5086861ce2b846f62b,b19f87f,unknown (not recorded),,inferred: laptop Windows (native),
protocol_B.jsonl:253,B,inception,DTR,0.242,2721375031,0,oom,"oom: evictable pool empty, pinned 2.72 GB at depth 169",,2715853172,170,190,1039.97,60,1200,eff53cc4804cc7d6246a6e5086861ce2b846f62b,b19f87f,unknown (not recorded),,inferred: laptop Windows (native),
protocol_B.jsonl:254,B,inception,NbhdPenalty@b=0.25,0.245,2755111085,0,oom,"oom: evictable pool empty, pinned 2.69 GB at depth 100",,2697355636,75,101,62.0,60,1200,eff53cc4804cc7d6246a6e5086861ce2b846f62b,b19f87f,unknown (not recorded),,inferred: laptop Windows (native),
protocol_B.jsonl:255,B,inception,TwoPhase@k=8,0.243,2732620382,0,ok,ok,18.171676763141427,2550148212,18,143,846.42,60,1200,eff53cc4804cc7d6246a6e5086861ce2b846f62b,b19f87f,unknown (not recorded),,inferred: laptop Windows (native),
protocol_B.jsonl:256,B,inception,NbhdPenalty@b=0.25,0.244,2743865733,0,oom,"oom: evictable pool empty, pinned 2.64 GB at depth 53",,2697357940,62,160,720.89,60,1200,eff53cc4804cc7d6246a6e5086861ce2b846f62b,b19f87f,unknown (not recorded),,inferred: laptop Windows (native),
protocol_B.jsonl:257,B,inception,DTR,0.247,2777601787,0,ok,ok,1.3657052598787127,986579316,1,34,94.64,60,1200,eff53cc4804cc7d6246a6e5086861ce2b846f62b,b19f87f,unknown (not recorded),,inferred: laptop Windows (native),
protocol_B.jsonl:258,B,inception,TwoPhase@k=8,0.245,2755111085,0,oom,"oom: evictable pool empty, pinned 2.72 GB at depth 156",,2719258996,148,171,460.15,60,1200,eff53cc4804cc7d6246a6e5086861ce2b846f62b,b19f87f,unknown (not recorded),,inferred: laptop Windows (native),
protocol_B.jsonl:259,B,inception,NbhdPenalty@b=0.25,0.246,2766356436,0,ok,ok,5.385550830816924,2432060788,131,157,485.82,60,1200,eff53cc4804cc7d6246a6e5086861ce2b846f62b,b19f87f,unknown (not recorded),,inferred: laptop Windows (native),
protocol_B.jsonl:260,B,inception,TwoPhase@k=8,0.246,2766356436,0,oom,"oom: evictable pool empty, pinned 2.75 GB at depth 170",,2757668980,155,177,299.48,60,1200,eff53cc4804cc7d6246a6e5086861ce2b846f62b,b19f87f,unknown (not recorded),,inferred: laptop Windows (native),
protocol_B.jsonl:261,B,inception,DTR,0.248,2788847139,0,ok,ok,1.3657052598787127,986579316,1,34,97.19,60,1200,eff53cc4804cc7d6246a6e5086861ce2b846f62b,b19f87f,unknown (not recorded),,inferred: laptop Windows (native),
protocol_B.jsonl:262,B,inception,NbhdPenalty@b=0.25,0.247,2777601787,0,oom,"oom: evictable pool empty, pinned 2.75 GB at depth 87",,2747534708,89,157,471.52,60,1200,eff53cc4804cc7d6246a6e5086861ce2b846f62b,b19f87f,unknown (not recorded),,inferred: laptop Windows (native),
protocol_B.jsonl:263,B,inception,NbhdPenalty@b=0.25,0.248,2788847139,0,ok,ok,4.867812452225173,2420081524,128,157,410.77,60,1200,eff53cc4804cc7d6246a6e5086861ce2b846f62b,b19f87f,unknown (not recorded),,inferred: laptop Windows (native),
protocol_B.jsonl:264,B,inception,DTR,0.245,,0,timeout,timeout after 1200.0 s (20-min limit),,,,,1200.0,60,1200,eff53cc4804cc7d6246a6e5086861ce2b846f62b,b19f87f,unknown (not recorded),,inferred: laptop Windows (native),
protocol_B.jsonl:265,B,inception,DTR,0.246,,0,timeout,timeout after 1200.0 s (20-min limit),,,,,1200.0,60,1200,eff53cc4804cc7d6246a6e5086861ce2b846f62b,b19f87f,unknown (not recorded),,inferred: laptop Windows (native),
protocol_B.jsonl:266,B,inception,TwoPhase@k=8,0.249,2800092490,0,oom,"oom: evictable pool empty, pinned 2.73 GB at depth 124",,2766208116,121,143,216.6,60,1200,eff53cc4804cc7d6246a6e5086861ce2b846f62b,b19f87f,unknown (not recorded),,inferred: laptop Windows (native),
protocol_B.jsonl:267,B,inception,TwoPhase@k=8,0.248,2788847139,0,oom,"oom: evictable pool empty, pinned 2.78 GB at depth 171",,2778020468,160,174,639.31,60,1200,eff53cc4804cc7d6246a6e5086861ce2b846f62b,b19f87f,unknown (not recorded),,inferred: laptop Windows (native),
protocol_B.jsonl:268,B,inception,TwoPhase@k=8,0.247,2777601787,0,oom,"oom: evictable pool empty, pinned 2.73 GB at depth 174",,2732227956,171,174,964.67,60,1200,eff53cc4804cc7d6246a6e5086861ce2b846f62b,b19f87f,unknown (not recorded),,inferred: laptop Windows (native),
protocol_B.jsonl:269,B,inception,NbhdPenalty@b=0.25,0.249,2800092490,0,oom,"oom: evictable pool empty, pinned 2.68 GB at depth 90",,2727464308,78,157,481.32,60,1200,eff53cc4804cc7d6246a6e5086861ce2b846f62b,b19f87f,unknown (not recorded),,inferred: laptop Windows (native),
protocol_B.jsonl:270,B,inception,DTR,0.252,2833828544,0,ok,ok,1.3711961251906712,986579316,1,34,104.31,60,1200,eff53cc4804cc7d6246a6e5086861ce2b846f62b,b19f87f,unknown (not recorded),,inferred: laptop Windows (native),
protocol_B.jsonl:271,B,inception,NbhdPenalty@b=0.25,0.251,2822583193,0,ok,ok,4.314397848971066,2209472884,161,168,340.22,60,1200,eff53cc4804cc7d6246a6e5086861ce2b846f62b,b19f87f,unknown (not recorded),,inferred: laptop Windows (native),
protocol_B.jsonl:272,B,inception,TwoPhase@k=8,0.251,2822583193,0,oom,"oom: evictable pool empty, pinned 2.80 GB at depth 160",,2810943092,153,173,280.16,60,1200,eff53cc4804cc7d6246a6e5086861ce2b846f62b,b19f87f,unknown (not recorded),,inferred: laptop Windows (native),
protocol_B.jsonl:273,B,inception,NbhdPenalty@b=0.25,0.252,2833828544,0,oom,"oom: evictable pool empty, pinned 2.71 GB at depth 90",,2757569908,78,168,341.72,60,1200,eff53cc4804cc7d6246a6e5086861ce2b846f62b,b19f87f,unknown (not recorded),,inferred: laptop Windows (native),
protocol_B.jsonl:274,B,inception,NbhdPenalty@b=0.25,0.253,2845073896,0,oom,"oom: evictable pool empty, pinned 2.83 GB at depth 124",,2833012084,124,157,484.14,60,1200,eff53cc4804cc7d6246a6e5086861ce2b846f62b,b19f87f,unknown (not recorded),,inferred: laptop Windows (native),
protocol_B.jsonl:275,B,inception,DTR,0.249,,0,timeout,timeout after 1200.0 s (20-min limit),,,,,1200.0,60,1200,eff53cc4804cc7d6246a6e5086861ce2b846f62b,b19f87f,unknown (not recorded),,inferred: laptop Windows (native),
protocol_B.jsonl:276,B,inception,TwoPhase@k=8,0.253,2845073896,0,oom,"oom: evictable pool empty, pinned 2.84 GB at depth 127",,2844651380,127,151,295.07,60,1200,eff53cc4804cc7d6246a6e5086861ce2b846f62b,b19f87f,unknown (not recorded),,inferred: laptop Windows (native),
protocol_B.jsonl:277,B,inception,DTR,0.254,2856319247,0,ok,ok,1.3686691684014973,986579316,1,34,92.92,60,1200,eff53cc4804cc7d6246a6e5086861ce2b846f62b,b19f87f,unknown (not recorded),,inferred: laptop Windows (native),
protocol_B.jsonl:278,B,inception,DTR,0.255,2867564598,0,ok,ok,1.3743968470377195,986579316,1,34,90.81,60,1200,eff53cc4804cc7d6246a6e5086861ce2b846f62b,b19f87f,unknown (not recorded),,inferred: laptop Windows (native),
protocol_B.jsonl:279,B,inception,NbhdPenalty@b=0.25,0.255,2867564598,0,oom,"oom: evictable pool empty, pinned 2.79 GB at depth 81",,2840396148,96,96,83.16,60,1200,eff53cc4804cc7d6246a6e5086861ce2b846f62b,b19f87f,unknown (not recorded),,inferred: laptop Windows (native),
protocol_B.jsonl:280,B,inception,TwoPhase@k=8,0.252,2833828544,0,oom,"oom: evictable pool empty, pinned 2.83 GB at depth 209",,2831482996,209,217,788.49,60,1200,eff53cc4804cc7d6246a6e5086861ce2b846f62b,b19f87f,unknown (not recorded),,inferred: laptop Windows (native),
protocol_B.jsonl:281,B,inception,DTR,0.256,2878809950,0,ok,ok,1.3716900305955462,986579316,1,34,88.3,60,1200,eff53cc4804cc7d6246a6e5086861ce2b846f62b,b19f87f,unknown (not recorded),,inferred: laptop Windows (native),
protocol_B.jsonl:282,B,inception,DTR,0.251,,0,timeout,timeout after 1200.0 s (20-min limit),,,,,1200.0,60,1200,eff53cc4804cc7d6246a6e5086861ce2b846f62b,b19f87f,unknown (not recorded),,inferred: laptop Windows (native),
protocol_B.jsonl:283,B,inception,TwoPhase@k=8,0.254,2856319247,0,oom,"oom: evictable pool empty, pinned 2.83 GB at depth 137",,2830331508,134,178,408.1,60,1200,eff53cc4804cc7d6246a6e5086861ce2b846f62b,b19f87f,unknown (not recorded),,inferred: laptop Windows (native),
protocol_B.jsonl:284,B,inception,NbhdPenalty@b=0.25,0.256,2878809950,0,oom,"oom: evictable pool empty, pinned 2.80 GB at depth 131",,2840396148,96,131,86.47,60,1200,eff53cc4804cc7d6246a6e5086861ce2b846f62b,b19f87f,unknown (not recorded),,inferred: laptop Windows (native),
protocol_B.jsonl:285,B,inception,NbhdPenalty@b=0.25,0.254,2856319247,0,oom,"oom: evictable pool empty, pinned 2.85 GB at depth 130",,2851951988,130,157,462.19,60,1200,eff53cc4804cc7d6246a6e5086861ce2b846f62b,b19f87f,unknown (not recorded),,inferred: laptop Windows (native),
protocol_B.jsonl:286,B,inception,DTR,0.257,2890055301,0,ok,ok,1.385273579396165,986579316,1,34,91.19,60,1200,eff53cc4804cc7d6246a6e5086861ce2b846f62b,b19f87f,unknown (not recorded),,inferred: laptop Windows (native),
protocol_B.jsonl:287,B,inception,NbhdPenalty@b=0.25,0.257,2890055301,0,oom,"oom: evictable pool empty, pinned 2.88 GB at depth 92",,2878275956,92,96,82.05,60,1200,eff53cc4804cc7d6246a6e5086861ce2b846f62b,b19f87f,unknown (not recorded),,inferred: laptop Windows (native),
protocol_B.jsonl:288,B,inception,NbhdPenalty@b=0.25,0.258,2901300652,0,oom,"oom: evictable pool empty, pinned 2.88 GB at depth 92",,2878275956,92,96,88.89,60,1200,eff53cc4804cc7d6246a6e5086861ce2b846f62b,b19f87f,unknown (not recorded),,inferred: laptop Windows (native),
protocol_B.jsonl:289,B,inception,TwoPhase@k=8,0.256,2878809950,0,oom,"oom: evictable pool empty, pinned 2.80 GB at depth 132",,2832495220,131,143,295.61,60,1200,eff53cc4804cc7d6246a6e5086861ce2b846f62b,b19f87f,unknown (not recorded),,inferred: laptop Windows (native),
protocol_B.jsonl:290,B,inception,DTR,0.253,,0,timeout,timeout after 1200.0 s (20-min limit),,,,,1200.0,60,1200,eff53cc4804cc7d6246a6e5086861ce2b846f62b,b19f87f,unknown (not recorded),,inferred: laptop Windows (native),
protocol_B.jsonl:291,B,inception,DTR,0.259,2912546004,0,ok,ok,1.3570690441263145,986579316,1,34,65.44,60,1200,eff53cc4804cc7d6246a6e5086861ce2b846f62b,b19f87f,unknown (not recorded),,inferred: laptop Windows (native),
protocol_B.jsonl:292,B,inception,NbhdPenalty@b=0.25,0.259,2912546004,0,oom,"oom: evictable pool empty, pinned 2.83 GB at depth 137",,2878275956,92,137,48.94,60,1200,eff53cc4804cc7d6246a6e5086861ce2b846f62b,b19f87f,unknown (not recorded),,inferred: laptop Windows (native),
protocol_B.jsonl:293,B,inception,DTR,0.261,2935036707,0,ok,ok,1.3906167205831597,986579316,1,34,64.01,60,1200,eff53cc4804cc7d6246a6e5086861ce2b846f62b,b19f87f,unknown (not recorded),,inferred: laptop Windows (native),
protocol_B.jsonl:294,B,inception,NbhdPenalty@b=0.25,0.261,2935036707,0,oom,"oom: evictable pool empty, pinned 2.92 GB at depth 136",,2918236532,136,137,48.05,60,1200,eff53cc4804cc7d6246a6e5086861ce2b846f62b,b19f87f,unknown (not recorded),,inferred: laptop Windows (native),
protocol_B.jsonl:295,B,inception,TwoPhase@k=8,0.259,2912546004,0,oom,"oom: evictable pool empty, pinned 2.86 GB at depth 117",,2863875444,119,120,147.3,60,1200,eff53cc4804cc7d6246a6e5086861ce2b846f62b,b19f87f,unknown (not recorded),,inferred: laptop Windows (native),
protocol_B.jsonl:296,B,inception,DTR,0.262,2946282058,0,ok,ok,1.393074521250907,986579316,1,34,65.09,60,1200,eff53cc4804cc7d6246a6e5086861ce2b846f62b,b19f87f,unknown (not recorded),,inferred: laptop Windows (native),
protocol_B.jsonl:297,B,inception,TwoPhase@k=8,0.257,2890055301,0,oom,"oom: evictable pool empty, pinned 2.88 GB at depth 162",,2875300468,160,166,479.75,60,1200,eff53cc4804cc7d6246a6e5086861ce2b846f62b,b19f87f,unknown (not recorded),,inferred: laptop Windows (native),
protocol_B.jsonl:298,B,inception,NbhdPenalty@b=0.25,0.262,2946282058,0,oom,"oom: evictable pool empty, pinned 2.94 GB at depth 142",,2937176436,142,143,46.48,60,1200,eff53cc4804cc7d6246a6e5086861ce2b846f62b,b19f87f,unknown (not recorded),,inferred: laptop Windows (native),
protocol_B.jsonl:299,B,inception,TwoPhase@k=8,0.255,2867564598,0,oom,"oom: evictable pool empty, pinned 2.81 GB at depth 116",,2812215232,113,159,750.66,60,1200,eff53cc4804cc7d6246a6e5086861ce2b846f62b,b19f87f,unknown (not recorded),,inferred: laptop Windows (native),
protocol_B.jsonl:300,B,inception,DTR,0.263,2957527409,0,ok,ok,1.391758490300547,986579316,1,30,59.75,60,1200,eff53cc4804cc7d6246a6e5086861ce2b846f62b,b19f87f,unknown (not recorded),,inferred: laptop Windows (native),
protocol_B.jsonl:301,B,inception,NbhdPenalty@b=0.25,0.263,2957527409,0,oom,"oom: evictable pool empty, pinned 2.89 GB at depth 143",,2925625716,104,143,49.22,60,1200,eff53cc4804cc7d6246a6e5086861ce2b846f62b,b19f87f,unknown (not recorded),,inferred: laptop Windows (native),
protocol_B.jsonl:302,B,inception,TwoPhase@k=8,0.261,2935036707,0,oom,"oom: evictable pool empty, pinned 2.91 GB at depth 177",,2921261428,195,204,243.99,60,1200,eff53cc4804cc7d6246a6e5086861ce2b846f62b,b19f87f,unknown (not recorded),,inferred: laptop Windows (native),
protocol_B.jsonl:303,B,inception,DTR,0.264,2968772761,0,ok,ok,1.3575325895335022,986579316,1,34,65.21,60,1200,eff53cc4804cc7d6246a6e5086861ce2b846f62b,b19f87f,unknown (not recorded),,inferred: laptop Windows (native),
protocol_B.jsonl:304,B,inception,TwoPhase@k=8,0.262,2946282058,0,oom,"oom: evictable pool empty, pinned 2.90 GB at depth 144",,2898784372,137,155,210.69,60,1200,eff53cc4804cc7d6246a6e5086861ce2b846f62b,b19f87f,unknown (not recorded),,inferred: laptop Windows (native),
protocol_B.jsonl:305,B,inception,NbhdPenalty@b=0.25,0.264,2968772761,0,oom,"oom: evictable pool empty, pinned 2.89 GB at depth 143",,2925625716,104,143,58.65,60,1200,eff53cc4804cc7d6246a6e5086861ce2b846f62b,b19f87f,unknown (not recorded),,inferred: laptop Windows (native),
protocol_B.jsonl:306,B,inception,DTR,0.265,2980018112,0,ok,ok,1.3237853858897042,986579316,1,34,44.61,60,1200,eff53cc4804cc7d6246a6e5086861ce2b846f62b,b19f87f,unknown (not recorded),,inferred: laptop Windows (native),
protocol_B.jsonl:307,B,inception,NbhdPenalty@b=0.25,0.265,2980018112,0,oom,"oom: evictable pool empty, pinned 2.98 GB at depth 142",,2975056244,142,143,59.01,60,1200,eff53cc4804cc7d6246a6e5086861ce2b846f62b,b19f87f,unknown (not recorded),,inferred: laptop Windows (native),
protocol_B.jsonl:308,B,inception,DTR,0.266,2991263463,0,ok,ok,1.3170909262651298,986579316,1,34,42.76,60,1200,eff53cc4804cc7d6246a6e5086861ce2b846f62b,b19f87f,unknown (not recorded),,inferred: laptop Windows (native),
protocol_B.jsonl:309,B,inception,NbhdPenalty@b=0.25,0.266,2991263463,0,oom,"oom: evictable pool empty, pinned 2.96 GB at depth 100",,2963505524,100,104,54.95,60,1200,eff53cc4804cc7d6246a6e5086861ce2b846f62b,b19f87f,unknown (not recorded),,inferred: laptop Windows (native),
protocol_B.jsonl:310,B,inception,TwoPhase@k=8,0.263,2957527409,0,oom,"oom: evictable pool empty, pinned 2.88 GB at depth 166",,2920412276,163,175,329.17,60,1200,eff53cc4804cc7d6246a6e5086861ce2b846f62b,b19f87f,unknown (not recorded),,inferred: laptop Windows (native),
protocol_B.jsonl:311,B,inception,DTR,0.267,3002508815,0,ok,ok,1.3150825123284933,986579316,1,34,41.99,60,1200,eff53cc4804cc7d6246a6e5086861ce2b846f62b,b19f87f,unknown (not recorded),,inferred: laptop Windows (native),
protocol_B.jsonl:312,B,inception,TwoPhase@k=8,0.265,2980018112,0,oom,"oom: evictable pool empty, pinned 2.91 GB at depth 167",,2948828276,154,172,249.57,60,1200,eff53cc4804cc7d6246a6e5086861ce2b846f62b,88453d8,unknown (not recorded),,inferred: laptop Windows (native),
protocol_B.jsonl:313,B,inception,NbhdPenalty@b=0.25,0.267,3002508815,0,oom,"oom: evictable pool empty, pinned 2.92 GB at depth 149",,2963505524,100,149,55.94,60,1200,eff53cc4804cc7d6246a6e5086861ce2b846f62b,88453d8,unknown (not recorded),,inferred: laptop Windows (native),
protocol_B.jsonl:314,B,inception,TwoPhase@k=8,0.266,2991263463,0,oom,"oom: evictable pool empty, pinned 2.92 GB at depth 151",,2942540916,144,156,169.81,60,1200,eff53cc4804cc7d6246a6e5086861ce2b846f62b,88453d8,unknown (not recorded),,inferred: laptop Windows (native),
protocol_B.jsonl:315,B,inception,DTR,0.268,3013754166,0,ok,ok,1.3137248931150765,986579316,1,34,39.13,60,1200,eff53cc4804cc7d6246a6e5086861ce2b846f62b,88453d8,unknown (not recorded),,inferred: laptop Windows (native),
protocol_B.jsonl:316,B,inception,NbhdPenalty@b=0.25,0.268,3013754166,0,oom,"oom: evictable pool empty, pinned 3.00 GB at depth 148",,3003466100,148,149,51.55,60,1200,eff53cc4804cc7d6246a6e5086861ce2b846f62b,88453d8,unknown (not recorded),,inferred: laptop Windows (native),
protocol_B.jsonl:317,B,inception,DTR,0.258,2901300652,0,ok,ok,11.176180226172743,2668815732,129,171,1048.39,60,1200,eff53cc4804cc7d6246a6e5086861ce2b846f62b,88453d8,unknown (not recorded),,inferred: laptop Windows (native),
protocol_B.jsonl:318,B,inception,DTR,0.269,3024999517,0,ok,ok,1.3130147611103815,986579316,1,34,42.06,60,1200,eff53cc4804cc7d6246a6e5086861ce2b846f62b,88453d8,unknown (not recorded),,inferred: laptop Windows (native),
protocol_B.jsonl:319,B,inception,TwoPhase@k=8,0.264,2968772761,0,oom,"oom: evictable pool empty, pinned 2.92 GB at depth 183",,2930575476,201,205,469.7,60,1200,eff53cc4804cc7d6246a6e5086861ce2b846f62b,88453d8,unknown (not recorded),,inferred: laptop Windows (native),
protocol_B.jsonl:320,B,inception,DTR,0.271,3047490220,0,ok,ok,1.336434460497978,986579316,1,34,46.84,60,1200,eff53cc4804cc7d6246a6e5086861ce2b846f62b,88453d8,unknown (not recorded),,inferred: laptop Windows (native),
protocol_B.jsonl:321,B,inception,TwoPhase@k=8,0.267,3002508815,0,oom,"oom: evictable pool empty, pinned 2.95 GB at depth 140",,2985711220,137,151,205.42,60,1200,eff53cc4804cc7d6246a6e5086861ce2b846f62b,88453d8,unknown (not recorded),,inferred: laptop Windows (native),
protocol_B.jsonl:322,B,inception,NbhdPenalty@b=0.25,0.269,3024999517,0,ok,ok,3.5868884145059377,2223712116,121,138,111.5,60,1200,eff53cc4804cc7d6246a6e5086861ce2b846f62b,88453d8,unknown (not recorded),,inferred: laptop Windows (native),
protocol_B.jsonl:323,B,inception,TwoPhase@k=8,0.258,2901300652,0,oom,"oom: evictable pool empty, pinned 2.90 GB at depth 214",,2898722932,214,215,1089.72,60,1200,eff53cc4804cc7d6246a6e5086861ce2b846f62b,88453d8,unknown (not recorded),,inferred: laptop Windows (native),
protocol_B.jsonl:324,B,inception,DTR,0.272,3058735572,0,ok,ok,1.30878893603121,986579316,1,34,42.05,60,1200,eff53cc4804cc7d6246a6e5086861ce2b846f62b,88453d8,unknown (not recorded),,inferred: laptop Windows (native),
protocol_B.jsonl:325,B,inception,NbhdPenalty@b=0.25,0.271,3047490220,0,ok,ok,3.583007375422651,2223712116,121,138,107.36,60,1200,eff53cc4804cc7d6246a6e5086861ce2b846f62b,88453d8,unknown (not recorded),,inferred: laptop Windows (native),
protocol_B.jsonl:326,B,inception,TwoPhase@k=8,0.268,3013754166,0,oom,"oom: evictable pool empty, pinned 2.94 GB at depth 157",,2988403828,154,162,287.17,60,1200,eff53cc4804cc7d6246a6e5086861ce2b846f62b,88453d8,unknown (not recorded),,inferred: laptop Windows (native),
protocol_B.jsonl:327,B,inception,DTR,0.273,3069980923,0,ok,ok,1.3777900850837443,986579316,1,34,56.44,60,1200,eff53cc4804cc7d6246a6e5086861ce2b846f62b,88453d8,unknown (not recorded),,inferred: laptop Windows (native),
protocol_B.jsonl:328,B,inception,NbhdPenalty@b=0.25,0.272,3058735572,0,ok,ok,3.6162875863021076,2223712116,121,138,109.28,60,1200,eff53cc4804cc7d6246a6e5086861ce2b846f62b,88453d8,unknown (not recorded),,inferred: laptop Windows (native),
protocol_B.jsonl:329,B,inception,DTR,0.274,3081226274,0,ok,ok,1.3757797510603063,986579316,1,34,58.13,60,1200,eff53cc4804cc7d6246a6e5086861ce2b846f62b,88453d8,unknown (not recorded),,inferred: laptop Windows (native),
protocol_B.jsonl:330,B,inception,NbhdPenalty@b=0.25,0.273,3069980923,0,ok,ok,3.5862636273741533,2223712116,121,138,109.29,60,1200,eff53cc4804cc7d6246a6e5086861ce2b846f62b,88453d8,unknown (not recorded),,inferred: laptop Windows (native),
protocol_B.jsonl:331,B,inception,NbhdPenalty@b=0.25,0.274,3081226274,0,oom,"oom: evictable pool empty, pinned 3.06 GB at depth 154",,3060285812,154,155,62.67,60,1200,eff53cc4804cc7d6246a6e5086861ce2b846f62b,88453d8,unknown (not recorded),,inferred: laptop Windows (native),
protocol_B.jsonl:332,B,inception,DTR,0.275,3092471626,0,ok,ok,1.348567424573165,986579316,1,34,47.38,60,1200,eff53cc4804cc7d6246a6e5086861ce2b846f62b,88453d8,unknown (not recorded),,inferred: laptop Windows (native),
protocol_B.jsonl:333,B,inception,TwoPhase@k=8,0.272,3058735572,0,oom,"oom: evictable pool empty, pinned 3.05 GB at depth 201",,3054749556,201,205,290.92,60,1200,eff53cc4804cc7d6246a6e5086861ce2b846f62b,88453d8,unknown (not recorded),,inferred: laptop Windows (native),
protocol_B.jsonl:334,B,inception,NbhdPenalty@b=0.25,0.275,3092471626,0,oom,"oom: evictable pool empty, pinned 3.09 GB at depth 160",,3088695668,160,161,61.19,60,1200,eff53cc4804cc7d6246a6e5086861ce2b846f62b,88453d8,unknown (not recorded),,inferred: laptop Windows (native),
protocol_B.jsonl:335,B,inception,TwoPhase@k=8,0.274,3081226274,0,oom,"oom: evictable pool empty, pinned 3.02 GB at depth 139",,3016822388,140,150,142.13,60,1200,eff53cc4804cc7d6246a6e5086861ce2b846f62b,88453d8,unknown (not recorded),,inferred: laptop Windows (native),
protocol_B.jsonl:336,B,inception,DTR,0.276,3103716977,0,ok,ok,1.315454045982003,986579316,1,34,42.83,60,1200,eff53cc4804cc7d6246a6e5086861ce2b846f62b,88453d8,unknown (not recorded),,inferred: laptop Windows (native),
protocol_B.jsonl:337,B,inception,NbhdPenalty@b=0.25,0.276,3103716977,0,oom,"oom: evictable pool empty, pinned 3.09 GB at depth 160",,3088695668,160,161,55.16,60,1200,eff53cc4804cc7d6246a6e5086861ce2b846f62b,88453d8,unknown (not recorded),,inferred: laptop Windows (native),
protocol_B.jsonl:338,B,inception,DTR,0.277,3114962328,0,ok,ok,1.3409852264860462,986579316,1,34,61.0,60,1200,eff53cc4804cc7d6246a6e5086861ce2b846f62b,88453d8,unknown (not recorded),,inferred: laptop Windows (native),
protocol_B.jsonl:339,B,inception,TwoPhase@k=8,0.269,3024999517,0,oom,"oom: evictable pool empty, pinned 3.02 GB at depth 167",,3023307892,167,183,631.62,60,1200,eff53cc4804cc7d6246a6e5086861ce2b846f62b,88453d8,unknown (not recorded),,inferred: laptop Windows (native),
protocol_B.jsonl:340,B,inception,TwoPhase@k=8,0.276,3103716977,0,oom,"oom: evictable pool empty, pinned 2.88 GB at depth 95",,2884922740,96,140,136.88,60,1200,eff53cc4804cc7d6246a6e5086861ce2b846f62b,88453d8,unknown (not recorded),,inferred: laptop Windows (native),
protocol_B.jsonl:341,B,inception,NbhdPenalty@b=0.25,0.277,3114962328,0,oom,"oom: evictable pool empty, pinned 3.11 GB at depth 166",,3107635572,166,167,59.42,60,1200,eff53cc4804cc7d6246a6e5086861ce2b846f62b,88453d8,unknown (not recorded),,inferred: laptop Windows (native),
protocol_B.jsonl:342,B,inception,DTR,0.278,3126207680,0,ok,ok,1.3101412553651008,986579316,1,34,39.69,60,1200,eff53cc4804cc7d6246a6e5086861ce2b846f62b,88453d8,unknown (not recorded),,inferred: laptop Windows (native),
protocol_B.jsonl:343,B,inception,TwoPhase@k=8,0.271,3047490220,0,oom,"oom: evictable pool empty, pinned 2.98 GB at depth 137",,3004653172,124,185,606.22,60,1200,eff53cc4804cc7d6246a6e5086861ce2b846f62b,88453d8,unknown (not recorded),,inferred: laptop Windows (native),
protocol_B.jsonl:344,B,inception,NbhdPenalty@b=0.25,0.278,3126207680,0,oom,"oom: evictable pool empty, pinned 3.06 GB at depth 167",,3096084852,120,167,64.73,60,1200,eff53cc4804cc7d6246a6e5086861ce2b846f62b,88453d8,unknown (not recorded),,inferred: laptop Windows (native),
protocol_B.jsonl:345,B,inception,TwoPhase@k=8,0.273,3069980923,0,oom,"oom: evictable pool empty, pinned 3.01 GB at depth 139",,3052001396,136,167,495.98,60,1200,eff53cc4804cc7d6246a6e5086861ce2b846f62b,88453d8,unknown (not recorded),,inferred: laptop Windows (native),
protocol_B.jsonl:346,B,inception,DTR,0.279,3137453031,0,ok,ok,1.3550407709612973,986579316,1,34,49.0,60,1200,eff53cc4804cc7d6246a6e5086861ce2b846f62b,88453d8,unknown (not recorded),,inferred: laptop Windows (native),
protocol_B.jsonl:347,B,inception,NbhdPenalty@b=0.25,0.279,3137453031,0,oom,"oom: evictable pool empty, pinned 3.06 GB at depth 167",,3096084852,120,167,62.57,60,1200,eff53cc4804cc7d6246a6e5086861ce2b846f62b,88453d8,unknown (not recorded),,inferred: laptop Windows (native),
protocol_B.jsonl:348,B,inception,TwoPhase@k=8,0.275,3092471626,0,oom,"oom: evictable pool empty, pinned 3.09 GB at depth 205",,3090662004,205,221,372.12,60,1200,eff53cc4804cc7d6246a6e5086861ce2b846f62b,88453d8,unknown (not recorded),,inferred: laptop Windows (native),
protocol_B.jsonl:349,B,inception,TwoPhase@k=8,0.278,3126207680,0,oom,"oom: evictable pool empty, pinned 3.12 GB at depth 128",,3124025972,128,140,131.06,60,1200,eff53cc4804cc7d6246a6e5086861ce2b846f62b,88453d8,unknown (not recorded),,inferred: laptop Windows (native),
protocol_B.jsonl:350,B,inception,TwoPhase@k=8,0.277,3114962328,0,oom,"oom: evictable pool empty, pinned 2.90 GB at depth 113",,2902088308,115,158,184.57,60,1200,eff53cc4804cc7d6246a6e5086861ce2b846f62b,88453d8,unknown (not recorded),,inferred: laptop Windows (native),
protocol_B.jsonl:351,B,inception,NbhdPenalty@b=0.25,0.291,3272397248,0,oom,"oom: evictable pool empty, pinned 3.18 GB at depth 163",,3182092660,163,167,60.34,60,1200,eff53cc4804cc7d6246a6e5086861ce2b846f62b,88453d8,unknown (not recorded),,inferred: laptop Windows (native),
protocol_B.jsonl:352,B,inception,DTR,0.291,3272397248,0,ok,ok,1.4578813805287716,986579316,1,56,88.58,60,1200,eff53cc4804cc7d6246a6e5086861ce2b846f62b,88453d8,unknown (not recorded),,inferred: laptop Windows (native),
protocol_B.jsonl:353,B,inception,DTR,0.293,3294887950,0,ok,ok,1.2245557226717192,986579316,1,13,12.62,60,1200,eff53cc4804cc7d6246a6e5086861ce2b846f62b,88453d8,unknown (not recorded),,inferred: laptop Windows (native),
protocol_B.jsonl:354,B,inception,DTR,0.292,3283642599,0,ok,ok,1.2621330548157865,986579316,1,34,37.84,60,1200,eff53cc4804cc7d6246a6e5086861ce2b846f62b,88453d8,unknown (not recorded),,inferred: laptop Windows (native),
protocol_B.jsonl:355,B,inception,TwoPhase@k=8,0.279,3137453031,0,oom,"oom: evictable pool empty, pinned 3.03 GB at depth 127",,3025198708,127,140,158.79,60,1200,eff53cc4804cc7d6246a6e5086861ce2b846f62b,88453d8,unknown (not recorded),,inferred: laptop Windows (native),
protocol_B.jsonl:356,B,inception,NbhdPenalty@b=0.25,0.292,3283642599,0,oom,"oom: evictable pool empty, pinned 3.19 GB at depth 163",,3191562612,163,167,60.64,60,1200,eff53cc4804cc7d6246a6e5086861ce2b846f62b,88453d8,unknown (not recorded),,inferred: laptop Windows (native),
protocol_B.jsonl:357,B,inception,NbhdPenalty@b=0.25,0.293,3294887950,0,oom,"oom: evictable pool empty, pinned 3.18 GB at depth 163",,3182092660,163,167,58.09,60,1200,eff53cc4804cc7d6246a6e5086861ce2b846f62b,88453d8,unknown (not recorded),,inferred: laptop Windows (native),
protocol_B.jsonl:358,B,inception,NbhdPenalty@b=0.25,0.294,3306133302,0,oom,"oom: evictable pool empty, pinned 3.19 GB at depth 163",,3191562612,163,167,57.1,60,1200,eff53cc4804cc7d6246a6e5086861ce2b846f62b,88453d8,unknown (not recorded),,inferred: laptop Windows (native),
protocol_B.jsonl:359,B,inception,DTR,0.295,3317378653,0,ok,ok,1.2231641798297928,986579316,1,13,10.93,60,1200,eff53cc4804cc7d6246a6e5086861ce2b846f62b,88453d8,unknown (not recorded),,inferred: laptop Windows (native),
protocol_B.jsonl:360,B,inception,DTR,0.294,3306133302,0,ok,ok,1.4463052180569596,986579316,1,56,81.9,60,1200,eff53cc4804cc7d6246a6e5086861ce2b846f62b,88453d8,unknown (not recorded),,inferred: laptop Windows (native),
protocol_B.jsonl:361,B,inception,NbhdPenalty@b=0.25,0.295,3317378653,0,oom,"oom: evictable pool empty, pinned 3.24 GB at depth 189",,3240214900,189,190,68.09,60,1200,eff53cc4804cc7d6246a6e5086861ce2b846f62b,88453d8,unknown (not recorded),,inferred: laptop Windows (native),
protocol_B.jsonl:362,B,inception,DTR,0.296,3328624004,0,ok,ok,1.2220889343636254,986579316,1,13,12.5,60,1200,eff53cc4804cc7d6246a6e5086861ce2b846f62b,88453d8,unknown (not recorded),,inferred: laptop Windows (native),
protocol_B.jsonl:363,B,inception,TwoPhase@k=8,0.291,3272397248,0,oom,"oom: evictable pool empty, pinned 3.27 GB at depth 129",,3266557812,129,166,244.02,60,1200,eff53cc4804cc7d6246a6e5086861ce2b846f62b,88453d8,unknown (not recorded),,inferred: laptop Windows (native),
protocol_B.jsonl:364,B,inception,NbhdPenalty@b=0.25,0.296,3328624004,0,oom,"oom: evictable pool empty, pinned 3.23 GB at depth 187",,3230744948,189,190,88.18,60,1200,eff53cc4804cc7d6246a6e5086861ce2b846f62b,88453d8,unknown (not recorded),,inferred: laptop Windows (native),
protocol_B.jsonl:365,B,inception,DTR,0.297,3339869356,0,ok,ok,1.2194425566602491,986579316,1,13,11.39,60,1200,eff53cc4804cc7d6246a6e5086861ce2b846f62b,88453d8,unknown (not recorded),,inferred: laptop Windows (native),
protocol_B.jsonl:366,B,inception,NbhdPenalty@b=0.25,0.297,3339869356,0,ok,ok,1.2411825147763682,986579316,1,12,7.84,60,1200,eff53cc4804cc7d6246a6e5086861ce2b846f62b,88453d8,unknown (not recorded),,inferred: laptop Windows (native),
protocol_B.jsonl:367,B,inception,TwoPhase@k=8,0.293,3294887950,0,oom,"oom: evictable pool empty, pinned 3.22 GB at depth 148",,3250929780,135,178,448.11,60,1200,eff53cc4804cc7d6246a6e5086861ce2b846f62b,88453d8,unknown (not recorded),,inferred: laptop Windows (native),
protocol_B.jsonl:368,B,inception,TwoPhase@k=8,0.292,3283642599,0,oom,"oom: evictable pool empty, pinned 3.22 GB at depth 164",,3215693428,157,178,526.18,60,1200,eff53cc4804cc7d6246a6e5086861ce2b846f62b,88453d8,unknown (not recorded),,inferred: laptop Windows (native),
protocol_B.jsonl:369,B,inception,TwoPhase@k=8,0.295,3317378653,0,oom,"oom: evictable pool empty, pinned 3.07 GB at depth 123",,3085409908,122,178,405.04,60,1200,eff53cc4804cc7d6246a6e5086861ce2b846f62b,88453d8,unknown (not recorded),,inferred: laptop Windows (native),
protocol_B.jsonl:370,B,inception,DTR,0.298,3351114707,0,ok,ok,1.4544708617015356,986579316,1,56,121.29,60,1200,eff53cc4804cc7d6246a6e5086861ce2b846f62b,88453d8,unknown (not recorded),,inferred: laptop Windows (native),
protocol_B.jsonl:371,B,inception,NbhdPenalty@b=0.25,0.298,3351114707,0,oom,"oom: evictable pool empty, pinned 3.24 GB at depth 187",,3240214900,189,190,87.34,60,1200,eff53cc4804cc7d6246a6e5086861ce2b846f62b,88453d8,unknown (not recorded),,inferred: laptop Windows (native),
protocol_B.jsonl:372,B,inception,NbhdPenalty@b=0.25,0.299,3362360059,0,oom,"oom: evictable pool empty, pinned 3.27 GB at depth 186",,3267322228,186,190,84.65,60,1200,eff53cc4804cc7d6246a6e5086861ce2b846f62b,88453d8,unknown (not recorded),,inferred: laptop Windows (native),
protocol_B.jsonl:373,B,inception,DTR,0.299,3362360059,0,ok,ok,1.4558170955230032,986579316,1,56,123.21,60,1200,eff53cc4804cc7d6246a6e5086861ce2b846f62b,88453d8,unknown (not recorded),,inferred: laptop Windows (native),
protocol_B.jsonl:374,B,inception,DTR,0.301,3384850761,0,ok,ok,1.2203536535600992,986579316,1,13,12.2,60,1200,eff53cc4804cc7d6246a6e5086861ce2b846f62b,88453d8,unknown (not recorded),,inferred: laptop Windows (native),
protocol_B.jsonl:375,B,inception,TwoPhase@k=8,0.296,3328624004,0,oom,"oom: evictable pool empty, pinned 3.26 GB at depth 138",,3307749492,135,178,532.02,60,1200,eff53cc4804cc7d6246a6e5086861ce2b846f62b,88453d8,unknown (not recorded),,inferred: laptop Windows (native),
protocol_B.jsonl:376,B,inception,TwoPhase@k=8,0.298,3351114707,0,oom,"oom: evictable pool empty, pinned 3.29 GB at depth 141",,3287070324,143,156,238.9,60,1200,eff53cc4804cc7d6246a6e5086861ce2b846f62b,88453d8,unknown (not recorded),,inferred: laptop Windows (native),
protocol_B.jsonl:377,B,inception,NbhdPenalty@b=0.25,0.301,3384850761,0,oom,"oom: evictable pool empty, pinned 3.28 GB at depth 186",,3276792180,186,190,86.34,60,1200,eff53cc4804cc7d6246a6e5086861ce2b846f62b,88453d8,unknown (not recorded),,inferred: laptop Windows (native),
protocol_B.jsonl:378,B,inception,TwoPhase@k=8,0.297,3339869356,0,oom,"oom: evictable pool empty, pinned 3.27 GB at depth 154",,3296584308,141,178,536.25,60,1200,eff53cc4804cc7d6246a6e5086861ce2b846f62b,88453d8,unknown (not recorded),,inferred: laptop Windows (native),
protocol_B.jsonl:379,B,inception,DTR,0.302,3396096113,0,ok,ok,1.443203753070169,986579316,1,56,119.88,60,1200,eff53cc4804cc7d6246a6e5086861ce2b846f62b,88453d8,unknown (not recorded),,inferred: laptop Windows (native),
protocol_B.jsonl:380,B,inception,NbhdPenalty@b=0.25,0.302,3396096113,0,oom,"oom: evictable pool empty, pinned 3.39 GB at depth 185",,3391209844,185,190,90.93,60,1200,eff53cc4804cc7d6246a6e5086861ce2b846f62b,88453d8,unknown (not recorded),,inferred: laptop Windows (native),
protocol_B.jsonl:381,B,inception,DTR,0.303,3407341464,0,ok,ok,1.2099890501472166,986579316,1,13,12.01,60,1200,eff53cc4804cc7d6246a6e5086861ce2b846f62b,88453d8,unknown (not recorded),,inferred: laptop Windows (native),
protocol_B.jsonl:382,B,inception,NbhdPenalty@b=0.25,0.303,3407341464,0,ok,ok,1.2351321609965253,986579316,1,12,7.2,60,1200,eff53cc4804cc7d6246a6e5086861ce2b846f62b,88453d8,unknown (not recorded),,inferred: laptop Windows (native),
protocol_B.jsonl:383,B,inception,DTR,0.304,3418586815,0,ok,ok,1.2086176729305005,986579316,1,13,12.08,60,1200,eff53cc4804cc7d6246a6e5086861ce2b846f62b,88453d8,unknown (not recorded),,inferred: laptop Windows (native),
protocol_B.jsonl:384,B,inception,TwoPhase@k=8,0.294,3306133302,0,oom,"oom: evictable pool empty, pinned 3.30 GB at depth 103",,3301271668,103,178,990.68,60,1200,eff53cc4804cc7d6246a6e5086861ce2b846f62b,88453d8,unknown (not recorded),,inferred: laptop Windows (native),
protocol_B.jsonl:385,B,inception,NbhdPenalty@b=0.25,0.304,3418586815,0,oom,"oom: evictable pool empty, pinned 3.32 GB at depth 202",,3351065468,165,206,139.16,60,1200,eff53cc4804cc7d6246a6e5086861ce2b846f62b,88453d8,unknown (not recorded),,inferred: laptop Windows (native),
protocol_B.jsonl:386,B,inception,DTR,0.305,3429832167,0,ok,ok,1.2081866275850126,986579316,1,13,11.42,60,1200,eff53cc4804cc7d6246a6e5086861ce2b846f62b,88453d8,unknown (not recorded),,inferred: laptop Windows (native),
protocol_B.jsonl:387,B,inception,TwoPhase@k=8,0.301,3384850761,0,oom,"oom: evictable pool empty, pinned 3.36 GB at depth 101",,3361397108,101,167,402.4,60,1200,eff53cc4804cc7d6246a6e5086861ce2b846f62b,88453d8,unknown (not recorded),,inferred: laptop Windows (native),
protocol_B.jsonl:388,B,inception,NbhdPenalty@b=0.25,0.305,3429832167,0,oom,"oom: evictable pool empty, pinned 3.32 GB at depth 196",,3351065468,165,200,138.2,60,1200,eff53cc4804cc7d6246a6e5086861ce2b846f62b,88453d8,unknown (not recorded),,inferred: laptop Windows (native),
protocol_B.jsonl:389,B,inception,DTR,0.306,3441077518,0,ok,ok,1.2052212892103547,986579316,1,13,11.09,60,1200,eff53cc4804cc7d6246a6e5086861ce2b846f62b,88453d8,unknown (not recorded),,inferred: laptop Windows (native),
protocol_B.jsonl:390,B,inception,TwoPhase@k=8,0.299,3362360059,0,oom,"oom: evictable pool empty, pinned 3.29 GB at depth 159",,3346322292,163,178,591.0,60,1200,eff53cc4804cc7d6246a6e5086861ce2b846f62b,88453d8,unknown (not recorded),,inferred: laptop Windows (native),
protocol_B.jsonl:391,B,inception,TwoPhase@k=8,0.303,3407341464,0,oom,"oom: evictable pool empty, pinned 3.37 GB at depth 146",,3370262900,143,178,455.99,60,1200,eff53cc4804cc7d6246a6e5086861ce2b846f62b,88453d8,unknown (not recorded),,inferred: laptop Windows (native),
protocol_B.jsonl:392,B,inception,NbhdPenalty@b=0.25,0.306,3441077518,0,oom,"oom: evictable pool empty, pinned 3.32 GB at depth 196",,3351065468,165,200,138.34,60,1200,eff53cc4804cc7d6246a6e5086861ce2b846f62b,88453d8,unknown (not recorded),,inferred: laptop Windows (native),
protocol_B.jsonl:393,B,inception,DTR,0.307,3452322869,0,ok,ok,1.2075555569613148,986579316,1,13,12.32,60,1200,eff53cc4804cc7d6246a6e5086861ce2b846f62b,88453d8,unknown (not recorded),,inferred: laptop Windows (native),
protocol_B.jsonl:394,B,inception,NbhdPenalty@b=0.25,0.307,3452322869,0,oom,"oom: evictable pool empty, pinned 3.40 GB at depth 185",,3400679796,185,190,91.68,60,1200,eff53cc4804cc7d6246a6e5086861ce2b846f62b,88453d8,unknown (not recorded),,inferred: laptop Windows (native),
protocol_B.jsonl:395,B,inception,DTR,0.308,3463568221,0,ok,ok,1.206973791086992,986579316,1,13,10.1,60,1200,eff53cc4804cc7d6246a6e5086861ce2b846f62b,88453d8,unknown (not recorded),,inferred: laptop Windows (native),
protocol_B.jsonl:396,B,inception,NbhdPenalty@b=0.25,0.308,3463568221,0,oom,"oom: evictable pool empty, pinned 3.45 GB at depth 199",,3449930100,199,204,141.43,60,1200,eff53cc4804cc7d6246a6e5086861ce2b846f62b,88453d8,unknown (not recorded),,inferred: laptop Windows (native),
protocol_B.jsonl:397,B,inception,TwoPhase@k=8,0.304,3418586815,0,oom,"oom: evictable pool empty, pinned 3.41 GB at depth 153",,3411919988,153,178,594.2,60,1200,eff53cc4804cc7d6246a6e5086861ce2b846f62b,88453d8,unknown (not recorded),,inferred: laptop Windows (native),
protocol_B.jsonl:398,B,inception,DTR,0.309,3474813572,0,ok,ok,1.2059939481660877,986579316,1,13,9.67,60,1200,eff53cc4804cc7d6246a6e5086861ce2b846f62b,88453d8,unknown (not recorded),,inferred: laptop Windows (native),
protocol_B.jsonl:399,B,inception,NbhdPenalty@b=0.25,0.309,3474813572,0,ok,ok,1.2218409132004477,986579316,1,12,7.41,60,1200,eff53cc4804cc7d6246a6e5086861ce2b846f62b,88453d8,unknown (not recorded),,inferred: laptop Windows (native),
protocol_B.jsonl:400,B,inception,TwoPhase@k=8,0.306,3441077518,0,oom,"oom: evictable pool empty, pinned 3.43 GB at depth 120",,3426134900,120,177,409.53,60,1200,eff53cc4804cc7d6246a6e5086861ce2b846f62b,88453d8,unknown (not recorded),,inferred: laptop Windows (native),
protocol_B.jsonl:401,B,inception,TwoPhase@k=8,0.305,3429832167,0,oom,"oom: evictable pool empty, pinned 3.38 GB at depth 154",,3383510132,147,178,552.42,60,1200,eff53cc4804cc7d6246a6e5086861ce2b846f62b,88453d8,unknown (not recorded),,inferred: laptop Windows (native),
protocol_B.jsonl:402,B,inception,DTR,0.351,3947118330,0,ok,ok,1.1716477638599192,986579316,1,12,9.09,60,1200,eff53cc4804cc7d6246a6e5086861ce2b846f62b,88453d8,unknown (not recorded),,inferred: laptop Windows (native),
protocol_B.jsonl:403,B,inception,NbhdPenalty@b=0.25,0.351,3947118330,0,ok,ok,1.176254025384594,986579316,1,8,5.47,60,1200,eff53cc4804cc7d6246a6e5086861ce2b846f62b,88453d8,unknown (not recorded),,inferred: laptop Windows (native),
protocol_B.jsonl:404,B,inception,DTR,0.352,3958363681,0,ok,ok,1.17120691067334,986579316,1,12,9.07,60,1200,eff53cc4804cc7d6246a6e5086861ce2b846f62b,88453d8,unknown (not recorded),,inferred: laptop Windows (native),
protocol_B.jsonl:405,B,inception,NbhdPenalty@b=0.25,0.352,3958363681,0,ok,ok,1.1735166211111931,986579316,1,8,5.28,60,1200,eff53cc4804cc7d6246a6e5086861ce2b846f62b,88453d8,unknown (not recorded),,inferred: laptop Windows (native),
protocol_B.jsonl:406,B,inception,TwoPhase@k=8,0.309,3474813572,0,oom,"oom: evictable pool empty, pinned 3.42 GB at depth 145",,3459276404,142,177,360.65,60,1200,eff53cc4804cc7d6246a6e5086861ce2b846f62b,88453d8,unknown (not recorded),,inferred: laptop Windows (native),
protocol_B.jsonl:407,B,inception,DTR,0.353,3969609032,0,ok,ok,1.17081873103,986579316,1,12,8.65,60,1200,eff53cc4804cc7d6246a6e5086861ce2b846f62b,88453d8,unknown (not recorded),,inferred: laptop Windows (native),
protocol_B.jsonl:408,B,inception,TwoPhase@k=8,0.302,,0,timeout,timeout after 1200.0 s (20-min limit),,,,,1200.0,60,1200,eff53cc4804cc7d6246a6e5086861ce2b846f62b,88453d8,unknown (not recorded),,inferred: laptop Windows (native),
protocol_B.jsonl:409,B,inception,NbhdPenalty@b=0.25,0.353,3969609032,0,ok,ok,1.1735166211111931,986579316,1,8,5.72,60,1200,eff53cc4804cc7d6246a6e5086861ce2b846f62b,88453d8,unknown (not recorded),,inferred: laptop Windows (native),
protocol_B.jsonl:410,B,inception,DTR,0.354,3980854384,0,ok,ok,1.1703821909680276,986579316,1,12,8.76,60,1200,eff53cc4804cc7d6246a6e5086861ce2b846f62b,88453d8,unknown (not recorded),,inferred: laptop Windows (native),
protocol_B.jsonl:411,B,inception,NbhdPenalty@b=0.25,0.354,3980854384,0,ok,ok,1.1734621358984927,986579316,1,8,5.07,60,1200,eff53cc4804cc7d6246a6e5086861ce2b846f62b,88453d8,unknown (not recorded),,inferred: laptop Windows (native),
protocol_B.jsonl:412,B,inception,TwoPhase@k=8,0.307,3452322869,0,oom,"oom: evictable pool empty, pinned 3.41 GB at depth 178",,3421394036,170,183,693.2,60,1200,eff53cc4804cc7d6246a6e5086861ce2b846f62b,88453d8,unknown (not recorded),,inferred: laptop Windows (native),
protocol_B.jsonl:413,B,inception,DTR,0.355,3992099735,0,ok,ok,1.1703821909680276,986579316,1,12,9.42,60,1200,eff53cc4804cc7d6246a6e5086861ce2b846f62b,88453d8,unknown (not recorded),,inferred: laptop Windows (native),
protocol_B.jsonl:414,B,inception,NbhdPenalty@b=0.25,0.355,3992099735,0,ok,ok,1.17578703733405,986579316,1,8,4.47,60,1200,eff53cc4804cc7d6246a6e5086861ce2b846f62b,88453d8,unknown (not recorded),,inferred: laptop Windows (native),
protocol_B.jsonl:415,B,inception,TwoPhase@k=8,0.352,3958363681,0,oom,"oom: evictable pool empty, pinned 3.72 GB at depth 199",,3751215476,195,209,540.69,60,1200,eff53cc4804cc7d6246a6e5086861ce2b846f62b,88453d8,unknown (not recorded),,inferred: laptop Windows (native),
protocol_B.jsonl:416,B,inception,DTR,0.356,4003345087,0,ok,ok,1.1697706574632223,986579316,1,12,8.99,60,1200,eff53cc4804cc7d6246a6e5086861ce2b846f62b,88453d8,unknown (not recorded),,inferred: laptop Windows (native),
protocol_B.jsonl:417,B,inception,NbhdPenalty@b=0.25,0.356,4003345087,0,ok,ok,1.1752348206842642,986579316,1,8,4.33,60,1200,eff53cc4804cc7d6246a6e5086861ce2b846f62b,88453d8,unknown (not recorded),,inferred: laptop Windows (native),
protocol_B.jsonl:418,B,inception,TwoPhase@k=8,0.353,3969609032,0,oom,"oom: evictable pool empty, pinned 3.94 GB at depth 156",,3940125300,154,161,295.44,60,1200,eff53cc4804cc7d6246a6e5086861ce2b846f62b,88453d8,unknown (not recorded),,inferred: laptop Windows (native),
protocol_B.jsonl:419,B,inception,DTR,0.357,4014590438,0,ok,ok,1.1681643068744885,986579316,1,12,8.24,60,1200,eff53cc4804cc7d6246a6e5086861ce2b846f62b,88453d8,unknown (not recorded),,inferred: laptop Windows (native),
protocol_B.jsonl:420,B,inception,TwoPhase@k=8,0.354,3980854384,0,oom,"oom: evictable pool empty, pinned 3.94 GB at depth 156",,3940125300,154,161,291.92,60,1200,eff53cc4804cc7d6246a6e5086861ce2b846f62b,88453d8,unknown (not recorded),,inferred: laptop Windows (native),
protocol_B.jsonl:421,B,inception,NbhdPenalty@b=0.25,0.357,4014590438,0,ok,ok,1.1752348206842642,986579316,1,8,4.65,60,1200,eff53cc4804cc7d6246a6e5086861ce2b846f62b,88453d8,unknown (not recorded),,inferred: laptop Windows (native),
protocol_B.jsonl:422,B,inception,DTR,0.358,4025835789,0,ok,ok,1.1681643068744885,986579316,1,12,8.76,60,1200,eff53cc4804cc7d6246a6e5086861ce2b846f62b,88453d8,unknown (not recorded),,inferred: laptop Windows (native),
protocol_B.jsonl:423,B,inception,NbhdPenalty@b=0.25,0.358,4025835789,0,ok,ok,1.1752348206842642,986579316,1,8,4.26,60,1200,eff53cc4804cc7d6246a6e5086861ce2b846f62b,88453d8,unknown (not recorded),,inferred: laptop Windows (native),
protocol_B.jsonl:424,B,inception,TwoPhase@k=8,0.355,3992099735,0,oom,"oom: evictable pool empty, pinned 3.97 GB at depth 188",,3969977460,186,192,367.88,60,1200,eff53cc4804cc7d6246a6e5086861ce2b846f62b,88453d8,unknown (not recorded),,inferred: laptop Windows (native),
protocol_B.jsonl:425,B,inception,DTR,0.359,4037081141,0,ok,ok,1.1676024725067728,986579316,1,12,8.72,60,1200,eff53cc4804cc7d6246a6e5086861ce2b846f62b,88453d8,unknown (not recorded),,inferred: laptop Windows (native),
protocol_B.jsonl:426,B,inception,NbhdPenalty@b=0.25,0.359,4037081141,0,ok,ok,1.1732249753244883,986579316,1,8,4.55,60,1200,eff53cc4804cc7d6246a6e5086861ce2b846f62b,88453d8,unknown (not recorded),,inferred: laptop Windows (native),
protocol_B.jsonl:427,B,inception,TwoPhase@k=8,0.356,4003345087,0,oom,"oom: evictable pool empty, pinned 3.94 GB at depth 156",,3940125300,153,161,253.84,60,1200,eff53cc4804cc7d6246a6e5086861ce2b846f62b,88453d8,unknown (not recorded),,inferred: laptop Windows (native),
protocol_B.jsonl:428,B,inception,DTR,0.371,4172025357,0,ok,ok,1.155129615357386,986579316,1,12,8.24,60,1200,eff53cc4804cc7d6246a6e5086861ce2b846f62b,88453d8,unknown (not recorded),,inferred: laptop Windows (native),
protocol_B.jsonl:429,B,inception,NbhdPenalty@b=0.25,0.371,4172025357,0,ok,ok,1.153536207285004,986579316,1,8,6.25,60,1200,eff53cc4804cc7d6246a6e5086861ce2b846f62b,88453d8,unknown (not recorded),,inferred: laptop Windows (native),
protocol_B.jsonl:430,B,inception,TwoPhase@k=8,0.357,4014590438,0,oom,"oom: evictable pool empty, pinned 3.99 GB at depth 163",,3988018036,160,168,237.2,60,1200,eff53cc4804cc7d6246a6e5086861ce2b846f62b,88453d8,unknown (not recorded),,inferred: laptop Windows (native),
protocol_B.jsonl:431,B,inception,DTR,0.372,4183270708,0,ok,ok,1.1534568960727454,986579316,1,12,7.5,60,1200,eff53cc4804cc7d6246a6e5086861ce2b846f62b,88453d8,unknown (not recorded),,inferred: laptop Windows (native),
protocol_B.jsonl:432,B,inception,NbhdPenalty@b=0.25,0.372,4183270708,0,ok,ok,1.1603517392241307,986579316,1,8,5.77,60,1200,eff53cc4804cc7d6246a6e5086861ce2b846f62b,88453d8,unknown (not recorded),,inferred: laptop Windows (native),
protocol_B.jsonl:433,B,inception,TwoPhase@k=8,0.359,4037081141,0,ok,ok,5.1284328965982775,2882411636,98,140,239.64,60,1200,eff53cc4804cc7d6246a6e5086861ce2b846f62b,88453d8,unknown (not recorded),,inferred: laptop Windows (native),
protocol_B.jsonl:434,B,inception,DTR,0.373,4194516060,0,ok,ok,1.1534568960727454,986579316,1,12,7.09,60,1200,eff53cc4804cc7d6246a6e5086861ce2b846f62b,88453d8,unknown (not recorded),,inferred: laptop Windows (native),
protocol_B.jsonl:435,B,inception,NbhdPenalty@b=0.25,0.373,4194516060,0,ok,ok,1.1525488364296768,986579316,1,8,5.72,60,1200,eff53cc4804cc7d6246a6e5086861ce2b846f62b,88453d8,unknown (not recorded),,inferred: laptop Windows (native),
protocol_B.jsonl:436,B,inception,TwoPhase@k=8,0.308,,0,timeout,timeout after 1200.0 s (20-min limit),,,,,1200.0,60,1200,eff53cc4804cc7d6246a6e5086861ce2b846f62b,88453d8,unknown (not recorded),,inferred: laptop Windows (native),
protocol_B.jsonl:437,B,inception,DTR,0.374,4205761411,0,ok,ok,1.1534568960727454,986579316,1,12,7.4,60,1200,eff53cc4804cc7d6246a6e5086861ce2b846f62b,88453d8,unknown (not recorded),,inferred: laptop Windows (native),
protocol_B.jsonl:438,B,inception,NbhdPenalty@b=0.25,0.374,4205761411,0,ok,ok,1.1525488364296768,986579316,1,8,5.98,60,1200,eff53cc4804cc7d6246a6e5086861ce2b846f62b,88453d8,unknown (not recorded),,inferred: laptop Windows (native),
protocol_B.jsonl:439,B,inception,TwoPhase@k=8,0.351,,0,timeout,timeout after 1200.0 s (20-min limit),,,,,1200.0,60,1200,eff53cc4804cc7d6246a6e5086861ce2b846f62b,88453d8,unknown (not recorded),,inferred: laptop Windows (native),
protocol_B.jsonl:440,B,inception,DTR,0.375,4217006763,0,ok,ok,1.1534568960727454,986579316,1,12,6.7,60,1200,eff53cc4804cc7d6246a6e5086861ce2b846f62b,88453d8,unknown (not recorded),,inferred: laptop Windows (native),
protocol_B.jsonl:441,B,inception,NbhdPenalty@b=0.25,0.375,4217006763,0,ok,ok,1.1536614387401154,986579316,1,8,5.99,60,1200,eff53cc4804cc7d6246a6e5086861ce2b846f62b,88453d8,unknown (not recorded),,inferred: laptop Windows (native),
protocol_B.jsonl:442,B,inception,TwoPhase@k=8,0.373,4194516060,0,oom,"oom: evictable pool empty, pinned 4.19 GB at depth 156",,4191627380,156,162,231.43,60,1200,eff53cc4804cc7d6246a6e5086861ce2b846f62b,88453d8,unknown (not recorded),,inferred: laptop Windows (native),
protocol_B.jsonl:443,B,inception,DTR,0.376,4228252114,0,ok,ok,1.1534568960727454,986579316,1,12,7.25,60,1200,eff53cc4804cc7d6246a6e5086861ce2b846f62b,88453d8,unknown (not recorded),,inferred: laptop Windows (native),
protocol_B.jsonl:444,B,inception,NbhdPenalty@b=0.25,0.376,4228252114,0,ok,ok,1.1536614387401154,986579316,1,8,5.86,60,1200,eff53cc4804cc7d6246a6e5086861ce2b846f62b,88453d8,unknown (not recorded),,inferred: laptop Windows (native),
protocol_B.jsonl:445,B,inception,TwoPhase@k=8,0.358,,0,timeout,timeout after 1200.0 s (20-min limit),,,,,1200.0,60,1200,eff53cc4804cc7d6246a6e5086861ce2b846f62b,88453d8,unknown (not recorded),,inferred: laptop Windows (native),
protocol_B.jsonl:446,B,inception,DTR,0.377,4239497465,0,ok,ok,1.1534568960727454,986579316,1,12,6.64,60,1200,eff53cc4804cc7d6246a6e5086861ce2b846f62b,88453d8,unknown (not recorded),,inferred: laptop Windows (native),
protocol_B.jsonl:447,B,inception,NbhdPenalty@b=0.25,0.377,4239497465,0,ok,ok,1.1531748837166287,986579316,1,8,6.39,60,1200,eff53cc4804cc7d6246a6e5086861ce2b846f62b,88453d8,unknown (not recorded),,inferred: laptop Windows (native),
protocol_B.jsonl:448,B,inception,TwoPhase@k=8,0.376,4228252114,0,oom,"oom: evictable pool empty, pinned 4.21 GB at depth 213",,4209853812,211,216,754.12,60,1200,eff53cc4804cc7d6246a6e5086861ce2b846f62b,88453d8,unknown (not recorded),,inferred: laptop Windows (native),
protocol_B.jsonl:449,B,inception,DTR,0.378,4250742817,0,ok,ok,1.152189308818105,986579316,1,12,6.63,60,1200,eff53cc4804cc7d6246a6e5086861ce2b846f62b,88453d8,unknown (not recorded),,inferred: laptop Windows (native),
protocol_B.jsonl:450,B,inception,NbhdPenalty@b=0.25,0.378,4250742817,0,ok,ok,1.1526847870600405,986579316,1,8,6.21,60,1200,eff53cc4804cc7d6246a6e5086861ce2b846f62b,88453d8,unknown (not recorded),,inferred: laptop Windows (native),
protocol_B.jsonl:451,B,inception,TwoPhase@k=8,0.371,,0,timeout,timeout after 1200.0 s (20-min limit),,,,,1200.0,60,1200,eff53cc4804cc7d6246a6e5086861ce2b846f62b,88453d8,unknown (not recorded),,inferred: laptop Windows (native),
protocol_B.jsonl:452,B,inception,DTR,0.379,4261988168,0,ok,ok,1.152121128452737,986579316,1,12,8.23,60,1200,eff53cc4804cc7d6246a6e5086861ce2b846f62b,88453d8,unknown (not recorded),,inferred: laptop Windows (native),
protocol_B.jsonl:453,B,inception,NbhdPenalty@b=0.25,0.379,4261988168,0,ok,ok,1.1516621067197725,986579316,1,8,5.85,60,1200,eff53cc4804cc7d6246a6e5086861ce2b846f62b,88453d8,unknown (not recorded),,inferred: laptop Windows (native),
protocol_B.jsonl:454,B,inception,TwoPhase@k=8,0.372,,0,timeout,timeout after 1200.0 s (20-min limit),,,,,1200.0,60,1200,eff53cc4804cc7d6246a6e5086861ce2b846f62b,88453d8,unknown (not recorded),,inferred: laptop Windows (native),
protocol_B.jsonl:455,B,inception,DTR,0.381,4284478871,0,ok,ok,1.1508535411980965,986579316,1,12,7.0,60,1200,eff53cc4804cc7d6246a6e5086861ce2b846f62b,88453d8,unknown (not recorded),,inferred: laptop Windows (native),
protocol_B.jsonl:456,B,inception,NbhdPenalty@b=0.25,0.381,4284478871,0,ok,ok,1.1509669488781022,986579316,1,8,5.79,60,1200,eff53cc4804cc7d6246a6e5086861ce2b846f62b,88453d8,unknown (not recorded),,inferred: laptop Windows (native),
protocol_B.jsonl:457,B,inception,TwoPhase@k=8,0.377,4239497465,0,oom,"oom: evictable pool empty, pinned 4.23 GB at depth 161",,4234402420,172,178,370.31,60,1200,eff53cc4804cc7d6246a6e5086861ce2b846f62b,88453d8,unknown (not recorded),,inferred: laptop Windows (native),
protocol_B.jsonl:458,B,inception,DTR,0.382,4295724222,0,ok,ok,1.1504658345057608,986579316,1,12,6.92,60,1200,eff53cc4804cc7d6246a6e5086861ce2b846f62b,88453d8,unknown (not recorded),,inferred: laptop Windows (native),
protocol_B.jsonl:459,B,inception,NbhdPenalty@b=0.25,0.382,4295724222,0,ok,ok,1.150526095691523,986579316,1,8,5.47,60,1200,eff53cc4804cc7d6246a6e5086861ce2b846f62b,88453d8,unknown (not recorded),,inferred: laptop Windows (native),
protocol_B.jsonl:460,B,inception,TwoPhase@k=8,0.374,,0,timeout,timeout after 1200.0 s (20-min limit),,,,,1200.0,60,1200,eff53cc4804cc7d6246a6e5086861ce2b846f62b,88453d8,unknown (not recorded),,inferred: laptop Windows (native),
protocol_B.jsonl:461,B,inception,DTR,0.383,4306969573,0,ok,ok,1.1439658771601278,986579316,1,12,7.31,60,1200,eff53cc4804cc7d6246a6e5086861ce2b846f62b,88453d8,unknown (not recorded),,inferred: laptop Windows (native),
protocol_B.jsonl:462,B,inception,NbhdPenalty@b=0.25,0.383,4306969573,0,ok,ok,1.1515487760317908,986579316,1,8,6.52,60,1200,eff53cc4804cc7d6246a6e5086861ce2b846f62b,88453d8,unknown (not recorded),,inferred: laptop Windows (native),
protocol_B.jsonl:463,B,inception,TwoPhase@k=8,0.375,,0,timeout,timeout after 1200.0 s (20-min limit),,,,,1200.0,60,1200,eff53cc4804cc7d6246a6e5086861ce2b846f62b,88453d8,unknown (not recorded),,inferred: laptop Windows (native),
protocol_B.jsonl:464,B,inception,DTR,0.384,4318214925,0,ok,ok,1.1439658771601278,986579316,1,12,7.25,60,1200,eff53cc4804cc7d6246a6e5086861ce2b846f62b,88453d8,unknown (not recorded),,inferred: laptop Windows (native),
protocol_B.jsonl:465,B,inception,NbhdPenalty@b=0.25,0.384,4318214925,0,ok,ok,1.1515487760317908,986579316,1,8,5.72,60,1200,eff53cc4804cc7d6246a6e5086861ce2b846f62b,88453d8,unknown (not recorded),,inferred: laptop Windows (native),
protocol_B.jsonl:466,B,inception,TwoPhase@k=8,0.378,,0,timeout,timeout after 1200.0 s (20-min limit),,,,,1200.0,60,1200,eff53cc4804cc7d6246a6e5086861ce2b846f62b,88453d8,unknown (not recorded),,inferred: laptop Windows (native),
protocol_B.jsonl:467,B,inception,DTR,0.385,4329460276,0,ok,ok,1.1435781704677919,986579316,1,12,6.25,60,1200,eff53cc4804cc7d6246a6e5086861ce2b846f62b,88453d8,unknown (not recorded),,inferred: laptop Windows (native),
protocol_B.jsonl:468,B,inception,NbhdPenalty@b=0.25,0.385,4329460276,0,ok,ok,1.1515487760317908,986579316,1,8,6.22,60,1200,eff53cc4804cc7d6246a6e5086861ce2b846f62b,88453d8,unknown (not recorded),,inferred: laptop Windows (native),
protocol_B.jsonl:469,B,inception,TwoPhase@k=8,0.379,,0,timeout,timeout after 1200.0 s (20-min limit),,,,,1200.0,60,1200,eff53cc4804cc7d6246a6e5086861ce2b846f62b,88453d8,unknown (not recorded),,inferred: laptop Windows (native),
protocol_B.jsonl:470,B,inception,DTR,0.386,4340705628,0,ok,ok,1.1421648404543547,986579316,1,12,7.07,60,1200,eff53cc4804cc7d6246a6e5086861ce2b846f62b,88453d8,unknown (not recorded),,inferred: laptop Windows (native),
protocol_B.jsonl:471,B,inception,NbhdPenalty@b=0.25,0.386,4340705628,0,ok,ok,1.1492024959538296,986579316,1,8,6.24,60,1200,eff53cc4804cc7d6246a6e5086861ce2b846f62b,88453d8,unknown (not recorded),,inferred: laptop Windows (native),
protocol_B.jsonl:472,B,inception,TwoPhase@k=8,0.381,,0,timeout,timeout after 1200.0 s (20-min limit),,,,,1200.0,60,1200,eff53cc4804cc7d6246a6e5086861ce2b846f62b,88453d8,unknown (not recorded),,inferred: laptop Windows (native),
protocol_B.jsonl:473,B,inception,DTR,0.387,4351950979,0,ok,ok,1.1417295118383102,986579316,1,12,6.54,60,1200,eff53cc4804cc7d6246a6e5086861ce2b846f62b,88453d8,unknown (not recorded),,inferred: laptop Windows (native),
protocol_B.jsonl:474,B,inception,NbhdPenalty@b=0.25,0.387,4351950979,0,ok,ok,1.1492024959538296,986579316,1,8,6.1,60,1200,eff53cc4804cc7d6246a6e5086861ce2b846f62b,88453d8,unknown (not recorded),,inferred: laptop Windows (native),
protocol_B.jsonl:475,B,inception,TwoPhase@k=8,0.384,4318214925,0,oom,"oom: evictable pool empty, pinned 4.28 GB at depth 231",,4291307380,223,236,934.49,60,1200,eff53cc4804cc7d6246a6e5086861ce2b846f62b,88453d8,unknown (not recorded),,inferred: laptop Windows (native),
protocol_B.jsonl:476,B,inception,DTR,0.388,4363196330,0,ok,ok,1.1417295118383102,986579316,1,12,6.82,60,1200,eff53cc4804cc7d6246a6e5086861ce2b846f62b,88453d8,unknown (not recorded),,inferred: laptop Windows (native),
protocol_B.jsonl:477,B,inception,NbhdPenalty@b=0.25,0.388,4363196330,0,ok,ok,1.148032685427068,986579316,1,8,6.3,60,1200,eff53cc4804cc7d6246a6e5086861ce2b846f62b,88453d8,unknown (not recorded),,inferred: laptop Windows (native),
protocol_B.jsonl:478,B,inception,TwoPhase@k=8,0.382,,0,timeout,timeout after 1200.0 s (20-min limit),,,,,1200.0,60,1200,eff53cc4804cc7d6246a6e5086861ce2b846f62b,88453d8,unknown (not recorded),,inferred: laptop Windows (native),
protocol_B.jsonl:479,B,inception,DTR,0.389,4374441682,0,ok,ok,1.1417295118383102,986579316,1,12,6.81,60,1200,eff53cc4804cc7d6246a6e5086861ce2b846f62b,88453d8,unknown (not recorded),,inferred: laptop Windows (native),
protocol_B.jsonl:480,B,inception,NbhdPenalty@b=0.25,0.389,4374441682,0,ok,ok,1.148032685427068,986579316,1,8,6.17,60,1200,eff53cc4804cc7d6246a6e5086861ce2b846f62b,88453d8,unknown (not recorded),,inferred: laptop Windows (native),
protocol_B.jsonl:481,B,inception,TwoPhase@k=8,0.383,,0,timeout,timeout after 1200.0 s (20-min limit),,,,,1200.0,60,1200,eff53cc4804cc7d6246a6e5086861ce2b846f62b,88453d8,unknown (not recorded),,inferred: laptop Windows (native),
protocol_B.jsonl:482,B,inception,DTR,0.401,4509385898,0,ok,ok,1.1305599473874848,986579316,1,8,6.54,60,1200,eff53cc4804cc7d6246a6e5086861ce2b846f62b,88453d8,unknown (not recorded),,inferred: laptop Windows (native),
protocol_B.jsonl:483,B,inception,NbhdPenalty@b=0.25,0.401,4509385898,0,ok,ok,1.1522798750072516,986579316,1,8,4.41,60,1200,eff53cc4804cc7d6246a6e5086861ce2b846f62b,88453d8,unknown (not recorded),,inferred: laptop Windows (native),
protocol_B.jsonl:484,B,inception,TwoPhase@k=8,0.401,,0,timeout,timeout after 27639.4 s (20-min limit),,,,,27639.4,60,1200,eff53cc4804cc7d6246a6e5086861ce2b846f62b,88453d8,unknown (not recorded),,inferred: laptop Windows (native),interrupted (host sleep/kill); rerun
protocol_B.jsonl:485,B,inception,TwoPhase@k=8,0.389,,0,timeout,timeout after 27703.0 s (20-min limit),,,,,27703.0,60,1200,eff53cc4804cc7d6246a6e5086861ce2b846f62b,88453d8,unknown (not recorded),,inferred: laptop Windows (native),interrupted (host sleep/kill); rerun
protocol_B.jsonl:486,B,inception,TwoPhase@k=8,0.388,,0,timeout,timeout after 27802.0 s (20-min limit),,,,,27802.0,60,1200,eff53cc4804cc7d6246a6e5086861ce2b846f62b,88453d8,unknown (not recorded),,inferred: laptop Windows (native),interrupted (host sleep/kill); rerun
protocol_B.jsonl:487,B,inception,TwoPhase@k=8,0.387,,0,timeout,timeout after 27851.4 s (20-min limit),,,,,27851.4,60,1200,eff53cc4804cc7d6246a6e5086861ce2b846f62b,88453d8,unknown (not recorded),,inferred: laptop Windows (native),interrupted (host sleep/kill); rerun
protocol_B.jsonl:488,B,inception,TwoPhase@k=8,0.386,,0,timeout,timeout after 27905.9 s (20-min limit),,,,,27905.9,60,1200,eff53cc4804cc7d6246a6e5086861ce2b846f62b,88453d8,unknown (not recorded),,inferred: laptop Windows (native),interrupted (host sleep/kill); rerun
protocol_B.jsonl:489,B,inception,TwoPhase@k=8,0.386,4340705628,0,oom,"oom: evictable pool empty, pinned 4.33 GB at depth 209",,4334773108,210,223,960.52,60,1200,eff53cc4804cc7d6246a6e5086861ce2b846f62b,0000000,unknown (not recorded),,inferred: laptop Windows (native),
protocol_B.jsonl:490,B,inception,DTR,0.402,4520631249,0,ok,ok,1.1283249050714663,986579316,1,8,7.35,60,1200,eff53cc4804cc7d6246a6e5086861ce2b846f62b,0000000,unknown (not recorded),,inferred: laptop Windows (native),
protocol_B.jsonl:491,B,inception,NbhdPenalty@b=0.25,0.402,4520631249,0,ok,ok,1.1522798750072516,986579316,1,8,4.27,60,1200,eff53cc4804cc7d6246a6e5086861ce2b846f62b,0000000,unknown (not recorded),,inferred: laptop Windows (native),
protocol_B.jsonl:492,B,inception,TwoPhase@k=8,0.389,4374441682,0,oom,"oom: evictable pool empty, pinned 4.37 GB at depth 203",,4369566068,203,219,1005.07,60,1200,eff53cc4804cc7d6246a6e5086861ce2b846f62b,0000000,unknown (not recorded),,inferred: laptop Windows (native),
protocol_B.jsonl:493,B,inception,DTR,0.403,4531876601,0,ok,ok,1.1278895764554218,986579316,1,8,6.5,60,1200,eff53cc4804cc7d6246a6e5086861ce2b846f62b,0000000,unknown (not recorded),,inferred: laptop Windows (native),
protocol_B.jsonl:494,B,inception,NbhdPenalty@b=0.25,0.403,4531876601,0,ok,ok,1.1518857622642704,986579316,1,8,5.64,60,1200,eff53cc4804cc7d6246a6e5086861ce2b846f62b,0000000,unknown (not recorded),,inferred: laptop Windows (native),
protocol_B.jsonl:495,B,inception,TwoPhase@k=8,0.401,,0,timeout,timeout after 1200.0 s (20-min limit),,,,,1200.0,60,1200,eff53cc4804cc7d6246a6e5086861ce2b846f62b,0000000,unknown (not recorded),,inferred: laptop Windows (native),
protocol_B.jsonl:496,B,inception,TwoPhase@k=8,0.387,,0,timeout,timeout after 1200.0 s (20-min limit),,,,,1200.0,60,1200,eff53cc4804cc7d6246a6e5086861ce2b846f62b,0000000,unknown (not recorded),,inferred: laptop Windows (native),
protocol_B.jsonl:497,B,inception,TwoPhase@k=8,0.385,,0,timeout,timeout after 1200.0 s (20-min limit),,,,,1200.0,60,1200,eff53cc4804cc7d6246a6e5086861ce2b846f62b,0000000,unknown (not recorded),,inferred: laptop Windows (native),
protocol_B.jsonl:498,B,inception,TwoPhase@k=8,0.388,,0,timeout,timeout after 1200.0 s (20-min limit),,,,,1200.0,60,1200,eff53cc4804cc7d6246a6e5086861ce2b846f62b,0000000,unknown (not recorded),,inferred: laptop Windows (native),
protocol_B.jsonl:499,B,inception,NbhdPenalty@b=0.25,0.404,4543121952,0,ok,ok,1.1513972714413245,986579316,1,8,6.9,60,1200,eff53cc4804cc7d6246a6e5086861ce2b846f62b,0000000,unknown (not recorded),,inferred: laptop Windows (native),
protocol_B.jsonl:500,B,inception,DTR,0.405,4554367304,0,ok,ok,1.1278895764554218,986579316,1,8,7.48,60,1200,eff53cc4804cc7d6246a6e5086861ce2b846f62b,0000000,unknown (not recorded),,inferred: laptop Windows (native),
protocol_B.jsonl:501,B,inception,DTR,0.404,4543121952,0,ok,ok,1.1278895764554218,986579316,1,8,8.07,60,1200,eff53cc4804cc7d6246a6e5086861ce2b846f62b,0000000,unknown (not recorded),,inferred: laptop Windows (native),
protocol_B.jsonl:502,B,inception,NbhdPenalty@b=0.25,0.405,4554367304,0,ok,ok,1.145204780957684,986579316,1,8,6.46,60,1200,eff53cc4804cc7d6246a6e5086861ce2b846f62b,0000000,unknown (not recorded),,inferred: laptop Windows (native),
protocol_B.jsonl:503,B,inception,DTR,0.406,4565612655,0,ok,ok,1.12538736553125,986579316,1,8,7.18,60,1200,eff53cc4804cc7d6246a6e5086861ce2b846f62b,0000000,unknown (not recorded),,inferred: laptop Windows (native),
protocol_B.jsonl:504,B,inception,NbhdPenalty@b=0.25,0.406,4565612655,0,ok,ok,1.1279361424885166,986579316,1,7,5.46,60,1200,eff53cc4804cc7d6246a6e5086861ce2b846f62b,0000000,unknown (not recorded),,inferred: laptop Windows (native),
protocol_B.jsonl:505,B,inception,DTR,0.407,4576858006,0,ok,ok,1.12538736553125,986579316,1,8,6.73,60,1200,eff53cc4804cc7d6246a6e5086861ce2b846f62b,0000000,unknown (not recorded),,inferred: laptop Windows (native),
protocol_B.jsonl:506,B,inception,NbhdPenalty@b=0.25,0.407,4576858006,0,ok,ok,1.1279361424885166,986579316,1,7,6.14,60,1200,eff53cc4804cc7d6246a6e5086861ce2b846f62b,0000000,unknown (not recorded),,inferred: laptop Windows (native),
protocol_B.jsonl:507,B,inception,TwoPhase@k=8,0.402,,0,timeout,timeout after 1200.0 s (20-min limit),,,,,1200.0,60,1200,eff53cc4804cc7d6246a6e5086861ce2b846f62b,0000000,unknown (not recorded),,inferred: laptop Windows (native),
protocol_B.jsonl:508,B,inception,DTR,0.408,4588103358,0,ok,ok,1.12538736553125,986579316,1,8,6.93,60,1200,eff53cc4804cc7d6246a6e5086861ce2b846f62b,0000000,unknown (not recorded),,inferred: laptop Windows (native),
protocol_B.jsonl:509,B,inception,NbhdPenalty@b=0.25,0.408,4588103358,0,ok,ok,1.1274495874650299,986579316,1,7,5.47,60,1200,eff53cc4804cc7d6246a6e5086861ce2b846f62b,0000000,unknown (not recorded),,inferred: laptop Windows (native),
protocol_B.jsonl:510,B,inception,TwoPhase@k=8,0.403,,0,timeout,timeout after 1200.0 s (20-min limit),,,,,1200.0,60,1200,eff53cc4804cc7d6246a6e5086861ce2b846f62b,0000000,unknown (not recorded),,inferred: laptop Windows (native),
protocol_B.jsonl:511,B,inception,DTR,0.409,4599348709,0,ok,ok,1.12538736553125,986579316,1,8,6.99,60,1200,eff53cc4804cc7d6246a6e5086861ce2b846f62b,0000000,unknown (not recorded),,inferred: laptop Windows (native),
protocol_B.jsonl:512,B,inception,NbhdPenalty@b=0.25,0.409,4599348709,0,ok,ok,1.1269507074326486,986579316,1,7,5.66,60,1200,eff53cc4804cc7d6246a6e5086861ce2b846f62b,0000000,unknown (not recorded),,inferred: laptop Windows (native),
protocol_B.jsonl:513,B,inception,TwoPhase@k=8,0.404,,0,timeout,timeout after 1200.0 s (20-min limit),,,,,1200.0,60,1200,eff53cc4804cc7d6246a6e5086861ce2b846f62b,0000000,unknown (not recorded),,inferred: laptop Windows (native),
protocol_B.jsonl:514,B,inception,TwoPhase@k=8,0.405,,0,timeout,timeout after 1200.0 s (20-min limit),,,,,1200.0,60,1200,eff53cc4804cc7d6246a6e5086861ce2b846f62b,0000000,unknown (not recorded),,inferred: laptop Windows (native),
protocol_B.jsonl:515,B,inception,DTR,0.411,4621839412,0,ok,ok,1.12538736553125,986579316,1,8,7.66,60,1200,eff53cc4804cc7d6246a6e5086861ce2b846f62b,0000000,unknown (not recorded),,inferred: laptop Windows (native),
protocol_B.jsonl:516,B,inception,NbhdPenalty@b=0.25,0.411,4621839412,0,ok,ok,1.126466594156207,986579316,1,7,6.41,60,1200,eff53cc4804cc7d6246a6e5086861ce2b846f62b,0000000,unknown (not recorded),,inferred: laptop Windows (native),
protocol_B.jsonl:517,B,inception,TwoPhase@k=8,0.406,,0,timeout,timeout after 1200.0 s (20-min limit),,,,,1200.0,60,1200,eff53cc4804cc7d6246a6e5086861ce2b846f62b,0000000,unknown (not recorded),,inferred: laptop Windows (native),
protocol_B.jsonl:518,B,inception,DTR,0.412,4633084763,0,ok,ok,1.1248857766366387,986579316,1,8,6.81,60,1200,eff53cc4804cc7d6246a6e5086861ce2b846f62b,0000000,unknown (not recorded),,inferred: laptop Windows (native),
protocol_B.jsonl:519,B,inception,NbhdPenalty@b=0.25,0.412,4633084763,0,ok,ok,1.1257714363145366,986579316,1,7,6.39,60,1200,eff53cc4804cc7d6246a6e5086861ce2b846f62b,0000000,unknown (not recorded),,inferred: laptop Windows (native),
protocol_B.jsonl:520,B,inception,DTR,0.413,4644330114,0,ok,ok,1.1249522270383667,986579316,1,8,7.44,60,1200,eff53cc4804cc7d6246a6e5086861ce2b846f62b,0000000,unknown (not recorded),,inferred: laptop Windows (native),
protocol_B.jsonl:521,B,inception,TwoPhase@k=8,0.407,,0,timeout,timeout after 1200.0 s (20-min limit),,,,,1200.0,60,1200,eff53cc4804cc7d6246a6e5086861ce2b846f62b,0000000,unknown (not recorded),,inferred: laptop Windows (native),
protocol_B.jsonl:522,B,inception,NbhdPenalty@b=0.25,0.413,4644330114,0,ok,ok,1.1278683078016234,986579316,1,7,5.83,60,1200,eff53cc4804cc7d6246a6e5086861ce2b846f62b,0000000,unknown (not recorded),,inferred: laptop Windows (native),
protocol_B.jsonl:523,B,inception,DTR,0.414,4655575466,0,ok,ok,1.12456363886592,986579316,1,8,7.86,60,1200,eff53cc4804cc7d6246a6e5086861ce2b846f62b,0000000,unknown (not recorded),,inferred: laptop Windows (native),
protocol_B.jsonl:524,B,inception,NbhdPenalty@b=0.25,0.414,4655575466,0,ok,ok,1.1255060495217946,986579316,1,7,6.09,60,1200,eff53cc4804cc7d6246a6e5086861ce2b846f62b,0000000,unknown (not recorded),,inferred: laptop Windows (native),
protocol_B.jsonl:525,B,inception,TwoPhase@k=8,0.408,,0,timeout,timeout after 1200.0 s (20-min limit),,,,,1200.0,60,1200,eff53cc4804cc7d6246a6e5086861ce2b846f62b,0000000,unknown (not recorded),,inferred: laptop Windows (native),
protocol_B.jsonl:526,B,inception,DTR,0.415,4666820817,0,ok,ok,1.1240620499713085,986579316,1,8,7.42,60,1200,eff53cc4804cc7d6246a6e5086861ce2b846f62b,0000000,unknown (not recorded),,inferred: laptop Windows (native),
protocol_B.jsonl:527,B,inception,NbhdPenalty@b=0.25,0.415,4666820817,0,ok,ok,1.1250175586988487,986579316,1,7,6.12,60,1200,eff53cc4804cc7d6246a6e5086861ce2b846f62b,0000000,unknown (not recorded),,inferred: laptop Windows (native),
protocol_B.jsonl:528,B,inception,TwoPhase@k=8,0.409,,0,timeout,timeout after 1200.0 s (20-min limit),,,,,1200.0,60,1200,eff53cc4804cc7d6246a6e5086861ce2b846f62b,0000000,unknown (not recorded),,inferred: laptop Windows (native),
protocol_B.jsonl:529,B,inception,DTR,0.416,4678066169,0,ok,ok,1.1187671812120619,986579316,1,8,7.57,60,1200,eff53cc4804cc7d6246a6e5086861ce2b846f62b,0000000,unknown (not recorded),,inferred: laptop Windows (native),
protocol_B.jsonl:530,B,inception,NbhdPenalty@b=0.25,0.416,4678066169,0,ok,ok,1.1250175586988487,986579316,1,7,6.12,60,1200,eff53cc4804cc7d6246a6e5086861ce2b846f62b,0000000,unknown (not recorded),,inferred: laptop Windows (native),
protocol_B.jsonl:531,B,inception,TwoPhase@k=8,0.411,,0,timeout,timeout after 1200.0 s (20-min limit),,,,,1200.0,60,1200,eff53cc4804cc7d6246a6e5086861ce2b846f62b,0000000,unknown (not recorded),,inferred: laptop Windows (native),
protocol_B.jsonl:532,B,inception,DTR,0.417,4689311520,0,ok,ok,1.1187671812120619,986579316,1,8,7.54,60,1200,eff53cc4804cc7d6246a6e5086861ce2b846f62b,0000000,unknown (not recorded),,inferred: laptop Windows (native),
protocol_B.jsonl:533,B,inception,TwoPhase@k=8,0.412,,0,timeout,timeout after 1200.0 s (20-min limit),,,,,1200.0,60,1200,eff53cc4804cc7d6246a6e5086861ce2b846f62b,0000000,unknown (not recorded),,inferred: laptop Windows (native),
protocol_B.jsonl:534,B,inception,NbhdPenalty@b=0.25,0.417,4689311520,0,ok,ok,1.1245865133533608,986579316,1,7,5.9,60,1200,eff53cc4804cc7d6246a6e5086861ce2b846f62b,0000000,unknown (not recorded),,inferred: laptop Windows (native),
protocol_B.jsonl:535,B,inception,DTR,0.418,4700556871,0,ok,ok,1.118332199845758,986579316,1,8,7.12,60,1200,eff53cc4804cc7d6246a6e5086861ce2b846f62b,0000000,unknown (not recorded),,inferred: laptop Windows (native),
protocol_B.jsonl:536,B,inception,TwoPhase@k=8,0.413,,0,timeout,timeout after 1200.0 s (20-min limit),,,,,1200.0,60,1200,eff53cc4804cc7d6246a6e5086861ce2b846f62b,0000000,unknown (not recorded),,inferred: laptop Windows (native),
protocol_B.jsonl:537,B,inception,NbhdPenalty@b=0.25,0.418,4700556871,0,ok,ok,1.1245865133533608,986579316,1,7,5.64,60,1200,eff53cc4804cc7d6246a6e5086861ce2b846f62b,0000000,unknown (not recorded),,inferred: laptop Windows (native),
protocol_B.jsonl:538,B,inception,DTR,0.419,4711802223,0,ok,ok,1.118332199845758,986579316,1,8,7.48,60,1200,eff53cc4804cc7d6246a6e5086861ce2b846f62b,0000000,unknown (not recorded),,inferred: laptop Windows (native),
protocol_B.jsonl:539,B,inception,NbhdPenalty@b=0.25,0.419,4711802223,0,ok,ok,1.124099958329874,986579316,1,7,5.99,60,1200,eff53cc4804cc7d6246a6e5086861ce2b846f62b,0000000,unknown (not recorded),,inferred: laptop Windows (native),
protocol_B.jsonl:540,B,inception,TwoPhase@k=8,0.414,,0,timeout,timeout after 1200.0 s (20-min limit),,,,,1200.0,60,1200,eff53cc4804cc7d6246a6e5086861ce2b846f62b,0000000,unknown (not recorded),,inferred: laptop Windows (native),
protocol_B.jsonl:541,B,inception,DTR,0.421,4734292925,0,ok,ok,1.118332199845758,986579316,1,8,7.6,60,1200,eff53cc4804cc7d6246a6e5086861ce2b846f62b,0000000,unknown (not recorded),,inferred: laptop Windows (native),
protocol_B.jsonl:542,B,inception,NbhdPenalty@b=0.25,0.421,4734292925,0,ok,ok,1.1236158450534324,986579316,1,7,6.62,60,1200,eff53cc4804cc7d6246a6e5086861ce2b846f62b,0000000,unknown (not recorded),,inferred: laptop Windows (native),
protocol_B.jsonl:543,B,inception,TwoPhase@k=8,0.421,4734292925,0,oom,"oom: evictable pool empty, pinned 4.73 GB at depth 205",,4731564660,205,217,933.33,60,1200,eff53cc4804cc7d6246a6e5086861ce2b846f62b,0000000,unknown (not recorded),,inferred: laptop Windows (native),
protocol_B.jsonl:544,B,inception,TwoPhase@k=8,0.415,,0,timeout,timeout after 1200.0 s (20-min limit),,,,,1200.0,60,1200,eff53cc4804cc7d6246a6e5086861ce2b846f62b,0000000,unknown (not recorded),,inferred: laptop Windows (native),
protocol_B.jsonl:545,B,inception,NbhdPenalty@b=0.25,0.422,4745538277,0,ok,ok,1.1236158450534324,986579316,1,7,6.0,60,1200,eff53cc4804cc7d6246a6e5086861ce2b846f62b,0000000,unknown (not recorded),,inferred: laptop Windows (native),
protocol_B.jsonl:546,B,inception,DTR,0.422,4745538277,0,ok,ok,1.118332199845758,986579316,1,8,7.43,60,1200,eff53cc4804cc7d6246a6e5086861ce2b846f62b,0000000,unknown (not recorded),,inferred: laptop Windows (native),
protocol_B.jsonl:547,B,inception,DTR,0.423,4756783628,0,ok,ok,1.118332199845758,986579316,1,8,7.6,60,1200,eff53cc4804cc7d6246a6e5086861ce2b846f62b,0000000,unknown (not recorded),,inferred: laptop Windows (native),
protocol_B.jsonl:548,B,inception,NbhdPenalty@b=0.25,0.423,4756783628,0,ok,ok,1.122920687211762,986579316,1,7,6.29,60,1200,eff53cc4804cc7d6246a6e5086861ce2b846f62b,0000000,unknown (not recorded),,inferred: laptop Windows (native),
protocol_B.jsonl:549,B,inception,TwoPhase@k=8,0.416,,0,timeout,timeout after 1200.0 s (20-min limit),,,,,1200.0,60,1200,eff53cc4804cc7d6246a6e5086861ce2b846f62b,0000000,unknown (not recorded),,inferred: laptop Windows (native),
protocol_B.jsonl:550,B,inception,DTR,0.424,4768028980,0,ok,ok,1.11730951950549,986579316,1,8,7.61,60,1200,eff53cc4804cc7d6246a6e5086861ce2b846f62b,0000000,unknown (not recorded),,inferred: laptop Windows (native),
protocol_B.jsonl:551,B,inception,NbhdPenalty@b=0.25,0.424,4768028980,0,ok,ok,1.122920687211762,986579316,1,7,6.02,60,1200,eff53cc4804cc7d6246a6e5086861ce2b846f62b,0000000,unknown (not recorded),,inferred: laptop Windows (native),
protocol_B.jsonl:552,B,inception,TwoPhase@k=8,0.417,4689311520,0,oom,"oom: evictable pool empty, pinned 4.68 GB at depth 207",,4684520564,208,213,1111.48,60,1200,eff53cc4804cc7d6246a6e5086861ce2b846f62b,0000000,unknown (not recorded),,inferred: laptop Windows (native),
protocol_B.jsonl:553,B,inception,DTR,0.425,4779274331,0,ok,ok,1.1160388934228025,986579316,1,8,7.47,60,1200,eff53cc4804cc7d6246a6e5086861ce2b846f62b,0000000,unknown (not recorded),,inferred: laptop Windows (native),
protocol_B.jsonl:554,B,inception,NbhdPenalty@b=0.25,0.425,4779274331,0,ok,ok,1.122479834025183,986579316,1,7,6.4,60,1200,eff53cc4804cc7d6246a6e5086861ce2b846f62b,0000000,unknown (not recorded),,inferred: laptop Windows (native),
protocol_B.jsonl:555,B,inception,TwoPhase@k=8,0.418,4700556871,0,oom,"oom: evictable pool empty, pinned 4.68 GB at depth 210",,4684520564,208,213,1191.38,60,1200,eff53cc4804cc7d6246a6e5086861ce2b846f62b,0000000,unknown (not recorded),,inferred: laptop Windows (native),
protocol_B.jsonl:556,B,inception,DTR,0.426,4790519682,0,ok,ok,1.1156483380255808,986579316,1,8,7.27,60,1200,eff53cc4804cc7d6246a6e5086861ce2b846f62b,0000000,unknown (not recorded),,inferred: laptop Windows (native),
protocol_B.jsonl:557,B,inception,NbhdPenalty@b=0.25,0.426,4790519682,0,ok,ok,1.120388928634319,986579316,1,7,6.26,60,1200,eff53cc4804cc7d6246a6e5086861ce2b846f62b,0000000,unknown (not recorded),,inferred: laptop Windows (native),
protocol_B.jsonl:558,B,inception,TwoPhase@k=8,0.419,,0,timeout,timeout after 1200.0 s (20-min limit),,,,,1200.0,60,1200,eff53cc4804cc7d6246a6e5086861ce2b846f62b,0000000,unknown (not recorded),,inferred: laptop Windows (native),
protocol_B.jsonl:559,B,inception,DTR,0.427,4801765034,0,ok,ok,1.1152095793363062,986579316,1,8,7.42,60,1200,eff53cc4804cc7d6246a6e5086861ce2b846f62b,0000000,unknown (not recorded),,inferred: laptop Windows (native),
protocol_B.jsonl:560,B,inception,NbhdPenalty@b=0.25,0.427,4801765034,0,ok,ok,1.120388928634319,986579316,1,7,6.09,60,1200,eff53cc4804cc7d6246a6e5086861ce2b846f62b,0000000,unknown (not recorded),,inferred: laptop Windows (native),
protocol_B.jsonl:561,B,inception,TwoPhase@k=8,0.424,4768028980,0,oom,"oom: evictable pool empty, pinned 4.75 GB at depth 162",,4754902644,160,181,647.77,60,1200,eff53cc4804cc7d6246a6e5086861ce2b846f62b,0000000,unknown (not recorded),,inferred: laptop Windows (native),
protocol_B.jsonl:562,B,inception,DTR,0.428,4813010385,0,ok,ok,1.1152095793363062,986579316,1,8,7.0,60,1200,eff53cc4804cc7d6246a6e5086861ce2b846f62b,0000000,unknown (not recorded),,inferred: laptop Windows (native),
protocol_B.jsonl:563,B,inception,NbhdPenalty@b=0.25,0.428,4813010385,0,ok,ok,1.1199523885723466,986579316,1,7,6.13,60,1200,eff53cc4804cc7d6246a6e5086861ce2b846f62b,0000000,unknown (not recorded),,inferred: laptop Windows (native),
protocol_B.jsonl:564,B,inception,TwoPhase@k=8,0.423,4756783628,0,ok,ok,7.610777889369598,4066784628,124,183,722.19,60,1200,eff53cc4804cc7d6246a6e5086861ce2b846f62b,0000000,unknown (not recorded),,inferred: laptop Windows (native),
protocol_B.jsonl:565,B,inception,DTR,0.429,4824255736,0,ok,ok,1.1146471148910069,986579316,1,8,7.34,60,1200,eff53cc4804cc7d6246a6e5086861ce2b846f62b,0000000,unknown (not recorded),,inferred: laptop Windows (native),
protocol_B.jsonl:566,B,inception,NbhdPenalty@b=0.25,0.429,4824255736,0,ok,ok,1.1199523885723466,986579316,1,7,5.98,60,1200,eff53cc4804cc7d6246a6e5086861ce2b846f62b,0000000,unknown (not recorded),,inferred: laptop Windows (native),
protocol_B.jsonl:567,B,inception,TwoPhase@k=8,0.422,4745538277,0,oom,"oom: evictable pool empty, pinned 4.71 GB at depth 173",,4713401204,161,187,821.27,60,1200,eff53cc4804cc7d6246a6e5086861ce2b846f62b,0000000,unknown (not recorded),,inferred: laptop Windows (native),
protocol_B.jsonl:568,B,inception,DTR,0.431,4846746439,0,ok,ok,1.115231036542,986579316,1,8,7.25,60,1200,eff53cc4804cc7d6246a6e5086861ce2b846f62b,0000000,unknown (not recorded),,inferred: laptop Windows (native),
protocol_B.jsonl:569,B,inception,TwoPhase@k=8,0.425,4779274331,0,ok,ok,7.677090355958497,4204922740,129,181,693.09,60,1200,eff53cc4804cc7d6246a6e5086861ce2b846f62b,0000000,unknown (not recorded),,inferred: laptop Windows (native),
protocol_B.jsonl:570,B,inception,NbhdPenalty@b=0.25,0.431,4846746439,0,ok,ok,1.1195301595992333,986579316,1,6,5.63,60,1200,eff53cc4804cc7d6246a6e5086861ce2b846f62b,0000000,unknown (not recorded),,inferred: laptop Windows (native),
protocol_B.jsonl:571,B,inception,TwoPhase@k=8,0.431,4846746439,0,ok,ok,1.227277774107039,986579316,1,13,1.59,60,1200,eff53cc4804cc7d6246a6e5086861ce2b846f62b,0000000,unknown (not recorded),,inferred: laptop Windows (native),
protocol_B.jsonl:572,B,inception,DTR,0.432,4857991790,0,ok,ok,1.115231036542,986579316,1,8,6.39,60,1200,eff53cc4804cc7d6246a6e5086861ce2b846f62b,0000000,unknown (not recorded),,inferred: laptop Windows (native),
protocol_B.jsonl:573,B,inception,NbhdPenalty@b=0.25,0.432,4857991790,0,ok,ok,1.1190460463227918,986579316,1,6,5.94,60,1200,eff53cc4804cc7d6246a6e5086861ce2b846f62b,0000000,unknown (not recorded),,inferred: laptop Windows (native),
protocol_B.jsonl:574,B,inception,DTR,0.433,4869237142,0,ok,ok,1.115231036542,986579316,1,8,7.28,60,1200,eff53cc4804cc7d6246a6e5086861ce2b846f62b,0000000,unknown (not recorded),,inferred: laptop Windows (native),
protocol_B.jsonl:575,B,inception,NbhdPenalty@b=0.25,0.433,4869237142,0,ok,ok,1.1190460463227918,986579316,1,6,5.69,60,1200,eff53cc4804cc7d6246a6e5086861ce2b846f62b,0000000,unknown (not recorded),,inferred: laptop Windows (native),
protocol_B.jsonl:576,B,inception,TwoPhase@k=8,0.427,4801765034,0,ok,ok,6.057699892101649,4133076340,121,181,603.42,60,1200,eff53cc4804cc7d6246a6e5086861ce2b846f62b,0000000,unknown (not recorded),,inferred: laptop Windows (native),
protocol_B.jsonl:577,B,inception,DTR,0.434,4880482493,0,ok,ok,1.115231036542,986579316,1,8,7.44,60,1200,eff53cc4804cc7d6246a6e5086861ce2b846f62b,0000000,unknown (not recorded),,inferred: laptop Windows (native),
protocol_B.jsonl:578,B,inception,NbhdPenalty@b=0.25,0.434,4880482493,0,ok,ok,1.1183508884811213,986579316,1,6,5.71,60,1200,eff53cc4804cc7d6246a6e5086861ce2b846f62b,0000000,unknown (not recorded),,inferred: laptop Windows (native),
protocol_B.jsonl:579,B,inception,TwoPhase@k=8,0.426,4790519682,0,oom,"oom: evictable pool empty, pinned 4.79 GB at depth 193",,4789634676,193,197,843.45,60,1200,eff53cc4804cc7d6246a6e5086861ce2b846f62b,0000000,unknown (not recorded),,inferred: laptop Windows (native),
protocol_B.jsonl:580,B,inception,DTR,0.435,4891727845,0,ok,ok,1.115231036542,986579316,1,8,8.16,60,1200,eff53cc4804cc7d6246a6e5086861ce2b846f62b,0000000,unknown (not recorded),,inferred: laptop Windows (native),
protocol_B.jsonl:581,B,inception,NbhdPenalty@b=0.25,0.435,4891727845,0,ok,ok,1.1183508884811213,986579316,1,6,5.66,60,1200,eff53cc4804cc7d6246a6e5086861ce2b846f62b,0000000,unknown (not recorded),,inferred: laptop Windows (native),
protocol_B.jsonl:582,B,inception,TwoPhase@k=8,0.428,4813010385,0,oom,"oom: evictable pool empty, pinned 4.81 GB at depth 169",,4812641908,169,183,561.69,60,1200,eff53cc4804cc7d6246a6e5086861ce2b846f62b,0000000,unknown (not recorded),,inferred: laptop Windows (native),
protocol_B.jsonl:583,B,inception,DTR,0.436,4902973196,0,ok,ok,1.115231036542,986579316,1,8,7.04,60,1200,eff53cc4804cc7d6246a6e5086861ce2b846f62b,0000000,unknown (not recorded),,inferred: laptop Windows (native),
protocol_B.jsonl:584,B,inception,NbhdPenalty@b=0.25,0.436,4902973196,0,ok,ok,1.1179100352945421,986579316,1,6,5.65,60,1200,eff53cc4804cc7d6246a6e5086861ce2b846f62b,0000000,unknown (not recorded),,inferred: laptop Windows (native),
protocol_B.jsonl:585,B,inception,TwoPhase@k=8,0.429,4824255736,0,oom,"oom: evictable pool empty, pinned 4.79 GB at depth 182",,4794461556,170,192,815.1,60,1200,eff53cc4804cc7d6246a6e5086861ce2b846f62b,0000000,unknown (not recorded),,inferred: laptop Windows (native),
protocol_D.jsonl:1,D,inception,DTR,0.2343,2634785825,1,ok,ok,1.4708777048776966,986579316,1,30,86.29,60,1200,eff53cc4804cc7d6246a6e5086861ce2b846f62b,861d683,unknown (not recorded),,inferred: laptop Windows (native),
protocol_D.jsonl:2,D,inception,DTR,0.2343,2634785825,0,ok,ok,1.4708777048776966,986579316,1,30,87.94,60,1200,eff53cc4804cc7d6246a6e5086861ce2b846f62b,861d683,unknown (not recorded),,inferred: laptop Windows (native),
protocol_D.jsonl:3,D,inception,DTR,0.2343,2634785825,2,ok,ok,1.4708777048776966,986579316,1,30,116.09,60,1200,eff53cc4804cc7d6246a6e5086861ce2b846f62b,861d683,unknown (not recorded),,inferred: laptop Windows (native),
protocol_D.jsonl:4,D,inception,DTR,0.2423,2724748636,0,oom,"oom: evictable pool empty, pinned 2.72 GB at depth 172",,2715854196,170,190,1189.92,60,1200,eff53cc4804cc7d6246a6e5086861ce2b846f62b,861d683,unknown (not recorded),,inferred: laptop Windows (native),
protocol_D.jsonl:5,D,inception,DTR,0.2423,2724748636,1,oom,"oom: evictable pool empty, pinned 2.72 GB at depth 172",,2715854196,170,190,1187.21,60,1200,eff53cc4804cc7d6246a6e5086861ce2b846f62b,861d683,unknown (not recorded),,inferred: laptop Windows (native),
protocol_D.jsonl:6,D,inception,DTR,0.248,2788847139,0,ok,ok,1.3657052598787127,986579316,1,34,88.9,60,1200,eff53cc4804cc7d6246a6e5086861ce2b846f62b,861d683,unknown (not recorded),,inferred: laptop Windows (native),
protocol_D.jsonl:7,D,inception,DTR,0.248,2788847139,1,ok,ok,1.3657052598787127,986579316,1,34,90.41,60,1200,eff53cc4804cc7d6246a6e5086861ce2b846f62b,861d683,unknown (not recorded),,inferred: laptop Windows (native),
protocol_D.jsonl:8,D,inception,DTR,0.248,2788847139,2,ok,ok,1.3657052598787127,986579316,1,34,100.0,60,1200,eff53cc4804cc7d6246a6e5086861ce2b846f62b,861d683,unknown (not recorded),,inferred: laptop Windows (native),
protocol_D.jsonl:9,D,inception,DTR,0.2523,2837202150,0,ok,ok,1.377909518568073,986579316,1,34,92.89,60,1200,eff53cc4804cc7d6246a6e5086861ce2b846f62b,861d683,unknown (not recorded),,inferred: laptop Windows (native),
protocol_D.jsonl:10,D,inception,DTR,0.2523,2837202150,1,ok,ok,1.377909518568073,986579316,1,34,92.98,60,1200,eff53cc4804cc7d6246a6e5086861ce2b846f62b,861d683,unknown (not recorded),,inferred: laptop Windows (native),
protocol_D.jsonl:11,D,inception,DTR,0.2523,2837202150,2,ok,ok,1.377909518568073,986579316,1,34,98.18,60,1200,eff53cc4804cc7d6246a6e5086861ce2b846f62b,861d683,unknown (not recorded),,inferred: laptop Windows (native),
protocol_D.jsonl:12,D,inception,DTR,0.2423,,2,timeout,timeout after 1200.0 s (20-min limit),,,,,1200.0,60,1200,eff53cc4804cc7d6246a6e5086861ce2b846f62b,861d683,unknown (not recorded),,inferred: laptop Windows (native),
protocol_D.jsonl:13,D,inception,DTR,0.2527,2841700290,0,oom,"oom: evictable pool empty, pinned 2.82 GB at depth 195",,2822015868,199,208,1131.99,60,1200,eff53cc4804cc7d6246a6e5086861ce2b846f62b,861d683,unknown (not recorded),,inferred: laptop Windows (native),
protocol_D.jsonl:14,D,inception,DTR,0.2527,2841700290,1,oom,"oom: evictable pool empty, pinned 2.82 GB at depth 195",,2822015868,199,208,1028.58,60,1200,eff53cc4804cc7d6246a6e5086861ce2b846f62b,861d683,unknown (not recorded),,inferred: laptop Windows (native),
protocol_D.jsonl:15,D,inception,DTR,0.26,2923791355,0,ok,ok,1.3588042825056645,986579316,1,34,51.39,60,1200,eff53cc4804cc7d6246a6e5086861ce2b846f62b,861d683,unknown (not recorded),,inferred: laptop Windows (native),
protocol_D.jsonl:16,D,inception,DTR,0.26,2923791355,1,ok,ok,1.3588042825056645,986579316,1,34,52.76,60,1200,eff53cc4804cc7d6246a6e5086861ce2b846f62b,861d683,unknown (not recorded),,inferred: laptop Windows (native),
protocol_D.jsonl:17,D,inception,DTR,0.26,2923791355,2,ok,ok,1.3588042825056645,986579316,1,34,51.27,60,1200,eff53cc4804cc7d6246a6e5086861ce2b846f62b,861d683,unknown (not recorded),,inferred: laptop Windows (native),
protocol_D.jsonl:18,D,inception,DTRStock,0.2343,2634785825,0,ok,ok,1.4708777048776966,,,,54.43,60,1200,eff53cc4804cc7d6246a6e5086861ce2b846f62b,861d683,unknown (not recorded),,inferred: laptop Windows (native),
protocol_D.jsonl:19,D,inception,DTR,0.2527,2841700290,2,oom,"oom: evictable pool empty, pinned 2.82 GB at depth 195",,2822015868,199,208,779.26,60,1200,eff53cc4804cc7d6246a6e5086861ce2b846f62b,861d683,unknown (not recorded),,inferred: laptop Windows (native),
protocol_D.jsonl:20,D,inception,DTRStock,0.248,2788847139,0,ok,ok,1.3657052598787127,,,,92.39,60,1200,eff53cc4804cc7d6246a6e5086861ce2b846f62b,861d683,unknown (not recorded),,inferred: laptop Windows (native),
protocol_D.jsonl:21,D,inception,DTRStock,0.2523,2837202150,0,ok,ok,1.377909518568073,,,,95.74,60,1200,eff53cc4804cc7d6246a6e5086861ce2b846f62b,861d683,unknown (not recorded),,inferred: laptop Windows (native),
protocol_D.jsonl:22,D,inception,DTRStock,0.2423,,0,timeout,timeout after 7091.1 s (20-min limit),,,,,7091.1,60,1200,eff53cc4804cc7d6246a6e5086861ce2b846f62b,861d683,unknown (not recorded),,inferred: laptop Windows (native),interrupted (host sleep/kill); rerun
protocol_D.jsonl:23,D,inception,DTRStock,0.26,2923791355,0,ok,ok,1.3588042825056645,,,,134.41,60,1200,eff53cc4804cc7d6246a6e5086861ce2b846f62b,861d683,unknown (not recorded),,inferred: laptop Windows (native),
protocol_D.jsonl:24,D,inception,DTR,0.2524,2838326685,0,ok,ok,1.377909518568073,986579316,1,34,121.36,60,1200,eff53cc4804cc7d6246a6e5086861ce2b846f62b,861d683,unknown (not recorded),,inferred: laptop Windows (native),
protocol_D.jsonl:25,D,inception,DTRStock,0.2527,,0,timeout,timeout after 7091.2 s (20-min limit),,,,,7091.2,60,1200,eff53cc4804cc7d6246a6e5086861ce2b846f62b,861d683,unknown (not recorded),,inferred: laptop Windows (native),interrupted (host sleep/kill); rerun
protocol_D.jsonl:26,D,inception,DTR,0.2526,2840575755,0,oom,"oom: evictable pool empty, pinned 2.82 GB at depth 195",,2817821564,201,208,1035.28,60,1200,eff53cc4804cc7d6246a6e5086861ce2b846f62b,861d683,unknown (not recorded),,inferred: laptop Windows (native),
protocol_D.jsonl:27,D,inception,DTR,0.2525,,0,timeout,timeout after 1200.0 s (20-min limit),,,,,1200.0,60,1200,eff53cc4804cc7d6246a6e5086861ce2b846f62b,5209c39,unknown (not recorded),,inferred: laptop Windows (native),
protocol_D.jsonl:28,D,inception,DTR,0.2528,,0,timeout,timeout after 1200.0 s (20-min limit),,,,,1200.0,60,1200,eff53cc4804cc7d6246a6e5086861ce2b846f62b,5209c39,unknown (not recorded),,inferred: laptop Windows (native),
protocol_D.jsonl:29,D,inception,DTR,0.2529,,0,timeout,timeout after 1200.0 s (20-min limit),,,,,1200.0,60,1200,eff53cc4804cc7d6246a6e5086861ce2b846f62b,5209c39,unknown (not recorded),,inferred: laptop Windows (native),
protocol_D.jsonl:30,D,inception,DTR,0.2405,2704507004,0,oom,"oom: evictable pool empty, pinned 2.70 GB at depth 174",,2700124532,174,193,1076.58,60,1200,eff53cc4804cc7d6246a6e5086861ce2b846f62b,5209c39,unknown (not recorded),,inferred: laptop Windows (native),
protocol_D.jsonl:31,D,inception,DTR,0.253,,0,timeout,timeout after 1200.0 s (20-min limit),,,,,1200.0,60,1200,eff53cc4804cc7d6246a6e5086861ce2b846f62b,5209c39,unknown (not recorded),,inferred: laptop Windows (native),
protocol_D.jsonl:32,D,inception,DTR,0.241,,0,timeout,timeout after 1200.0 s (20-min limit),,,,,1200.0,60,1200,eff53cc4804cc7d6246a6e5086861ce2b846f62b,5209c39,unknown (not recorded),,inferred: laptop Windows (native),
protocol_D.jsonl:33,D,inception,DTR,0.2415,,0,timeout,timeout after 1200.0 s (20-min limit),,,,,1200.0,60,1200,eff53cc4804cc7d6246a6e5086861ce2b846f62b,5209c39,unknown (not recorded),,inferred: laptop Windows (native),
protocol_D.jsonl:34,D,inception,DTR,0.2425,2726997706,0,oom,"oom: evictable pool empty, pinned 2.71 GB at depth 190",,2710158716,188,193,956.51,60,1200,eff53cc4804cc7d6246a6e5086861ce2b846f62b,5209c39,unknown (not recorded),,inferred: laptop Windows (native),
protocol_D.jsonl:35,D,inception,DTR,0.242,2721375031,0,oom,"oom: evictable pool empty, pinned 2.72 GB at depth 169",,2715853172,170,190,1060.03,60,1200,eff53cc4804cc7d6246a6e5086861ce2b846f62b,5209c39,unknown (not recorded),,inferred: laptop Windows (native),
protocol_D.jsonl:36,D,inception,DTR,0.243,2732620382,0,ok,ok,1.4514229470242976,986579316,1,34,86.34,60,1200,eff53cc4804cc7d6246a6e5086861ce2b846f62b,5209c39,unknown (not recorded),,inferred: laptop Windows (native),
protocol_D.jsonl:37,D,inception,DTR,0.244,2743865733,0,ok,ok,1.3850565624496503,986579316,1,34,96.15,60,1200,eff53cc4804cc7d6246a6e5086861ce2b846f62b,5209c39,unknown (not recorded),,inferred: laptop Windows (native),
protocol_D.jsonl:38,D,inception,DTR,0.2435,,0,timeout,timeout after 1200.0 s (20-min limit),,,,,1200.0,60,1200,eff53cc4804cc7d6246a6e5086861ce2b846f62b,5209c39,unknown (not recorded),,inferred: laptop Windows (native),
protocol_D.jsonl:39,D,inception,DTRStock,0.2527,,0,timeout,timeout after 1200.0 s (20-min limit),,,,,1200.0,60,1200,eff53cc4804cc7d6246a6e5086861ce2b846f62b,df2def3,unknown (not recorded),,inferred: laptop Windows (native),
protocol_D.jsonl:40,D,inception,DTRStock,0.2423,,0,timeout,timeout after 1200.0 s (20-min limit),,,,,1200.0,60,1200,eff53cc4804cc7d6246a6e5086861ce2b846f62b,df2def3,unknown (not recorded),,inferred: laptop Windows (native),
protocol_D_cloud.jsonl:1,D,inception,DTRStock,0.2527,2841700290,0,oom,oom: evictable pool empty,,,,,871.08,60,1200,eff53cc4804cc7d6246a6e5086861ce2b846f62b,a167f8e,unknown (not recorded),,inferred: cloud container (2 vCPU),
protocol_D_cloud.jsonl:2,D,inception,DTRStock,0.2423,2724748636,0,oom,oom: evictable pool empty,,,,,918.63,60,1200,eff53cc4804cc7d6246a6e5086861ce2b846f62b,a167f8e,unknown (not recorded),,inferred: cloud container (2 vCPU),
protocol_E.jsonl:1,E,inception,DTR,0.209,2350278435,1,ok,ok,4.9124083725582945,1926802880,96,125,828.85,60,1200,eff53cc4804cc7d6246a6e5086861ce2b846f62b,b7ebddd,unknown (not recorded),,inferred: cloud container (2 vCPU),
protocol_E.jsonl:2,E,inception,DTR,0.209,2350278435,0,ok,ok,4.9124083725582945,1926802880,96,125,833.18,60,1200,eff53cc4804cc7d6246a6e5086861ce2b846f62b,b7ebddd,unknown (not recorded),,inferred: cloud container (2 vCPU),
protocol_E.jsonl:3,E,inception,DTR,0.209,2350278435,2,ok,ok,4.9124083725582945,1926802880,96,125,839.85,60,1200,eff53cc4804cc7d6246a6e5086861ce2b846f62b,b7ebddd,unknown (not recorded),,inferred: cloud container (2 vCPU),
protocol_E.jsonl:4,E,inception,DTR,0.212,2384014490,0,oom,"oom: evictable pool empty, pinned 2.25 GB at depth 163",,2251960768,164,164,1023.42,60,1200,eff53cc4804cc7d6246a6e5086861ce2b846f62b,b7ebddd,unknown (not recorded),,inferred: cloud container (2 vCPU),
protocol_E.jsonl:5,E,inception,DTR,0.212,2384014490,1,oom,"oom: evictable pool empty, pinned 2.25 GB at depth 163",,2251960768,164,164,1061.16,60,1200,eff53cc4804cc7d6246a6e5086861ce2b846f62b,b7ebddd,unknown (not recorded),,inferred: cloud container (2 vCPU),
protocol_E.jsonl:6,E,inception,DTR,0.212,2384014490,2,oom,"oom: evictable pool empty, pinned 2.25 GB at depth 163",,2251960768,164,164,1050.23,60,1200,eff53cc4804cc7d6246a6e5086861ce2b846f62b,0b5e250,unknown (not recorded),,inferred: cloud container (2 vCPU),
protocol_E.jsonl:7,E,inception,DTR,0.222,2496468003,0,oom,"oom: evictable pool empty, pinned 2.36 GB at depth 163",,2359521728,164,164,942.12,60,1200,eff53cc4804cc7d6246a6e5086861ce2b846f62b,0b5e250,unknown (not recorded),,inferred: cloud container (2 vCPU),
protocol_E.jsonl:8,E,inception,DTR,0.222,2496468003,1,oom,"oom: evictable pool empty, pinned 2.36 GB at depth 163",,2359521728,164,164,936.13,60,1200,eff53cc4804cc7d6246a6e5086861ce2b846f62b,0b5e250,unknown (not recorded),,inferred: cloud container (2 vCPU),
protocol_E.jsonl:9,E,inception,DTR,0.223,2507713355,0,ok,ok,2.5747171963937108,1048732096,47,75,282.68,60,1200,eff53cc4804cc7d6246a6e5086861ce2b846f62b,0b5e250,unknown (not recorded),,inferred: cloud container (2 vCPU),
protocol_E.jsonl:10,E,inception,DTR,0.223,2507713355,1,ok,ok,2.5747171963937108,1048732096,47,75,279.98,60,1200,eff53cc4804cc7d6246a6e5086861ce2b846f62b,0b5e250,unknown (not recorded),,inferred: cloud container (2 vCPU),
protocol_E.jsonl:11,E,inception,DTR,0.222,2496468003,2,oom,"oom: evictable pool empty, pinned 2.36 GB at depth 163",,2359521728,164,164,950.61,60,1200,eff53cc4804cc7d6246a6e5086861ce2b846f62b,0b5e250,unknown (not recorded),,inferred: cloud container (2 vCPU),
protocol_E.jsonl:12,E,inception,DTR,0.223,2507713355,2,ok,ok,2.5747171963937108,1048732096,47,75,277.31,60,1200,eff53cc4804cc7d6246a6e5086861ce2b846f62b,0b5e250,unknown (not recorded),,inferred: cloud container (2 vCPU),
protocol_E.jsonl:13,E,inception,DTR,0.235,2642657571,0,oom,"oom: evictable pool empty, pinned 2.63 GB at depth 187",,2634399100,188,193,928.76,60,1200,eff53cc4804cc7d6246a6e5086861ce2b846f62b,066cfb3,unknown (not recorded),,inferred: cloud container (2 vCPU),
protocol_E.jsonl:14,E,inception,DTR,0.235,2642657571,1,oom,"oom: evictable pool empty, pinned 2.63 GB at depth 187",,2634399100,188,193,938.87,60,1200,eff53cc4804cc7d6246a6e5086861ce2b846f62b,066cfb3,unknown (not recorded),,inferred: cloud container (2 vCPU),
protocol_E.jsonl:15,E,inception,DTRStock,0.209,2350278435,0,ok,ok,4.9124083725582945,,,,815.03,60,1200,eff53cc4804cc7d6246a6e5086861ce2b846f62b,a080643,unknown (not recorded),,inferred: cloud container (2 vCPU),
protocol_E.jsonl:16,E,inception,DTR,0.235,2642657571,2,oom,"oom: evictable pool empty, pinned 2.63 GB at depth 187",,2634399100,188,193,942.42,60,1200,eff53cc4804cc7d6246a6e5086861ce2b846f62b,a080643,unknown (not recorded),,inferred: cloud container (2 vCPU),
protocol_E.jsonl:17,E,inception,DTRStock,0.222,2496468003,0,oom,oom: evictable pool empty,,,,,922.99,60,1200,eff53cc4804cc7d6246a6e5086861ce2b846f62b,d098dea,unknown (not recorded),,inferred: cloud container (2 vCPU),
protocol_E.jsonl:18,E,inception,DTRStock,0.212,2384014490,0,oom,oom: evictable pool empty,,,,,1048.98,60,1200,eff53cc4804cc7d6246a6e5086861ce2b846f62b,d098dea,unknown (not recorded),,inferred: cloud container (2 vCPU),
protocol_E.jsonl:19,E,inception,DTRStock,0.223,2507713355,0,ok,ok,2.5747171963937108,,,,273.67,60,1200,eff53cc4804cc7d6246a6e5086861ce2b846f62b,d098dea,unknown (not recorded),,inferred: cloud container (2 vCPU),
protocol_E.jsonl:20,E,inception,DTRStock,0.235,2642657571,0,oom,oom: evictable pool empty,,,,,1019.51,60,1200,eff53cc4804cc7d6246a6e5086861ce2b846f62b,d098dea,unknown (not recorded),,inferred: cloud container (2 vCPU),
protocol_E_void_oversubscribed.jsonl:1,E,inception,DTR,0.209,,0,timeout,timeout after 1200.1 s (20-min limit),,,,,1200.1,60,1200,eff53cc4804cc7d6246a6e5086861ce2b846f62b,e197e43,unknown (not recorded),,"inferred: cloud container, 2.5x oversubscribed",void: execution artefact (duplicate launcher)
protocol_E_void_oversubscribed.jsonl:2,E,inception,DTR,0.209,,1,timeout,timeout after 1200.1 s (20-min limit),,,,,1200.1,60,1200,eff53cc4804cc7d6246a6e5086861ce2b846f62b,e197e43,unknown (not recorded),,"inferred: cloud container, 2.5x oversubscribed",void: execution artefact (duplicate launcher)
protocol_E_void_oversubscribed.jsonl:3,E,inception,DTR,0.209,,1,timeout,timeout after 1200.1 s (20-min limit),,,,,1200.1,60,1200,eff53cc4804cc7d6246a6e5086861ce2b846f62b,e197e43,unknown (not recorded),,"inferred: cloud container, 2.5x oversubscribed",void: execution artefact (duplicate launcher)
protocol_E_void_oversubscribed.jsonl:4,E,inception,DTR,0.209,,0,timeout,timeout after 1200.1 s (20-min limit),,,,,1200.1,60,1200,eff53cc4804cc7d6246a6e5086861ce2b846f62b,e197e43,unknown (not recorded),,"inferred: cloud container, 2.5x oversubscribed",void: execution artefact (duplicate launcher)
