trace,policy,budget_ratio,valid_runs,resolved_runs,statuses,resolved_agree,overheads_distinct,stages,run_ids
densenet,CostStale,0.51,1,1,ok,True,1,A-baselines,protocol_A_baselines.jsonl:19
densenet,CostStale,0.52,1,1,ok,True,1,A-baselines,protocol_A_baselines.jsonl:17
densenet,CostStale,0.53,1,1,ok,True,1,A-baselines,protocol_A_baselines.jsonl:15
densenet,CostStale,0.54,1,1,ok,True,1,A-baselines,protocol_A_baselines.jsonl:13
densenet,CostStale,0.55,1,1,ok,True,1,A-baselines,protocol_A_baselines.jsonl:12
densenet,CostStale,0.56,1,1,ok,True,1,A-baselines,protocol_A_baselines.jsonl:10
densenet,CostStale,0.57,1,1,ok,True,1,A-baselines,protocol_A_baselines.jsonl:7
densenet,CostStale,0.58,1,1,ok,True,1,A-baselines,protocol_A_baselines.jsonl:5
densenet,CostStale,0.59,1,1,ok,True,1,A-baselines,protocol_A_baselines.jsonl:4
densenet,CostStale,0.6,1,1,ok,True,1,A-baselines,protocol_A_baselines.jsonl:1
densenet,DTR,0.05,1,1,oom,True,0,A,protocol_A.jsonl:197
densenet,DTR,0.0531,1,1,oom,True,0,C,protocol_C.jsonl:2
densenet,DTR,0.0563,1,1,oom,True,0,C,protocol_C.jsonl:4
densenet,DTR,0.06,3,3,oom,True,0,A,protocol_A.jsonl:187 protocol_A.jsonl:188 protocol_A.jsonl:189
densenet,DTR,0.0616,1,1,oom,True,0,C,protocol_C.jsonl:12
densenet,DTR,0.0641,1,1,oom,True,0,C,protocol_C.jsonl:7
densenet,DTR,0.07,3,3,oom,True,0,A,protocol_A.jsonl:177 protocol_A.jsonl:180 protocol_A.jsonl:181
densenet,DTR,0.071,1,1,oom,True,0,C,protocol_C.jsonl:16
densenet,DTR,0.08,1,1,oom,True,0,A,protocol_A.jsonl:174
densenet,DTR,0.0852,1,1,oom,True,0,C,protocol_C.jsonl:20
densenet,DTR,0.0864,1,1,oom,True,0,C,protocol_C.jsonl:21
densenet,DTR,0.09,3,3,oom,True,0,A,protocol_A.jsonl:168 protocol_A.jsonl:169 protocol_A.jsonl:170
densenet,DTR,0.0947,1,1,oom,True,0,C,protocol_C.jsonl:22
densenet,DTR,0.0988,1,1,oom,True,0,C,protocol_C.jsonl:27
densenet,DTR,0.1,1,1,oom,True,0,A,protocol_A.jsonl:163
densenet,DTR,0.1014,1,1,oom,True,0,C,protocol_C.jsonl:28
densenet,DTR,0.104,1,1,oom,True,0,C,protocol_C.jsonl:31
densenet,DTR,0.11,1,1,oom,True,0,A,protocol_A.jsonl:165
densenet,DTR,0.111,1,1,oom,True,0,C,protocol_C.jsonl:34
densenet,DTR,0.1124,1,1,oom,True,0,C,protocol_C.jsonl:37
densenet,DTR,0.12,1,1,oom,True,0,A,protocol_A.jsonl:157
densenet,DTR,0.126,1,1,oom,True,0,C,protocol_C.jsonl:44
densenet,DTR,0.1286,1,1,oom,True,0,C,protocol_C.jsonl:41
densenet,DTR,0.13,1,1,oom,True,0,A,protocol_A.jsonl:153
densenet,DTR,0.131,1,1,oom,True,0,B,protocol_B.jsonl:1
densenet,DTR,0.132,1,1,oom,True,0,B,protocol_B.jsonl:2
densenet,DTR,0.133,1,1,oom,True,0,B,protocol_B.jsonl:4
densenet,DTR,0.1333,1,1,oom,True,0,C,protocol_C.jsonl:51
densenet,DTR,0.1338,1,1,oom,True,0,C,protocol_C.jsonl:48
densenet,DTR,0.134,1,1,oom,True,0,B,protocol_B.jsonl:8
densenet,DTR,0.135,1,1,oom,True,0,B,protocol_B.jsonl:12
densenet,DTR,0.136,1,1,oom,True,0,B,protocol_B.jsonl:14
densenet,DTR,0.137,1,1,oom,True,0,B,protocol_B.jsonl:16
densenet,DTR,0.138,1,1,oom,True,0,B,protocol_B.jsonl:19
densenet,DTR,0.139,1,1,oom,True,0,B,protocol_B.jsonl:24
densenet,DTR,0.14,1,1,ok,True,1,A,protocol_A.jsonl:150
densenet,DTR,0.1401,1,1,ok,True,1,C,protocol_C.jsonl:52
densenet,DTR,0.1418,1,1,ok,True,1,C,protocol_C.jsonl:55
densenet,DTR,0.15,1,1,ok,True,1,A,protocol_A.jsonl:147
densenet,DTR,0.1545,1,1,ok,True,1,C,protocol_C.jsonl:58
densenet,DTR,0.1569,1,1,ok,True,1,C,protocol_C.jsonl:61
densenet,DTR,0.16,1,1,ok,True,1,A,protocol_A.jsonl:146
densenet,DTR,0.1681,1,1,ok,True,1,C,protocol_C.jsonl:67
densenet,DTR,0.1698,1,1,ok,True,1,C,protocol_C.jsonl:64
densenet,DTR,0.17,1,1,ok,True,1,A,protocol_A.jsonl:144
densenet,DTR,0.1726,1,1,ok,True,1,C,protocol_C.jsonl:73
densenet,DTR,0.1779,1,1,ok,True,1,C,protocol_C.jsonl:70
densenet,DTR,0.18,1,1,ok,True,1,A,protocol_A.jsonl:142
densenet,DTR,0.1802,1,1,ok,True,1,C,protocol_C.jsonl:79
densenet,DTR,0.1882,1,1,ok,True,1,C,protocol_C.jsonl:76
densenet,DTR,0.19,3,3,ok,True,1,A,protocol_A.jsonl:135 protocol_A.jsonl:136 protocol_A.jsonl:137
densenet,DTR,0.191,1,1,ok,True,1,B,protocol_B.jsonl:23
densenet,DTR,0.1919,1,1,ok,True,1,C,protocol_C.jsonl:85
densenet,DTR,0.192,1,1,ok,True,1,B,protocol_B.jsonl:26
densenet,DTR,0.193,1,1,ok,True,1,B,protocol_B.jsonl:29
densenet,DTR,0.194,1,1,ok,True,1,B,protocol_B.jsonl:32
densenet,DTR,0.195,1,1,ok,True,1,B,protocol_B.jsonl:35
densenet,DTR,0.196,1,1,ok,True,1,B,protocol_B.jsonl:38
densenet,DTR,0.1965,1,1,ok,True,1,C,protocol_C.jsonl:82
densenet,DTR,0.197,1,1,ok,True,1,B,protocol_B.jsonl:41
densenet,DTR,0.198,1,1,ok,True,1,B,protocol_B.jsonl:45
densenet,DTR,0.199,1,1,ok,True,1,B,protocol_B.jsonl:47
densenet,DTR,0.2,1,1,ok,True,1,A,protocol_A.jsonl:132
densenet,DTR,0.2009,1,1,ok,True,1,C,protocol_C.jsonl:91
densenet,DTR,0.201,1,1,ok,True,1,B,protocol_B.jsonl:50
densenet,DTR,0.202,1,1,ok,True,1,B,protocol_B.jsonl:53
densenet,DTR,0.203,1,1,ok,True,1,B,protocol_B.jsonl:56
densenet,DTR,0.204,1,1,ok,True,1,B,protocol_B.jsonl:59
densenet,DTR,0.205,1,1,ok,True,1,B,protocol_B.jsonl:62
densenet,DTR,0.206,1,1,ok,True,1,B,protocol_B.jsonl:65
densenet,DTR,0.2067,1,1,ok,True,1,C,protocol_C.jsonl:88
densenet,DTR,0.207,1,1,ok,True,1,B,protocol_B.jsonl:68
densenet,DTR,0.208,1,1,ok,True,1,B,protocol_B.jsonl:71
densenet,DTR,0.209,1,1,ok,True,1,B,protocol_B.jsonl:77
densenet,DTR,0.21,1,1,ok,True,1,A,protocol_A.jsonl:131
densenet,DTR,0.211,1,1,ok,True,1,B,protocol_B.jsonl:78
densenet,DTR,0.212,1,1,ok,True,1,B,protocol_B.jsonl:82
densenet,DTR,0.2127,1,1,ok,True,1,C,protocol_C.jsonl:97
densenet,DTR,0.213,1,1,ok,True,1,B,protocol_B.jsonl:84
densenet,DTR,0.2137,1,1,ok,True,1,C,protocol_C.jsonl:94
densenet,DTR,0.214,1,1,ok,True,1,B,protocol_B.jsonl:86
densenet,DTR,0.215,1,1,ok,True,1,B,protocol_B.jsonl:89
densenet,DTR,0.216,1,1,ok,True,1,B,protocol_B.jsonl:92
densenet,DTR,0.217,1,1,ok,True,1,B,protocol_B.jsonl:95
densenet,DTR,0.218,1,1,ok,True,1,B,protocol_B.jsonl:98
densenet,DTR,0.219,1,1,ok,True,1,B,protocol_B.jsonl:101
densenet,DTR,0.22,1,1,ok,True,1,A,protocol_A.jsonl:127
densenet,DTR,0.228,1,1,ok,True,1,C,protocol_C.jsonl:100
densenet,DTR,0.2299,1,1,ok,True,1,C,protocol_C.jsonl:105
densenet,DTR,0.23,1,1,ok,True,1,A,protocol_A.jsonl:124
densenet,DTR,0.2315,1,1,ok,True,1,C,protocol_C.jsonl:111
densenet,DTR,0.2355,1,1,ok,True,1,C,protocol_C.jsonl:109
densenet,DTR,0.24,1,1,ok,True,1,A,protocol_A.jsonl:122
densenet,DTR,0.2416,1,1,ok,True,1,C,protocol_C.jsonl:115
densenet,DTR,0.2455,1,1,ok,True,1,C,protocol_C.jsonl:112
densenet,DTR,0.25,1,1,ok,True,1,A,protocol_A.jsonl:117
densenet,DTR,0.2508,1,1,ok,True,1,C,protocol_C.jsonl:118
densenet,DTR,0.2579,1,1,ok,True,1,C,protocol_C.jsonl:121
densenet,DTR,0.26,1,1,ok,True,1,A,protocol_A.jsonl:115
densenet,DTR,0.2605,1,1,ok,True,1,C,protocol_C.jsonl:124
densenet,DTR,0.269,1,1,ok,True,1,C,protocol_C.jsonl:127
densenet,DTR,0.27,1,1,ok,True,1,A,protocol_A.jsonl:112
densenet,DTR,0.2752,1,1,ok,True,1,C,protocol_C.jsonl:133
densenet,DTR,0.2789,1,1,ok,True,1,C,protocol_C.jsonl:130
densenet,DTR,0.28,1,1,ok,True,1,A,protocol_A.jsonl:108
densenet,DTR,0.2805,1,1,ok,True,1,C,protocol_C.jsonl:136
densenet,DTR,0.2817,1,1,ok,True,1,C,protocol_C.jsonl:140
densenet,DTR,0.29,1,1,ok,True,1,A,protocol_A.jsonl:105
densenet,DTR,0.2934,1,1,ok,True,1,C,protocol_C.jsonl:143
densenet,DTR,0.2978,1,1,ok,True,1,C,protocol_C.jsonl:145
densenet,DTR,0.3,1,1,ok,True,1,A,protocol_A.jsonl:102
densenet,DTR,0.3041,1,1,ok,True,1,C,protocol_C.jsonl:149
densenet,DTR,0.31,1,1,ok,True,1,A,protocol_A.jsonl:100
densenet,DTR,0.3104,1,1,ok,True,1,C,protocol_C.jsonl:152
densenet,DTR,0.32,1,1,ok,True,1,A,protocol_A.jsonl:97
densenet,DTR,0.3224,1,1,ok,True,1,C,protocol_C.jsonl:155
densenet,DTR,0.33,1,1,ok,True,1,A,protocol_A.jsonl:94
densenet,DTR,0.3364,1,1,ok,True,1,C,protocol_C.jsonl:157
densenet,DTR,0.34,1,1,ok,True,1,A,protocol_A.jsonl:90
densenet,DTR,0.3418,1,1,ok,True,1,C,protocol_C.jsonl:160
densenet,DTR,0.35,1,1,ok,True,1,A,protocol_A.jsonl:87
densenet,DTR,0.3576,1,1,ok,True,1,C,protocol_C.jsonl:163
densenet,DTR,0.36,1,1,ok,True,1,A,protocol_A.jsonl:85
densenet,DTR,0.3617,1,1,ok,True,1,C,protocol_C.jsonl:167
densenet,DTR,0.37,3,3,ok,True,1,A,protocol_A.jsonl:76 protocol_A.jsonl:77 protocol_A.jsonl:78
densenet,DTR,0.3717,1,1,ok,True,1,C,protocol_C.jsonl:171
densenet,DTR,0.38,1,1,ok,True,1,A,protocol_A.jsonl:73
densenet,DTR,0.3814,1,1,ok,True,1,C,protocol_C.jsonl:174
densenet,DTR,0.39,1,1,ok,True,1,A,protocol_A.jsonl:70
densenet,DTR,0.3928,1,1,ok,True,1,C,protocol_C.jsonl:176
densenet,DTR,0.4,1,1,ok,True,1,A,protocol_A.jsonl:66
densenet,DTR,0.4005,1,1,ok,True,1,C,protocol_C.jsonl:180
densenet,DTR,0.41,1,1,ok,True,1,A,protocol_A.jsonl:63
densenet,DTR,0.4106,1,1,ok,True,1,C,protocol_C.jsonl:181
densenet,DTR,0.42,3,3,ok,True,1,A,protocol_A.jsonl:55 protocol_A.jsonl:56 protocol_A.jsonl:57
densenet,DTR,0.4221,1,1,ok,True,1,C,protocol_C.jsonl:185
densenet,DTR,0.43,1,1,ok,True,1,A,protocol_A.jsonl:52
densenet,DTR,0.4379,1,1,ok,True,1,C,protocol_C.jsonl:189
densenet,DTR,0.44,1,1,ok,True,1,A,protocol_A.jsonl:49
densenet,DTR,0.4468,1,1,ok,True,1,C,protocol_C.jsonl:192
densenet,DTR,0.45,1,1,ok,True,1,A,protocol_A.jsonl:47
densenet,DTR,0.4509,1,1,ok,True,1,C,protocol_C.jsonl:195
densenet,DTR,0.46,1,1,ok,True,1,A,protocol_A.jsonl:43
densenet,DTR,0.4607,1,1,ok,True,1,C,protocol_C.jsonl:198
densenet,DTR,0.47,1,1,ok,True,1,A,protocol_A.jsonl:40
densenet,DTR,0.4777,1,1,ok,True,1,C,protocol_C.jsonl:201
densenet,DTR,0.48,1,1,ok,True,1,A,protocol_A.jsonl:37
densenet,DTR,0.4858,1,1,ok,True,1,C,protocol_C.jsonl:204
densenet,DTR,0.49,1,1,ok,True,1,A,protocol_A.jsonl:34
densenet,DTR,0.4911,1,1,ok,True,1,C,protocol_C.jsonl:207
densenet,DTR,0.5,1,1,ok,True,1,A,protocol_A.jsonl:31
densenet,DTR,0.5058,1,1,ok,True,1,C,protocol_C.jsonl:210
densenet,DTR,0.51,1,1,ok,True,1,A,protocol_A.jsonl:28
densenet,DTR,0.5181,1,1,ok,True,1,C,protocol_C.jsonl:213
densenet,DTR,0.52,1,1,ok,True,1,A,protocol_A.jsonl:25
densenet,DTR,0.5297,1,1,ok,True,1,C,protocol_C.jsonl:217
densenet,DTR,0.53,1,1,ok,True,1,A,protocol_A.jsonl:22
densenet,DTR,0.5305,1,1,ok,True,1,C,protocol_C.jsonl:221
densenet,DTR,0.54,1,1,ok,True,1,A,protocol_A.jsonl:19
densenet,DTR,0.5484,1,1,ok,True,1,C,protocol_C.jsonl:224
densenet,DTR,0.55,1,1,ok,True,1,A,protocol_A.jsonl:16
densenet,DTR,0.554,1,1,ok,True,1,C,protocol_C.jsonl:227
densenet,DTR,0.56,1,1,ok,True,1,A,protocol_A.jsonl:14
densenet,DTR,0.561,1,1,ok,True,1,C,protocol_C.jsonl:230
densenet,DTR,0.57,1,1,ok,True,1,A,protocol_A.jsonl:10
densenet,DTR,0.5725,1,1,ok,True,1,C,protocol_C.jsonl:233
densenet,DTR,0.58,1,1,ok,True,1,A,protocol_A.jsonl:8
densenet,DTR,0.586,1,1,ok,True,1,C,protocol_C.jsonl:234
densenet,DTR,0.59,1,1,ok,True,1,A,protocol_A.jsonl:4
densenet,DTR,0.5973,1,1,ok,True,1,C,protocol_C.jsonl:237
densenet,DTR,0.6,1,1,ok,True,1,A,protocol_A.jsonl:1
densenet,HEStar,0.51,1,1,ok,True,1,A-baselines,protocol_A_baselines.jsonl:20
densenet,HEStar,0.52,1,1,ok,True,1,A-baselines,protocol_A_baselines.jsonl:18
densenet,HEStar,0.53,1,1,ok,True,1,A-baselines,protocol_A_baselines.jsonl:16
densenet,HEStar,0.54,1,1,ok,True,1,A-baselines,protocol_A_baselines.jsonl:14
densenet,HEStar,0.55,1,1,ok,True,1,A-baselines,protocol_A_baselines.jsonl:11
densenet,HEStar,0.56,1,1,ok,True,1,A-baselines,protocol_A_baselines.jsonl:8
densenet,HEStar,0.57,1,1,ok,True,1,A-baselines,protocol_A_baselines.jsonl:9
densenet,HEStar,0.58,1,1,ok,True,1,A-baselines,protocol_A_baselines.jsonl:6
densenet,HEStar,0.59,1,1,ok,True,1,A-baselines,protocol_A_baselines.jsonl:3
densenet,HEStar,0.6,1,1,ok,True,1,A-baselines,protocol_A_baselines.jsonl:2
densenet,NbhdPenalty@b=0.25,0.05,1,1,oom,True,0,A,protocol_A.jsonl:198
densenet,NbhdPenalty@b=0.25,0.0531,1,1,oom,True,0,C,protocol_C.jsonl:1
densenet,NbhdPenalty@b=0.25,0.0563,1,1,oom,True,0,C,protocol_C.jsonl:5
densenet,NbhdPenalty@b=0.25,0.06,3,3,oom,True,0,A,protocol_A.jsonl:190 protocol_A.jsonl:191 protocol_A.jsonl:192
densenet,NbhdPenalty@b=0.25,0.0616,1,1,oom,True,0,C,protocol_C.jsonl:10
densenet,NbhdPenalty@b=0.25,0.0641,1,1,oom,True,0,C,protocol_C.jsonl:8
densenet,NbhdPenalty@b=0.25,0.07,3,3,oom,True,0,A,protocol_A.jsonl:182 protocol_A.jsonl:183 protocol_A.jsonl:185
densenet,NbhdPenalty@b=0.25,0.071,1,1,oom,True,0,C,protocol_C.jsonl:18
densenet,NbhdPenalty@b=0.25,0.08,1,1,oom,True,0,A,protocol_A.jsonl:175
densenet,NbhdPenalty@b=0.25,0.0852,1,1,oom,True,0,C,protocol_C.jsonl:24
densenet,NbhdPenalty@b=0.25,0.0864,1,1,oom,True,0,C,protocol_C.jsonl:23
densenet,NbhdPenalty@b=0.25,0.09,3,3,oom,True,0,A,protocol_A.jsonl:171 protocol_A.jsonl:172 protocol_A.jsonl:173
densenet,NbhdPenalty@b=0.25,0.0947,1,1,oom,True,0,C,protocol_C.jsonl:25
densenet,NbhdPenalty@b=0.25,0.0988,1,1,oom,True,0,C,protocol_C.jsonl:26
densenet,NbhdPenalty@b=0.25,0.1,1,1,oom,True,0,A,protocol_A.jsonl:167
densenet,NbhdPenalty@b=0.25,0.1014,1,1,oom,True,0,C,protocol_C.jsonl:30
densenet,NbhdPenalty@b=0.25,0.104,1,1,oom,True,0,C,protocol_C.jsonl:33
densenet,NbhdPenalty@b=0.25,0.11,1,1,oom,True,0,A,protocol_A.jsonl:164
densenet,NbhdPenalty@b=0.25,0.111,1,1,oom,True,0,C,protocol_C.jsonl:36
densenet,NbhdPenalty@b=0.25,0.1124,1,1,oom,True,0,C,protocol_C.jsonl:40
densenet,NbhdPenalty@b=0.25,0.12,1,1,oom,True,0,A,protocol_A.jsonl:166
densenet,NbhdPenalty@b=0.25,0.126,1,1,oom,True,0,C,protocol_C.jsonl:45
densenet,NbhdPenalty@b=0.25,0.1286,1,1,oom,True,0,C,protocol_C.jsonl:47
densenet,NbhdPenalty@b=0.25,0.13,1,1,oom,True,0,A,protocol_A.jsonl:205
densenet,NbhdPenalty@b=0.25,0.131,1,1,oom,True,0,B,protocol_B.jsonl:6
densenet,NbhdPenalty@b=0.25,0.132,1,1,oom,True,0,B,protocol_B.jsonl:3
densenet,NbhdPenalty@b=0.25,0.133,1,1,oom,True,0,B,protocol_B.jsonl:5
densenet,NbhdPenalty@b=0.25,0.1333,1,1,oom,True,0,C,protocol_C.jsonl:54
densenet,NbhdPenalty@b=0.25,0.1338,1,1,oom,True,0,C,protocol_C.jsonl:49
densenet,NbhdPenalty@b=0.25,0.134,1,1,oom,True,0,B,protocol_B.jsonl:10
densenet,NbhdPenalty@b=0.25,0.135,1,1,oom,True,0,B,protocol_B.jsonl:11
densenet,NbhdPenalty@b=0.25,0.136,1,1,oom,True,0,B,protocol_B.jsonl:17
densenet,NbhdPenalty@b=0.25,0.137,1,1,oom,True,0,B,protocol_B.jsonl:21
densenet,NbhdPenalty@b=0.25,0.138,1,1,oom,True,0,B,protocol_B.jsonl:31
densenet,NbhdPenalty@b=0.25,0.139,1,1,ok,True,1,B,protocol_B.jsonl:22
densenet,NbhdPenalty@b=0.25,0.14,1,1,ok,True,1,A,protocol_A.jsonl:151
densenet,NbhdPenalty@b=0.25,0.1401,1,1,ok,True,1,C,protocol_C.jsonl:53
densenet,NbhdPenalty@b=0.25,0.1418,1,1,ok,True,1,C,protocol_C.jsonl:56
densenet,NbhdPenalty@b=0.25,0.15,1,1,ok,True,1,A,protocol_A.jsonl:148
densenet,NbhdPenalty@b=0.25,0.1545,1,1,ok,True,1,C,protocol_C.jsonl:59
densenet,NbhdPenalty@b=0.25,0.1569,1,1,ok,True,1,C,protocol_C.jsonl:62
densenet,NbhdPenalty@b=0.25,0.16,1,1,ok,True,1,A,protocol_A.jsonl:145
densenet,NbhdPenalty@b=0.25,0.1681,1,1,ok,True,1,C,protocol_C.jsonl:68
densenet,NbhdPenalty@b=0.25,0.1698,1,1,ok,True,1,C,protocol_C.jsonl:65
densenet,NbhdPenalty@b=0.25,0.17,1,1,ok,True,1,A,protocol_A.jsonl:143
densenet,NbhdPenalty@b=0.25,0.1726,1,1,ok,True,1,C,protocol_C.jsonl:74
densenet,NbhdPenalty@b=0.25,0.1779,1,1,ok,True,1,C,protocol_C.jsonl:71
densenet,NbhdPenalty@b=0.25,0.18,1,1,ok,True,1,A,protocol_A.jsonl:141
densenet,NbhdPenalty@b=0.25,0.1802,1,1,ok,True,1,C,protocol_C.jsonl:80
densenet,NbhdPenalty@b=0.25,0.1882,1,1,ok,True,1,C,protocol_C.jsonl:77
densenet,NbhdPenalty@b=0.25,0.19,3,3,ok,True,1,A,protocol_A.jsonl:138 protocol_A.jsonl:139 protocol_A.jsonl:140
densenet,NbhdPenalty@b=0.25,0.191,1,1,ok,True,1,B,protocol_B.jsonl:25
densenet,NbhdPenalty@b=0.25,0.1919,1,1,ok,True,1,C,protocol_C.jsonl:86
densenet,NbhdPenalty@b=0.25,0.192,1,1,ok,True,1,B,protocol_B.jsonl:27
densenet,NbhdPenalty@b=0.25,0.193,1,1,ok,True,1,B,protocol_B.jsonl:30
densenet,NbhdPenalty@b=0.25,0.194,1,1,ok,True,1,B,protocol_B.jsonl:33
densenet,NbhdPenalty@b=0.25,0.195,1,1,ok,True,1,B,protocol_B.jsonl:36
densenet,NbhdPenalty@b=0.25,0.196,1,1,ok,True,1,B,protocol_B.jsonl:39
densenet,NbhdPenalty@b=0.25,0.1965,1,1,ok,True,1,C,protocol_C.jsonl:83
densenet,NbhdPenalty@b=0.25,0.197,1,1,ok,True,1,B,protocol_B.jsonl:42
densenet,NbhdPenalty@b=0.25,0.198,1,1,ok,True,1,B,protocol_B.jsonl:46
densenet,NbhdPenalty@b=0.25,0.199,1,1,ok,True,1,B,protocol_B.jsonl:48
densenet,NbhdPenalty@b=0.25,0.2,1,1,ok,True,1,A,protocol_A.jsonl:133
densenet,NbhdPenalty@b=0.25,0.2009,1,1,ok,True,1,C,protocol_C.jsonl:92
densenet,NbhdPenalty@b=0.25,0.201,1,1,ok,True,1,B,protocol_B.jsonl:51
densenet,NbhdPenalty@b=0.25,0.202,1,1,ok,True,1,B,protocol_B.jsonl:54
densenet,NbhdPenalty@b=0.25,0.203,1,1,ok,True,1,B,protocol_B.jsonl:57
densenet,NbhdPenalty@b=0.25,0.204,1,1,ok,True,1,B,protocol_B.jsonl:60
densenet,NbhdPenalty@b=0.25,0.205,1,1,ok,True,1,B,protocol_B.jsonl:63
densenet,NbhdPenalty@b=0.25,0.206,1,1,ok,True,1,B,protocol_B.jsonl:66
densenet,NbhdPenalty@b=0.25,0.2067,1,1,ok,True,1,C,protocol_C.jsonl:89
densenet,NbhdPenalty@b=0.25,0.207,1,1,ok,True,1,B,protocol_B.jsonl:70
densenet,NbhdPenalty@b=0.25,0.208,1,1,ok,True,1,B,protocol_B.jsonl:74
densenet,NbhdPenalty@b=0.25,0.209,1,1,ok,True,1,B,protocol_B.jsonl:76
densenet,NbhdPenalty@b=0.25,0.21,1,1,ok,True,1,A,protocol_A.jsonl:130
densenet,NbhdPenalty@b=0.25,0.211,1,1,ok,True,1,B,protocol_B.jsonl:80
densenet,NbhdPenalty@b=0.25,0.212,1,1,ok,True,1,B,protocol_B.jsonl:81
densenet,NbhdPenalty@b=0.25,0.2127,1,1,ok,True,1,C,protocol_C.jsonl:98
densenet,NbhdPenalty@b=0.25,0.213,1,1,ok,True,1,B,protocol_B.jsonl:85
densenet,NbhdPenalty@b=0.25,0.2137,1,1,ok,True,1,C,protocol_C.jsonl:95
densenet,NbhdPenalty@b=0.25,0.214,1,1,ok,True,1,B,protocol_B.jsonl:87
densenet,NbhdPenalty@b=0.25,0.215,1,1,ok,True,1,B,protocol_B.jsonl:90
densenet,NbhdPenalty@b=0.25,0.216,1,1,ok,True,1,B,protocol_B.jsonl:93
densenet,NbhdPenalty@b=0.25,0.217,1,1,ok,True,1,B,protocol_B.jsonl:96
densenet,NbhdPenalty@b=0.25,0.218,1,1,ok,True,1,B,protocol_B.jsonl:100
densenet,NbhdPenalty@b=0.25,0.219,1,1,ok,True,1,B,protocol_B.jsonl:102
densenet,NbhdPenalty@b=0.25,0.22,1,1,ok,True,1,A,protocol_A.jsonl:128
densenet,NbhdPenalty@b=0.25,0.228,1,1,ok,True,1,C,protocol_C.jsonl:101
densenet,NbhdPenalty@b=0.25,0.2299,1,1,ok,True,1,C,protocol_C.jsonl:104
densenet,NbhdPenalty@b=0.25,0.23,1,1,ok,True,1,A,protocol_A.jsonl:125
densenet,NbhdPenalty@b=0.25,0.2315,1,1,ok,True,1,C,protocol_C.jsonl:110
densenet,NbhdPenalty@b=0.25,0.2355,1,1,ok,True,1,C,protocol_C.jsonl:107
densenet,NbhdPenalty@b=0.25,0.24,1,1,ok,True,1,A,protocol_A.jsonl:121
densenet,NbhdPenalty@b=0.25,0.2416,1,1,ok,True,1,C,protocol_C.jsonl:117
densenet,NbhdPenalty@b=0.25,0.2455,1,1,ok,True,1,C,protocol_C.jsonl:114
densenet,NbhdPenalty@b=0.25,0.25,1,1,ok,True,1,A,protocol_A.jsonl:120
densenet,NbhdPenalty@b=0.25,0.2508,1,1,ok,True,1,C,protocol_C.jsonl:120
densenet,NbhdPenalty@b=0.25,0.2579,1,1,ok,True,1,C,protocol_C.jsonl:123
densenet,NbhdPenalty@b=0.25,0.26,1,1,ok,True,1,A,protocol_A.jsonl:116
densenet,NbhdPenalty@b=0.25,0.2605,1,1,ok,True,1,C,protocol_C.jsonl:125
densenet,NbhdPenalty@b=0.25,0.269,1,1,ok,True,1,C,protocol_C.jsonl:131
densenet,NbhdPenalty@b=0.25,0.27,1,1,ok,True,1,A,protocol_A.jsonl:114
densenet,NbhdPenalty@b=0.25,0.2752,1,1,ok,True,1,C,protocol_C.jsonl:137
densenet,NbhdPenalty@b=0.25,0.2789,1,1,ok,True,1,C,protocol_C.jsonl:134
densenet,NbhdPenalty@b=0.25,0.28,1,1,ok,True,1,A,protocol_A.jsonl:110
densenet,NbhdPenalty@b=0.25,0.2805,1,1,ok,True,1,C,protocol_C.jsonl:138
densenet,NbhdPenalty@b=0.25,0.2817,1,1,ok,True,1,C,protocol_C.jsonl:141
densenet,NbhdPenalty@b=0.25,0.29,1,1,ok,True,1,A,protocol_A.jsonl:106
densenet,NbhdPenalty@b=0.25,0.2934,1,1,ok,True,1,C,protocol_C.jsonl:144
densenet,NbhdPenalty@b=0.25,0.2978,1,1,ok,True,1,C,protocol_C.jsonl:146
densenet,NbhdPenalty@b=0.25,0.3,1,1,ok,True,1,A,protocol_A.jsonl:103
densenet,NbhdPenalty@b=0.25,0.3041,1,1,ok,True,1,C,protocol_C.jsonl:150
densenet,NbhdPenalty@b=0.25,0.31,1,1,ok,True,1,A,protocol_A.jsonl:101
densenet,NbhdPenalty@b=0.25,0.3104,1,1,ok,True,1,C,protocol_C.jsonl:153
densenet,NbhdPenalty@b=0.25,0.32,1,1,ok,True,1,A,protocol_A.jsonl:98
densenet,NbhdPenalty@b=0.25,0.3224,1,1,ok,True,1,C,protocol_C.jsonl:156
densenet,NbhdPenalty@b=0.25,0.33,1,1,ok,True,1,A,protocol_A.jsonl:95
densenet,NbhdPenalty@b=0.25,0.3364,1,1,ok,True,1,C,protocol_C.jsonl:158
densenet,NbhdPenalty@b=0.25,0.34,1,1,ok,True,1,A,protocol_A.jsonl:92
densenet,NbhdPenalty@b=0.25,0.3418,1,1,ok,True,1,C,protocol_C.jsonl:161
densenet,NbhdPenalty@b=0.25,0.35,1,1,ok,True,1,A,protocol_A.jsonl:88
densenet,NbhdPenalty@b=0.25,0.3576,1,1,ok,True,1,C,protocol_C.jsonl:166
densenet,NbhdPenalty@b=0.25,0.36,1,1,ok,True,1,A,protocol_A.jsonl:86
densenet,NbhdPenalty@b=0.25,0.3617,1,1,ok,True,1,C,protocol_C.jsonl:168
densenet,NbhdPenalty@b=0.25,0.37,3,3,ok,True,1,A,protocol_A.jsonl:79 protocol_A.jsonl:80 protocol_A.jsonl:81
densenet,NbhdPenalty@b=0.25,0.3717,1,1,ok,True,1,C,protocol_C.jsonl:172
densenet,NbhdPenalty@b=0.25,0.38,1,1,ok,True,1,A,protocol_A.jsonl:74
densenet,NbhdPenalty@b=0.25,0.3814,1,1,ok,True,1,C,protocol_C.jsonl:175
densenet,NbhdPenalty@b=0.25,0.39,1,1,ok,True,1,A,protocol_A.jsonl:71
densenet,NbhdPenalty@b=0.25,0.3928,1,1,ok,True,1,C,protocol_C.jsonl:177
densenet,NbhdPenalty@b=0.25,0.4,1,1,ok,True,1,A,protocol_A.jsonl:68
densenet,NbhdPenalty@b=0.25,0.4005,1,1,ok,True,1,C,protocol_C.jsonl:179
densenet,NbhdPenalty@b=0.25,0.41,1,1,ok,True,1,A,protocol_A.jsonl:64
densenet,NbhdPenalty@b=0.25,0.4106,1,1,ok,True,1,C,protocol_C.jsonl:183
densenet,NbhdPenalty@b=0.25,0.42,3,3,ok,True,1,A,protocol_A.jsonl:58 protocol_A.jsonl:59 protocol_A.jsonl:60
densenet,NbhdPenalty@b=0.25,0.4221,1,1,ok,True,1,C,protocol_C.jsonl:186
densenet,NbhdPenalty@b=0.25,0.43,1,1,ok,True,1,A,protocol_A.jsonl:53
densenet,NbhdPenalty@b=0.25,0.4379,1,1,ok,True,1,C,protocol_C.jsonl:190
densenet,NbhdPenalty@b=0.25,0.44,1,1,ok,True,1,A,protocol_A.jsonl:50
densenet,NbhdPenalty@b=0.25,0.4468,1,1,ok,True,1,C,protocol_C.jsonl:194
densenet,NbhdPenalty@b=0.25,0.45,1,1,ok,True,1,A,protocol_A.jsonl:46
densenet,NbhdPenalty@b=0.25,0.4509,1,1,ok,True,1,C,protocol_C.jsonl:196
densenet,NbhdPenalty@b=0.25,0.46,1,1,ok,True,1,A,protocol_A.jsonl:44
densenet,NbhdPenalty@b=0.25,0.4607,1,1,ok,True,1,C,protocol_C.jsonl:200
densenet,NbhdPenalty@b=0.25,0.47,1,1,ok,True,1,A,protocol_A.jsonl:41
densenet,NbhdPenalty@b=0.25,0.4777,1,1,ok,True,1,C,protocol_C.jsonl:202
densenet,NbhdPenalty@b=0.25,0.48,1,1,ok,True,1,A,protocol_A.jsonl:38
densenet,NbhdPenalty@b=0.25,0.4858,1,1,ok,True,1,C,protocol_C.jsonl:206
densenet,NbhdPenalty@b=0.25,0.49,1,1,ok,True,1,A,protocol_A.jsonl:35
densenet,NbhdPenalty@b=0.25,0.4911,1,1,ok,True,1,C,protocol_C.jsonl:209
densenet,NbhdPenalty@b=0.25,0.5,1,1,ok,True,1,A,protocol_A.jsonl:32
densenet,NbhdPenalty@b=0.25,0.5058,1,1,ok,True,1,C,protocol_C.jsonl:212
densenet,NbhdPenalty@b=0.25,0.51,1,1,ok,True,1,A,protocol_A.jsonl:29
densenet,NbhdPenalty@b=0.25,0.5181,1,1,ok,True,1,C,protocol_C.jsonl:215
densenet,NbhdPenalty@b=0.25,0.52,1,1,ok,True,1,A,protocol_A.jsonl:26
densenet,NbhdPenalty@b=0.25,0.5297,1,1,ok,True,1,C,protocol_C.jsonl:216
densenet,NbhdPenalty@b=0.25,0.53,1,1,ok,True,1,A,protocol_A.jsonl:23
densenet,NbhdPenalty@b=0.25,0.5305,1,1,ok,True,1,C,protocol_C.jsonl:219
densenet,NbhdPenalty@b=0.25,0.54,1,1,ok,True,1,A,protocol_A.jsonl:20
densenet,NbhdPenalty@b=0.25,0.5484,1,1,ok,True,1,C,protocol_C.jsonl:222
densenet,NbhdPenalty@b=0.25,0.55,1,1,ok,True,1,A,protocol_A.jsonl:17
densenet,NbhdPenalty@b=0.25,0.554,1,1,ok,True,1,C,protocol_C.jsonl:225
densenet,NbhdPenalty@b=0.25,0.56,1,1,ok,True,1,A,protocol_A.jsonl:13
densenet,NbhdPenalty@b=0.25,0.561,1,1,ok,True,1,C,protocol_C.jsonl:228
densenet,NbhdPenalty@b=0.25,0.57,1,1,ok,True,1,A,protocol_A.jsonl:12
densenet,NbhdPenalty@b=0.25,0.5725,1,1,ok,True,1,C,protocol_C.jsonl:232
densenet,NbhdPenalty@b=0.25,0.58,1,1,ok,True,1,A,protocol_A.jsonl:7
densenet,NbhdPenalty@b=0.25,0.586,1,1,ok,True,1,C,protocol_C.jsonl:235
densenet,NbhdPenalty@b=0.25,0.59,1,1,ok,True,1,A,protocol_A.jsonl:5
densenet,NbhdPenalty@b=0.25,0.5973,1,1,ok,True,1,C,protocol_C.jsonl:245
densenet,NbhdPenalty@b=0.25,0.6,1,1,ok,True,1,A,protocol_A.jsonl:2
densenet,TwoPhase@k=8,0.05,1,1,oom,True,0,A,protocol_A.jsonl:199
densenet,TwoPhase@k=8,0.0531,1,1,oom,True,0,C,protocol_C.jsonl:3
densenet,TwoPhase@k=8,0.0563,1,1,oom,True,0,C,protocol_C.jsonl:6
densenet,TwoPhase@k=8,0.06,3,3,oom,True,0,A,protocol_A.jsonl:194 protocol_A.jsonl:195 protocol_A.jsonl:196
densenet,TwoPhase@k=8,0.0616,1,1,oom,True,0,C,protocol_C.jsonl:11
densenet,TwoPhase@k=8,0.0641,1,1,oom,True,0,C,protocol_C.jsonl:9
densenet,TwoPhase@k=8,0.07,3,3,oom,True,0,A,protocol_A.jsonl:184 protocol_A.jsonl:186 protocol_A.jsonl:193
densenet,TwoPhase@k=8,0.071,1,1,oom,True,0,C,protocol_C.jsonl:17
densenet,TwoPhase@k=8,0.08,1,1,oom,True,0,A,protocol_A.jsonl:269
densenet,TwoPhase@k=8,0.0852,1,1,oom,True,0,C,protocol_C.jsonl:38
densenet,TwoPhase@k=8,0.0864,1,1,oom,True,0,C,protocol_C.jsonl:19
densenet,TwoPhase@k=8,0.09,3,3,oom,True,0,A,protocol_A.jsonl:272 protocol_A.jsonl:275 protocol_A.jsonl:277
densenet,TwoPhase@k=8,0.0947,1,1,oom,True,0,C,protocol_C.jsonl:35
densenet,TwoPhase@k=8,0.0988,1,1,oom,True,0,C,protocol_C.jsonl:29
densenet,TwoPhase@k=8,0.1,1,1,oom,True,0,A,protocol_A.jsonl:178
densenet,TwoPhase@k=8,0.1014,1,1,oom,True,0,C,protocol_C.jsonl:32
densenet,TwoPhase@k=8,0.104,1,1,oom,True,0,C,protocol_C.jsonl:42
densenet,TwoPhase@k=8,0.11,1,1,oom,True,0,A,protocol_A.jsonl:162
densenet,TwoPhase@k=8,0.111,1,1,oom,True,0,C,protocol_C.jsonl:43
densenet,TwoPhase@k=8,0.1124,1,1,oom,True,0,C,protocol_C.jsonl:39
densenet,TwoPhase@k=8,0.12,1,1,oom,True,0,A,protocol_A.jsonl:158
densenet,TwoPhase@k=8,0.126,1,1,oom,True,0,C,protocol_C.jsonl:46
densenet,TwoPhase@k=8,0.1286,1,1,oom,True,0,C,protocol_C.jsonl:50
densenet,TwoPhase@k=8,0.13,1,1,oom,True,0,A,protocol_A.jsonl:179
densenet,TwoPhase@k=8,0.131,1,1,oom,True,0,B,protocol_B.jsonl:7
densenet,TwoPhase@k=8,0.132,1,1,oom,True,0,B,protocol_B.jsonl:9
densenet,TwoPhase@k=8,0.133,1,1,oom,True,0,B,protocol_B.jsonl:13
densenet,TwoPhase@k=8,0.1333,1,1,oom,True,0,C,protocol_C.jsonl:60
densenet,TwoPhase@k=8,0.1338,1,1,oom,True,0,C,protocol_C.jsonl:57
densenet,TwoPhase@k=8,0.134,1,1,oom,True,0,B,protocol_B.jsonl:15
densenet,TwoPhase@k=8,0.135,1,1,oom,True,0,B,protocol_B.jsonl:18
densenet,TwoPhase@k=8,0.136,1,1,oom,True,0,B,protocol_B.jsonl:20
densenet,TwoPhase@k=8,0.137,1,1,oom,True,0,B,protocol_B.jsonl:28
densenet,TwoPhase@k=8,0.138,1,1,oom,True,0,B,protocol_B.jsonl:34
densenet,TwoPhase@k=8,0.139,1,1,oom,True,0,B,protocol_B.jsonl:37
densenet,TwoPhase@k=8,0.14,1,1,oom,True,0,A,protocol_A.jsonl:156
densenet,TwoPhase@k=8,0.1401,1,1,oom,True,0,C,protocol_C.jsonl:63
densenet,TwoPhase@k=8,0.1418,1,1,oom,True,0,C,protocol_C.jsonl:66
densenet,TwoPhase@k=8,0.15,1,1,oom,True,0,A,protocol_A.jsonl:155
densenet,TwoPhase@k=8,0.1545,1,1,oom,True,0,C,protocol_C.jsonl:69
densenet,TwoPhase@k=8,0.1569,1,1,oom,True,0,C,protocol_C.jsonl:72
densenet,TwoPhase@k=8,0.16,1,1,oom,True,0,A,protocol_A.jsonl:149
densenet,TwoPhase@k=8,0.1681,1,1,oom,True,0,C,protocol_C.jsonl:75
densenet,TwoPhase@k=8,0.1698,1,1,oom,True,0,C,protocol_C.jsonl:78
densenet,TwoPhase@k=8,0.17,1,1,oom,True,0,A,protocol_A.jsonl:152
densenet,TwoPhase@k=8,0.1726,1,1,oom,True,0,C,protocol_C.jsonl:87
densenet,TwoPhase@k=8,0.1779,1,1,oom,True,0,C,protocol_C.jsonl:81
densenet,TwoPhase@k=8,0.18,1,1,oom,True,0,A,protocol_A.jsonl:176
densenet,TwoPhase@k=8,0.1802,1,1,oom,True,0,C,protocol_C.jsonl:96
densenet,TwoPhase@k=8,0.1882,1,1,oom,True,0,C,protocol_C.jsonl:90
densenet,TwoPhase@k=8,0.19,3,3,oom,True,0,A,protocol_A.jsonl:159 protocol_A.jsonl:160 protocol_A.jsonl:161
densenet,TwoPhase@k=8,0.191,1,0,timeout,,0,B,protocol_B.jsonl:55
densenet,TwoPhase@k=8,0.1919,1,1,oom,True,0,C,protocol_C.jsonl:103
densenet,TwoPhase@k=8,0.192,1,1,oom,True,0,B,protocol_B.jsonl:40
densenet,TwoPhase@k=8,0.193,1,1,oom,True,0,B,protocol_B.jsonl:49
densenet,TwoPhase@k=8,0.194,1,1,oom,True,0,B,protocol_B.jsonl:43
densenet,TwoPhase@k=8,0.195,1,1,oom,True,0,B,protocol_B.jsonl:44
densenet,TwoPhase@k=8,0.196,1,1,oom,True,0,B,protocol_B.jsonl:52
densenet,TwoPhase@k=8,0.1965,1,1,ok,True,1,C,protocol_C.jsonl:84
densenet,TwoPhase@k=8,0.197,1,1,oom,True,0,B,protocol_B.jsonl:58
densenet,TwoPhase@k=8,0.198,1,1,oom,True,0,B,protocol_B.jsonl:64
densenet,TwoPhase@k=8,0.199,1,1,oom,True,0,B,protocol_B.jsonl:67
densenet,TwoPhase@k=8,0.2,1,1,ok,True,1,A,protocol_A.jsonl:134
densenet,TwoPhase@k=8,0.2009,1,1,ok,True,1,C,protocol_C.jsonl:93
densenet,TwoPhase@k=8,0.201,1,1,oom,True,0,B,protocol_B.jsonl:83
densenet,TwoPhase@k=8,0.202,1,1,oom,True,0,B,protocol_B.jsonl:72
densenet,TwoPhase@k=8,0.203,1,1,oom,True,0,B,protocol_B.jsonl:69
densenet,TwoPhase@k=8,0.204,1,1,ok,True,1,B,protocol_B.jsonl:61
densenet,TwoPhase@k=8,0.205,1,1,oom,True,0,B,protocol_B.jsonl:88
densenet,TwoPhase@k=8,0.206,1,1,oom,True,0,B,protocol_B.jsonl:99
densenet,TwoPhase@k=8,0.2067,1,1,oom,True,0,C,protocol_C.jsonl:164
densenet,TwoPhase@k=8,0.207,1,1,ok,True,1,B,protocol_B.jsonl:73
densenet,TwoPhase@k=8,0.208,1,1,ok,True,1,B,protocol_B.jsonl:75
densenet,TwoPhase@k=8,0.209,1,1,oom,True,0,B,protocol_B.jsonl:97
densenet,TwoPhase@k=8,0.21,1,1,oom,True,0,A,protocol_A.jsonl:154
densenet,TwoPhase@k=8,0.211,1,1,ok,True,1,B,protocol_B.jsonl:79
densenet,TwoPhase@k=8,0.212,1,1,oom,True,0,B,protocol_B.jsonl:106
densenet,TwoPhase@k=8,0.2127,1,1,ok,True,1,C,protocol_C.jsonl:99
densenet,TwoPhase@k=8,0.213,1,1,oom,True,0,B,protocol_B.jsonl:103
densenet,TwoPhase@k=8,0.2137,1,1,oom,True,0,C,protocol_C.jsonl:268
densenet,TwoPhase@k=8,0.214,1,1,oom,True,0,B,protocol_B.jsonl:104
densenet,TwoPhase@k=8,0.215,1,1,ok,True,1,B,protocol_B.jsonl:91
densenet,TwoPhase@k=8,0.216,1,1,ok,True,1,B,protocol_B.jsonl:94
densenet,TwoPhase@k=8,0.217,1,0,timeout,,0,B,protocol_B.jsonl:121
densenet,TwoPhase@k=8,0.218,1,0,timeout,,0,B,protocol_B.jsonl:131
densenet,TwoPhase@k=8,0.219,1,1,oom,True,0,B,protocol_B.jsonl:130
densenet,TwoPhase@k=8,0.22,1,1,ok,True,1,A,protocol_A.jsonl:129
densenet,TwoPhase@k=8,0.228,1,1,ok,True,1,C,protocol_C.jsonl:102
densenet,TwoPhase@k=8,0.2299,1,1,ok,True,1,C,protocol_C.jsonl:106
densenet,TwoPhase@k=8,0.23,1,1,ok,True,1,A,protocol_A.jsonl:126
densenet,TwoPhase@k=8,0.2315,1,1,ok,True,1,C,protocol_C.jsonl:113
densenet,TwoPhase@k=8,0.2355,1,1,ok,True,1,C,protocol_C.jsonl:108
densenet,TwoPhase@k=8,0.24,1,1,ok,True,1,A,protocol_A.jsonl:123
densenet,TwoPhase@k=8,0.2416,1,1,ok,True,1,C,protocol_C.jsonl:119
densenet,TwoPhase@k=8,0.2455,1,1,ok,True,1,C,protocol_C.jsonl:116
densenet,TwoPhase@k=8,0.25,1,1,ok,True,1,A,protocol_A.jsonl:119
densenet,TwoPhase@k=8,0.2508,1,1,ok,True,1,C,protocol_C.jsonl:122
densenet,TwoPhase@k=8,0.2579,1,1,ok,True,1,C,protocol_C.jsonl:126
densenet,TwoPhase@k=8,0.26,1,1,ok,True,1,A,protocol_A.jsonl:118
densenet,TwoPhase@k=8,0.2605,1,1,ok,True,1,C,protocol_C.jsonl:128
densenet,TwoPhase@k=8,0.269,1,1,ok,True,1,C,protocol_C.jsonl:129
densenet,TwoPhase@k=8,0.27,1,1,ok,True,1,A,protocol_A.jsonl:113
densenet,TwoPhase@k=8,0.2752,1,1,ok,True,1,C,protocol_C.jsonl:135
densenet,TwoPhase@k=8,0.2789,1,1,ok,True,1,C,protocol_C.jsonl:132
densenet,TwoPhase@k=8,0.28,1,1,ok,True,1,A,protocol_A.jsonl:111
densenet,TwoPhase@k=8,0.2805,1,1,ok,True,1,C,protocol_C.jsonl:139
densenet,TwoPhase@k=8,0.2817,1,1,ok,True,1,C,protocol_C.jsonl:142
densenet,TwoPhase@k=8,0.29,1,1,ok,True,1,A,protocol_A.jsonl:109
densenet,TwoPhase@k=8,0.2934,1,1,ok,True,1,C,protocol_C.jsonl:147
densenet,TwoPhase@k=8,0.2978,1,1,ok,True,1,C,protocol_C.jsonl:148
densenet,TwoPhase@k=8,0.3,1,1,ok,True,1,A,protocol_A.jsonl:107
densenet,TwoPhase@k=8,0.3041,1,1,ok,True,1,C,protocol_C.jsonl:151
densenet,TwoPhase@k=8,0.31,1,1,ok,True,1,A,protocol_A.jsonl:104
densenet,TwoPhase@k=8,0.3104,1,1,ok,True,1,C,protocol_C.jsonl:154
densenet,TwoPhase@k=8,0.32,1,1,ok,True,1,A,protocol_A.jsonl:99
densenet,TwoPhase@k=8,0.3224,1,1,ok,True,1,C,protocol_C.jsonl:169
densenet,TwoPhase@k=8,0.33,1,1,ok,True,1,A,protocol_A.jsonl:96
densenet,TwoPhase@k=8,0.3364,1,1,ok,True,1,C,protocol_C.jsonl:159
densenet,TwoPhase@k=8,0.34,1,1,ok,True,1,A,protocol_A.jsonl:93
densenet,TwoPhase@k=8,0.3418,1,1,ok,True,1,C,protocol_C.jsonl:162
densenet,TwoPhase@k=8,0.35,1,1,ok,True,1,A,protocol_A.jsonl:89
densenet,TwoPhase@k=8,0.3576,1,1,ok,True,1,C,protocol_C.jsonl:165
densenet,TwoPhase@k=8,0.36,1,1,ok,True,1,A,protocol_A.jsonl:91
densenet,TwoPhase@k=8,0.3617,1,1,ok,True,1,C,protocol_C.jsonl:170
densenet,TwoPhase@k=8,0.37,3,3,ok,True,1,A,protocol_A.jsonl:82 protocol_A.jsonl:83 protocol_A.jsonl:84
densenet,TwoPhase@k=8,0.3717,1,1,ok,True,1,C,protocol_C.jsonl:173
densenet,TwoPhase@k=8,0.38,1,1,ok,True,1,A,protocol_A.jsonl:75
densenet,TwoPhase@k=8,0.3814,1,1,ok,True,1,C,protocol_C.jsonl:187
densenet,TwoPhase@k=8,0.39,1,1,ok,True,1,A,protocol_A.jsonl:72
densenet,TwoPhase@k=8,0.3928,1,1,ok,True,1,C,protocol_C.jsonl:178
densenet,TwoPhase@k=8,0.4,1,1,ok,True,1,A,protocol_A.jsonl:69
densenet,TwoPhase@k=8,0.4005,1,1,ok,True,1,C,protocol_C.jsonl:182
densenet,TwoPhase@k=8,0.41,1,1,ok,True,1,A,protocol_A.jsonl:65
densenet,TwoPhase@k=8,0.4106,1,1,ok,True,1,C,protocol_C.jsonl:184
densenet,TwoPhase@k=8,0.42,3,3,ok,True,1,A,protocol_A.jsonl:61 protocol_A.jsonl:62 protocol_A.jsonl:67
densenet,TwoPhase@k=8,0.4221,1,1,ok,True,1,C,protocol_C.jsonl:188
densenet,TwoPhase@k=8,0.43,1,1,ok,True,1,A,protocol_A.jsonl:54
densenet,TwoPhase@k=8,0.4379,1,1,ok,True,1,C,protocol_C.jsonl:191
densenet,TwoPhase@k=8,0.44,1,1,ok,True,1,A,protocol_A.jsonl:51
densenet,TwoPhase@k=8,0.4468,1,1,ok,True,1,C,protocol_C.jsonl:193
densenet,TwoPhase@k=8,0.45,1,1,ok,True,1,A,protocol_A.jsonl:48
densenet,TwoPhase@k=8,0.4509,1,1,ok,True,1,C,protocol_C.jsonl:197
densenet,TwoPhase@k=8,0.46,1,1,ok,True,1,A,protocol_A.jsonl:45
densenet,TwoPhase@k=8,0.4607,1,1,ok,True,1,C,protocol_C.jsonl:199
densenet,TwoPhase@k=8,0.47,1,1,ok,True,1,A,protocol_A.jsonl:42
densenet,TwoPhase@k=8,0.4777,1,1,ok,True,1,C,protocol_C.jsonl:203
densenet,TwoPhase@k=8,0.48,1,1,ok,True,1,A,protocol_A.jsonl:39
densenet,TwoPhase@k=8,0.4858,1,1,ok,True,1,C,protocol_C.jsonl:205
densenet,TwoPhase@k=8,0.49,1,1,ok,True,1,A,protocol_A.jsonl:36
densenet,TwoPhase@k=8,0.4911,1,1,ok,True,1,C,protocol_C.jsonl:208
densenet,TwoPhase@k=8,0.5,1,1,ok,True,1,A,protocol_A.jsonl:33
densenet,TwoPhase@k=8,0.5058,1,1,ok,True,1,C,protocol_C.jsonl:211
densenet,TwoPhase@k=8,0.51,1,1,ok,True,1,A,protocol_A.jsonl:30
densenet,TwoPhase@k=8,0.5181,1,1,ok,True,1,C,protocol_C.jsonl:214
densenet,TwoPhase@k=8,0.52,1,1,ok,True,1,A,protocol_A.jsonl:27
densenet,TwoPhase@k=8,0.5297,1,1,ok,True,1,C,protocol_C.jsonl:218
densenet,TwoPhase@k=8,0.53,1,1,ok,True,1,A,protocol_A.jsonl:24
densenet,TwoPhase@k=8,0.5305,1,1,ok,True,1,C,protocol_C.jsonl:220
densenet,TwoPhase@k=8,0.54,1,1,ok,True,1,A,protocol_A.jsonl:21
densenet,TwoPhase@k=8,0.5484,1,1,ok,True,1,C,protocol_C.jsonl:223
densenet,TwoPhase@k=8,0.55,1,1,ok,True,1,A,protocol_A.jsonl:18
densenet,TwoPhase@k=8,0.554,1,1,ok,True,1,C,protocol_C.jsonl:226
densenet,TwoPhase@k=8,0.56,1,1,ok,True,1,A,protocol_A.jsonl:15
densenet,TwoPhase@k=8,0.561,1,1,ok,True,1,C,protocol_C.jsonl:229
densenet,TwoPhase@k=8,0.57,1,1,ok,True,1,A,protocol_A.jsonl:11
densenet,TwoPhase@k=8,0.5725,1,1,ok,True,1,C,protocol_C.jsonl:231
densenet,TwoPhase@k=8,0.58,1,1,ok,True,1,A,protocol_A.jsonl:9
densenet,TwoPhase@k=8,0.586,1,1,ok,True,1,C,protocol_C.jsonl:236
densenet,TwoPhase@k=8,0.59,1,1,ok,True,1,A,protocol_A.jsonl:6
densenet,TwoPhase@k=8,0.5973,1,1,ok,True,1,C,protocol_C.jsonl:243
densenet,TwoPhase@k=8,0.6,1,1,ok,True,1,A,protocol_A.jsonl:3
inception,DTR,0.05,1,1,oom,True,0,A,protocol_A.jsonl:405
inception,DTR,0.0571,1,1,oom,True,0,C,protocol_C.jsonl:241
inception,DTR,0.0588,1,1,oom,True,0,C,protocol_C.jsonl:238
inception,DTR,0.06,1,1,oom,True,0,A,protocol_A.jsonl:402
inception,DTR,0.0636,1,1,oom,True,0,C,protocol_C.jsonl:246
inception,DTR,0.0689,1,1,oom,True,0,C,protocol_C.jsonl:249
inception,DTR,0.07,3,3,oom,True,0,A,protocol_A.jsonl:393 protocol_A.jsonl:394 protocol_A.jsonl:395
inception,DTR,0.0705,1,1,oom,True,0,C,protocol_C.jsonl:255
inception,DTR,0.0797,1,1,oom,True,0,C,protocol_C.jsonl:252
inception,DTR,0.08,1,1,oom,True,0,A,protocol_A.jsonl:390
inception,DTR,0.0813,1,1,oom,True,0,C,protocol_C.jsonl:261
inception,DTR,0.0828,1,1,oom,True,0,C,protocol_C.jsonl:258
inception,DTR,0.09,1,1,oom,True,0,A,protocol_A.jsonl:387
inception,DTR,0.0946,1,1,oom,True,0,C,protocol_C.jsonl:265
inception,DTR,0.0957,1,1,oom,True,0,C,protocol_C.jsonl:271
inception,DTR,0.1,1,1,oom,True,0,A,protocol_A.jsonl:384
inception,DTR,0.1026,1,1,oom,True,0,C,protocol_C.jsonl:272
inception,DTR,0.108,1,1,oom,True,0,C,protocol_C.jsonl:274
inception,DTR,0.11,1,1,oom,True,0,A,protocol_A.jsonl:381
inception,DTR,0.1143,1,1,oom,True,0,C,protocol_C.jsonl:279
inception,DTR,0.1191,1,1,oom,True,0,C,protocol_C.jsonl:277
inception,DTR,0.12,3,3,oom,True,0,A,protocol_A.jsonl:372 protocol_A.jsonl:374 protocol_A.jsonl:375
inception,DTR,0.1205,1,1,oom,True,0,C,protocol_C.jsonl:286
inception,DTR,0.1266,1,1,oom,True,0,C,protocol_C.jsonl:283
inception,DTR,0.13,1,1,oom,True,0,A,protocol_A.jsonl:370
inception,DTR,0.1304,1,1,oom,True,0,C,protocol_C.jsonl:291
inception,DTR,0.136,1,1,oom,True,0,C,protocol_C.jsonl:287
inception,DTR,0.14,1,1,oom,True,0,A,protocol_A.jsonl:366
inception,DTR,0.1434,1,1,oom,True,0,C,protocol_C.jsonl:293
inception,DTR,0.1486,1,1,oom,True,0,C,protocol_C.jsonl:295
inception,DTR,0.15,1,1,oom,True,0,A,protocol_A.jsonl:363
inception,DTR,0.1552,1,1,oom,True,0,C,protocol_C.jsonl:302
inception,DTR,0.1589,1,1,oom,True,0,C,protocol_C.jsonl:298
inception,DTR,0.16,3,3,oom,True,0,A,protocol_A.jsonl:354 protocol_A.jsonl:355 protocol_A.jsonl:356
inception,DTR,0.1674,1,1,oom,True,0,C,protocol_C.jsonl:308
inception,DTR,0.1684,1,1,oom,True,0,C,protocol_C.jsonl:305
inception,DTR,0.17,1,1,oom,True,0,A,protocol_A.jsonl:351
inception,DTR,0.1768,1,1,oom,True,0,C,protocol_C.jsonl:313
inception,DTR,0.1787,1,1,oom,True,0,C,protocol_C.jsonl:310
inception,DTR,0.18,1,1,oom,True,0,A,protocol_A.jsonl:348
inception,DTR,0.1808,1,1,oom,True,0,C,protocol_C.jsonl:319
inception,DTR,0.181,1,1,oom,True,0,B,protocol_B.jsonl:105
inception,DTR,0.1813,1,1,oom,True,0,C,protocol_C.jsonl:317
inception,DTR,0.182,1,1,oom,True,0,B,protocol_B.jsonl:108
inception,DTR,0.183,1,1,oom,True,0,B,protocol_B.jsonl:110
inception,DTR,0.184,1,1,oom,True,0,B,protocol_B.jsonl:113
inception,DTR,0.185,1,1,oom,True,0,B,protocol_B.jsonl:116
inception,DTR,0.186,1,1,oom,True,0,B,protocol_B.jsonl:120
inception,DTR,0.187,1,1,oom,True,0,B,protocol_B.jsonl:122
inception,DTR,0.188,1,1,oom,True,0,B,protocol_B.jsonl:126
inception,DTR,0.189,1,1,oom,True,0,B,protocol_B.jsonl:128
inception,DTR,0.19,1,0,timeout,,0,A,protocol_A.jsonl:347
inception,DTR,0.1925,1,0,timeout,,0,C,protocol_C.jsonl:331
inception,DTR,0.1935,1,0,timeout,,0,C,protocol_C.jsonl:333
inception,DTR,0.2,1,0,timeout,,0,A,protocol_A.jsonl:345
inception,DTR,0.2004,1,0,timeout,,0,C,protocol_C.jsonl:339
inception,DTR,0.201,1,0,timeout,,0,B,protocol_B.jsonl:141
inception,DTR,0.202,1,0,timeout,,0,B,protocol_B.jsonl:144
inception,DTR,0.203,1,0,timeout,,0,B,protocol_B.jsonl:153
inception,DTR,0.204,1,0,timeout,,0,B,protocol_B.jsonl:155
inception,DTR,0.205,1,1,oom,True,0,B,protocol_B.jsonl:145
inception,DTR,0.206,1,1,oom,True,0,B,protocol_B.jsonl:146
inception,DTR,0.207,1,1,oom,True,0,B,protocol_B.jsonl:150
inception,DTR,0.2071,1,1,oom,True,0,C,protocol_C.jsonl:328
inception,DTR,0.208,1,0,timeout,,0,B,protocol_B.jsonl:164
inception,DTR,0.209,4,4,ok,True,1,B+E,protocol_B.jsonl:161 protocol_E.jsonl:1 protocol_E.jsonl:2 protocol_E.jsonl:3
inception,DTR,0.21,1,0,timeout,,0,A,protocol_A.jsonl:342
inception,DTR,0.211,1,0,timeout,,0,B,protocol_B.jsonl:170
inception,DTR,0.212,4,4,oom,True,0,B+E,protocol_B.jsonl:172 protocol_E.jsonl:4 protocol_E.jsonl:5 protocol_E.jsonl:6
inception,DTR,0.213,1,1,oom,True,0,B,protocol_B.jsonl:175
inception,DTR,0.2131,1,1,oom,True,0,C,protocol_C.jsonl:340
inception,DTR,0.214,1,0,timeout,,0,B,protocol_B.jsonl:176
inception,DTR,0.215,1,0,timeout,,0,B,protocol_B.jsonl:179
inception,DTR,0.216,1,1,oom,True,0,B,protocol_B.jsonl:178
inception,DTR,0.2162,1,1,oom,True,0,C,protocol_C.jsonl:343
inception,DTR,0.217,1,1,oom,True,0,B,protocol_B.jsonl:185
inception,DTR,0.218,1,0,timeout,,0,B,protocol_B.jsonl:207
inception,DTR,0.219,1,1,oom,True,0,B,protocol_B.jsonl:191
inception,DTR,0.22,1,0,timeout,,0,A,protocol_A.jsonl:339
inception,DTR,0.221,1,1,oom,True,0,B,protocol_B.jsonl:197
inception,DTR,0.222,4,4,oom,True,0,B+E,protocol_B.jsonl:199 protocol_E.jsonl:7 protocol_E.jsonl:8 protocol_E.jsonl:11
inception,DTR,0.223,4,4,ok,True,1,B+E,protocol_B.jsonl:194 protocol_E.jsonl:9 protocol_E.jsonl:10 protocol_E.jsonl:12
inception,DTR,0.224,1,1,ok,True,1,B,protocol_B.jsonl:198
inception,DTR,0.225,1,1,ok,True,1,B,protocol_B.jsonl:203
inception,DTR,0.226,1,1,ok,True,1,B,protocol_B.jsonl:205
inception,DTR,0.227,1,1,ok,True,1,B,protocol_B.jsonl:211
inception,DTR,0.2276,1,1,ok,True,1,C,protocol_C.jsonl:344
inception,DTR,0.228,1,1,ok,True,1,B,protocol_B.jsonl:210
inception,DTR,0.2281,1,0,timeout,,0,C,protocol_C.jsonl:352
inception,DTR,0.229,1,1,ok,True,1,B,protocol_B.jsonl:213
inception,DTR,0.23,1,0,timeout,,0,A,protocol_A.jsonl:335
inception,DTR,0.231,1,1,ok,True,1,B,protocol_B.jsonl:218
inception,DTR,0.232,1,1,ok,True,1,B,protocol_B.jsonl:220
inception,DTR,0.233,1,1,ok,True,1,B,protocol_B.jsonl:222
inception,DTR,0.2337,1,1,ok,True,1,C,protocol_C.jsonl:346
inception,DTR,0.234,1,0,timeout,,0,B,protocol_B.jsonl:242
inception,DTR,0.2343,4,4,ok,True,1,C+D,protocol_C.jsonl:349 protocol_D.jsonl:1 protocol_D.jsonl:2 protocol_D.jsonl:3
inception,DTR,0.235,4,4,oom,True,0,B+E,protocol_B.jsonl:235 protocol_E.jsonl:13 protocol_E.jsonl:14 protocol_E.jsonl:16
inception,DTR,0.236,1,1,oom,True,0,B,protocol_B.jsonl:238
inception,DTR,0.237,1,1,oom,True,0,B,protocol_B.jsonl:239
inception,DTR,0.238,1,1,oom,True,0,B,protocol_B.jsonl:246
inception,DTR,0.239,1,0,timeout,,0,B,protocol_B.jsonl:249
inception,DTR,0.24,1,0,timeout,,0,A,protocol_A.jsonl:1234
inception,DTR,0.2405,1,1,oom,True,0,D,protocol_D.jsonl:30
inception,DTR,0.241,2,0,timeout,,0,B+D,protocol_B.jsonl:250 protocol_D.jsonl:32
inception,DTR,0.2415,1,0,timeout,,0,D,protocol_D.jsonl:33
inception,DTR,0.242,2,2,oom,True,0,B+D,protocol_B.jsonl:253 protocol_D.jsonl:35
inception,DTR,0.2423,4,3,oom/timeout,True,0,C+D,protocol_C.jsonl:363 protocol_D.jsonl:4 protocol_D.jsonl:5 protocol_D.jsonl:12
inception,DTR,0.2425,1,1,oom,True,0,D,protocol_D.jsonl:34
inception,DTR,0.243,2,2,ok,True,1,B+D,protocol_B.jsonl:245 protocol_D.jsonl:36
inception,DTR,0.2435,1,0,timeout,,0,D,protocol_D.jsonl:38
inception,DTR,0.244,2,2,ok,True,1,B+D,protocol_B.jsonl:248 protocol_D.jsonl:37
inception,DTR,0.245,1,0,timeout,,0,B,protocol_B.jsonl:264
inception,DTR,0.246,1,0,timeout,,0,B,protocol_B.jsonl:265
inception,DTR,0.247,1,1,ok,True,1,B,protocol_B.jsonl:257
inception,DTR,0.248,5,5,ok,True,1,B+C+D,protocol_C.jsonl:356 protocol_B.jsonl:261 protocol_D.jsonl:6 protocol_D.jsonl:7 protocol_D.jsonl:8
inception,DTR,0.249,1,0,timeout,,0,B,protocol_B.jsonl:275
inception,DTR,0.25,1,1,ok,True,1,A,protocol_A.jsonl:1228
inception,DTR,0.251,1,0,timeout,,0,B,protocol_B.jsonl:282
inception,DTR,0.252,1,1,ok,True,1,B,protocol_B.jsonl:270
inception,DTR,0.2523,4,4,ok,True,1,C+D,protocol_C.jsonl:361 protocol_D.jsonl:9 protocol_D.jsonl:10 protocol_D.jsonl:11
inception,DTR,0.2524,1,1,ok,True,1,D,protocol_D.jsonl:24
inception,DTR,0.2525,1,0,timeout,,0,D,protocol_D.jsonl:27
inception,DTR,0.2526,1,1,oom,True,0,D,protocol_D.jsonl:26
inception,DTR,0.2527,4,4,oom,True,0,C+D,protocol_C.jsonl:375 protocol_D.jsonl:13 protocol_D.jsonl:14 protocol_D.jsonl:19
inception,DTR,0.2528,1,0,timeout,,0,D,protocol_D.jsonl:28
inception,DTR,0.2529,1,0,timeout,,0,D,protocol_D.jsonl:29
inception,DTR,0.253,2,0,timeout,,0,B+D,protocol_B.jsonl:290 protocol_D.jsonl:31
inception,DTR,0.254,1,1,ok,True,1,B,protocol_B.jsonl:277
inception,DTR,0.255,1,1,ok,True,1,B,protocol_B.jsonl:278
inception,DTR,0.256,1,1,ok,True,1,B,protocol_B.jsonl:281
inception,DTR,0.257,1,1,ok,True,1,B,protocol_B.jsonl:286
inception,DTR,0.258,1,1,ok,True,1,B,protocol_B.jsonl:317
inception,DTR,0.259,1,1,ok,True,1,B,protocol_B.jsonl:291
inception,DTR,0.26,4,4,ok,True,1,A+D,protocol_A.jsonl:318 protocol_D.jsonl:15 protocol_D.jsonl:16 protocol_D.jsonl:17
inception,DTR,0.261,1,1,ok,True,1,B,protocol_B.jsonl:293
inception,DTR,0.2613,1,1,ok,True,1,C,protocol_C.jsonl:368
inception,DTR,0.262,1,1,ok,True,1,B,protocol_B.jsonl:296
inception,DTR,0.2629,1,1,ok,True,1,C,protocol_C.jsonl:366
inception,DTR,0.263,1,1,ok,True,1,B,protocol_B.jsonl:300
inception,DTR,0.264,1,1,ok,True,1,B,protocol_B.jsonl:303
inception,DTR,0.265,1,1,ok,True,1,B,protocol_B.jsonl:306
inception,DTR,0.266,1,1,ok,True,1,B,protocol_B.jsonl:308
inception,DTR,0.267,1,1,ok,True,1,B,protocol_B.jsonl:311
inception,DTR,0.268,1,1,ok,True,1,B,protocol_B.jsonl:315
inception,DTR,0.269,1,1,ok,True,1,B,protocol_B.jsonl:318
inception,DTR,0.27,1,1,ok,True,1,A,protocol_A.jsonl:316
inception,DTR,0.271,1,1,ok,True,1,B,protocol_B.jsonl:320
inception,DTR,0.272,1,1,ok,True,1,B,protocol_B.jsonl:324
inception,DTR,0.2722,1,1,ok,True,1,C,protocol_C.jsonl:373
inception,DTR,0.273,1,1,ok,True,1,B,protocol_B.jsonl:327
inception,DTR,0.2731,1,1,ok,True,1,C,protocol_C.jsonl:370
inception,DTR,0.274,1,1,ok,True,1,B,protocol_B.jsonl:329
inception,DTR,0.275,1,1,ok,True,1,B,protocol_B.jsonl:332
inception,DTR,0.276,1,1,ok,True,1,B,protocol_B.jsonl:336
inception,DTR,0.277,1,1,ok,True,1,B,protocol_B.jsonl:338
inception,DTR,0.278,1,1,ok,True,1,B,protocol_B.jsonl:342
inception,DTR,0.279,1,1,ok,True,1,B,protocol_B.jsonl:346
inception,DTR,0.28,3,3,ok,True,1,A,protocol_A.jsonl:307 protocol_A.jsonl:308 protocol_A.jsonl:310
inception,DTR,0.2846,1,1,ok,True,1,C,protocol_C.jsonl:379
inception,DTR,0.2894,1,1,ok,True,1,C,protocol_C.jsonl:376
inception,DTR,0.29,1,1,ok,True,1,A,protocol_A.jsonl:304
inception,DTR,0.291,1,1,ok,True,1,B,protocol_B.jsonl:352
inception,DTR,0.292,1,1,ok,True,1,B,protocol_B.jsonl:354
inception,DTR,0.293,1,1,ok,True,1,B,protocol_B.jsonl:353
inception,DTR,0.2933,1,1,ok,True,1,C,protocol_C.jsonl:382
inception,DTR,0.294,1,1,ok,True,1,B,protocol_B.jsonl:360
inception,DTR,0.295,1,1,ok,True,1,B,protocol_B.jsonl:359
inception,DTR,0.2955,1,1,ok,True,1,C,protocol_C.jsonl:385
inception,DTR,0.296,1,1,ok,True,1,B,protocol_B.jsonl:362
inception,DTR,0.297,1,1,ok,True,1,B,protocol_B.jsonl:365
inception,DTR,0.298,1,1,ok,True,1,B,protocol_B.jsonl:370
inception,DTR,0.299,1,1,ok,True,1,B,protocol_B.jsonl:373
inception,DTR,0.3,1,1,ok,True,1,A,protocol_A.jsonl:300
inception,DTR,0.3001,1,1,ok,True,1,C,protocol_C.jsonl:388
inception,DTR,0.301,1,1,ok,True,1,B,protocol_B.jsonl:374
inception,DTR,0.302,1,1,ok,True,1,B,protocol_B.jsonl:379
inception,DTR,0.303,1,1,ok,True,1,B,protocol_B.jsonl:381
inception,DTR,0.304,1,1,ok,True,1,B,protocol_B.jsonl:383
inception,DTR,0.305,1,1,ok,True,1,B,protocol_B.jsonl:386
inception,DTR,0.306,1,1,ok,True,1,B,protocol_B.jsonl:389
inception,DTR,0.307,1,1,ok,True,1,B,protocol_B.jsonl:393
inception,DTR,0.308,1,1,ok,True,1,B,protocol_B.jsonl:395
inception,DTR,0.309,1,1,ok,True,1,B,protocol_B.jsonl:398
inception,DTR,0.31,1,1,ok,True,1,A,protocol_A.jsonl:297
inception,DTR,0.3102,1,1,ok,True,1,C,protocol_C.jsonl:391
inception,DTR,0.32,1,1,ok,True,1,A,protocol_A.jsonl:296
inception,DTR,0.3285,1,1,ok,True,1,C,protocol_C.jsonl:394
inception,DTR,0.33,1,1,ok,True,1,A,protocol_A.jsonl:292
inception,DTR,0.3386,1,1,ok,True,1,C,protocol_C.jsonl:397
inception,DTR,0.34,1,1,ok,True,1,A,protocol_A.jsonl:288
inception,DTR,0.3445,1,1,ok,True,1,C,protocol_C.jsonl:400
inception,DTR,0.35,1,1,ok,True,1,A,protocol_A.jsonl:285
inception,DTR,0.351,1,1,ok,True,1,B,protocol_B.jsonl:402
inception,DTR,0.352,1,1,ok,True,1,B,protocol_B.jsonl:404
inception,DTR,0.353,1,1,ok,True,1,B,protocol_B.jsonl:407
inception,DTR,0.354,1,1,ok,True,1,B,protocol_B.jsonl:410
inception,DTR,0.355,1,1,ok,True,1,B,protocol_B.jsonl:413
inception,DTR,0.356,1,1,ok,True,1,B,protocol_B.jsonl:416
inception,DTR,0.3565,1,1,ok,True,1,C,protocol_C.jsonl:403
inception,DTR,0.357,1,1,ok,True,1,B,protocol_B.jsonl:419
inception,DTR,0.358,1,1,ok,True,1,B,protocol_B.jsonl:422
inception,DTR,0.359,1,1,ok,True,1,B,protocol_B.jsonl:425
inception,DTR,0.36,1,1,ok,True,1,A,protocol_A.jsonl:282
inception,DTR,0.3676,1,1,ok,True,1,C,protocol_C.jsonl:406
inception,DTR,0.37,1,1,ok,True,1,A,protocol_A.jsonl:279
inception,DTR,0.371,1,1,ok,True,1,B,protocol_B.jsonl:428
inception,DTR,0.372,1,1,ok,True,1,B,protocol_B.jsonl:431
inception,DTR,0.373,1,1,ok,True,1,B,protocol_B.jsonl:434
inception,DTR,0.374,1,1,ok,True,1,B,protocol_B.jsonl:437
inception,DTR,0.375,1,1,ok,True,1,B,protocol_B.jsonl:440
inception,DTR,0.376,1,1,ok,True,1,B,protocol_B.jsonl:443
inception,DTR,0.377,1,1,ok,True,1,B,protocol_B.jsonl:446
inception,DTR,0.378,1,1,ok,True,1,B,protocol_B.jsonl:449
inception,DTR,0.3787,1,1,ok,True,1,C,protocol_C.jsonl:409
inception,DTR,0.379,1,1,ok,True,1,B,protocol_B.jsonl:452
inception,DTR,0.38,1,1,ok,True,1,A,protocol_A.jsonl:276
inception,DTR,0.3807,1,1,ok,True,1,C,protocol_C.jsonl:412
inception,DTR,0.381,1,1,ok,True,1,B,protocol_B.jsonl:455
inception,DTR,0.382,1,1,ok,True,1,B,protocol_B.jsonl:458
inception,DTR,0.383,1,1,ok,True,1,B,protocol_B.jsonl:461
inception,DTR,0.384,1,1,ok,True,1,B,protocol_B.jsonl:464
inception,DTR,0.385,1,1,ok,True,1,B,protocol_B.jsonl:467
inception,DTR,0.386,1,1,ok,True,1,B,protocol_B.jsonl:470
inception,DTR,0.387,1,1,ok,True,1,B,protocol_B.jsonl:473
inception,DTR,0.388,1,1,ok,True,1,B,protocol_B.jsonl:476
inception,DTR,0.389,1,1,ok,True,1,B,protocol_B.jsonl:479
inception,DTR,0.39,1,1,ok,True,1,A,protocol_A.jsonl:273
inception,DTR,0.393,1,1,ok,True,1,C,protocol_C.jsonl:415
inception,DTR,0.4,1,1,ok,True,1,A,protocol_A.jsonl:270
inception,DTR,0.401,1,1,ok,True,1,B,protocol_B.jsonl:482
inception,DTR,0.4073,1,1,ok,True,1,C,protocol_C.jsonl:418
inception,DTR,0.41,1,1,ok,True,1,A,protocol_A.jsonl:267
inception,DTR,0.4198,1,1,ok,True,1,C,protocol_C.jsonl:421
inception,DTR,0.42,1,1,ok,True,1,A,protocol_A.jsonl:265
inception,DTR,0.4232,1,1,ok,True,1,C,protocol_C.jsonl:424
inception,DTR,0.43,1,1,ok,True,1,A,protocol_A.jsonl:263
inception,DTR,0.4301,1,1,ok,True,1,C,protocol_C.jsonl:427
inception,DTR,0.44,1,1,ok,True,1,A,protocol_A.jsonl:261
inception,DTR,0.4478,1,1,ok,True,1,C,protocol_C.jsonl:430
inception,DTR,0.45,3,3,ok,True,1,A,protocol_A.jsonl:252 protocol_A.jsonl:253 protocol_A.jsonl:255
inception,DTR,0.4562,1,1,ok,True,1,C,protocol_C.jsonl:433
inception,DTR,0.46,1,1,ok,True,1,A,protocol_A.jsonl:250
inception,DTR,0.4694,1,1,ok,True,1,C,protocol_C.jsonl:436
inception,DTR,0.47,1,1,ok,True,1,A,protocol_A.jsonl:247
inception,DTR,0.4791,1,1,ok,True,1,C,protocol_C.jsonl:439
inception,DTR,0.48,1,1,ok,True,1,A,protocol_A.jsonl:244
inception,DTR,0.4893,1,1,ok,True,1,C,protocol_C.jsonl:442
inception,DTR,0.49,1,1,ok,True,1,A,protocol_A.jsonl:241
inception,DTR,0.4973,1,1,ok,True,1,C,protocol_C.jsonl:445
inception,DTR,0.5,1,1,ok,True,1,A,protocol_A.jsonl:238
inception,DTR,0.5055,1,1,ok,True,1,C,protocol_C.jsonl:449
inception,DTR,0.51,1,1,ok,True,1,A,protocol_A.jsonl:235
inception,DTR,0.5155,1,1,ok,True,1,C,protocol_C.jsonl:452
inception,DTR,0.52,1,1,ok,True,1,A,protocol_A.jsonl:232
inception,DTR,0.5203,1,1,ok,True,1,C,protocol_C.jsonl:455
inception,DTR,0.53,1,1,ok,True,1,A,protocol_A.jsonl:229
inception,DTR,0.5393,1,1,ok,True,1,C,protocol_C.jsonl:458
inception,DTR,0.54,1,1,ok,True,1,A,protocol_A.jsonl:225
inception,DTR,0.5482,1,1,ok,True,1,C,protocol_C.jsonl:461
inception,DTR,0.55,1,1,ok,True,1,A,protocol_A.jsonl:223
inception,DTR,0.5512,1,1,ok,True,1,C,protocol_C.jsonl:464
inception,DTR,0.56,1,1,ok,True,1,A,protocol_A.jsonl:218
inception,DTR,0.5647,1,1,ok,True,1,C,protocol_C.jsonl:467
inception,DTR,0.57,1,1,ok,True,1,A,protocol_A.jsonl:217
inception,DTR,0.5742,1,1,ok,True,1,C,protocol_C.jsonl:470
inception,DTR,0.58,3,3,ok,True,1,A,protocol_A.jsonl:207 protocol_A.jsonl:208 protocol_A.jsonl:209
inception,DTR,0.5822,1,1,ok,True,1,C,protocol_C.jsonl:475
inception,DTR,0.59,1,1,ok,True,1,A,protocol_A.jsonl:203
inception,DTR,0.598,1,1,ok,True,1,C,protocol_C.jsonl:479
inception,DTR,0.6,1,1,ok,True,1,A,protocol_A.jsonl:201
inception,DTRStock,0.209,1,1,ok,True,1,E,protocol_E.jsonl:15
inception,DTRStock,0.212,1,1,oom,True,0,E,protocol_E.jsonl:18
inception,DTRStock,0.222,1,1,oom,True,0,E,protocol_E.jsonl:17
inception,DTRStock,0.223,1,1,ok,True,1,E,protocol_E.jsonl:19
inception,DTRStock,0.2343,1,1,ok,True,1,D,protocol_D.jsonl:18
inception,DTRStock,0.235,1,1,oom,True,0,E,protocol_E.jsonl:20
inception,DTRStock,0.2423,2,1,oom/timeout,True,0,D,protocol_D.jsonl:40 protocol_D_cloud.jsonl:2
inception,DTRStock,0.248,1,1,ok,True,1,D,protocol_D.jsonl:20
inception,DTRStock,0.2523,1,1,ok,True,1,D,protocol_D.jsonl:21
inception,DTRStock,0.2527,2,1,oom/timeout,True,0,D,protocol_D.jsonl:39 protocol_D_cloud.jsonl:1
inception,DTRStock,0.26,1,1,ok,True,1,D,protocol_D.jsonl:23
inception,NbhdPenalty@b=0.25,0.05,1,1,oom,True,0,A,protocol_A.jsonl:406
inception,NbhdPenalty@b=0.25,0.0571,1,1,oom,True,0,C,protocol_C.jsonl:242
inception,NbhdPenalty@b=0.25,0.0588,1,1,oom,True,0,C,protocol_C.jsonl:239
inception,NbhdPenalty@b=0.25,0.06,1,1,oom,True,0,A,protocol_A.jsonl:403
inception,NbhdPenalty@b=0.25,0.0636,1,1,oom,True,0,C,protocol_C.jsonl:247
inception,NbhdPenalty@b=0.25,0.0689,1,1,oom,True,0,C,protocol_C.jsonl:251
inception,NbhdPenalty@b=0.25,0.07,3,3,oom,True,0,A,protocol_A.jsonl:396 protocol_A.jsonl:397 protocol_A.jsonl:398
inception,NbhdPenalty@b=0.25,0.0705,1,1,oom,True,0,C,protocol_C.jsonl:256
inception,NbhdPenalty@b=0.25,0.0797,1,1,oom,True,0,C,protocol_C.jsonl:253
inception,NbhdPenalty@b=0.25,0.08,1,1,oom,True,0,A,protocol_A.jsonl:391
inception,NbhdPenalty@b=0.25,0.0813,1,1,oom,True,0,C,protocol_C.jsonl:262
inception,NbhdPenalty@b=0.25,0.0828,1,1,oom,True,0,C,protocol_C.jsonl:259
inception,NbhdPenalty@b=0.25,0.09,1,1,oom,True,0,A,protocol_A.jsonl:388
inception,NbhdPenalty@b=0.25,0.0946,1,1,oom,True,0,C,protocol_C.jsonl:266
inception,NbhdPenalty@b=0.25,0.0957,1,1,oom,True,0,C,protocol_C.jsonl:269
inception,NbhdPenalty@b=0.25,0.1,1,1,oom,True,0,A,protocol_A.jsonl:424
inception,NbhdPenalty@b=0.25,0.1026,1,1,oom,True,0,C,protocol_C.jsonl:276
inception,NbhdPenalty@b=0.25,0.108,1,1,oom,True,0,C,protocol_C.jsonl:275
inception,NbhdPenalty@b=0.25,0.11,1,1,oom,True,0,A,protocol_A.jsonl:385
inception,NbhdPenalty@b=0.25,0.1143,1,1,oom,True,0,C,protocol_C.jsonl:281
inception,NbhdPenalty@b=0.25,0.1191,1,1,oom,True,0,C,protocol_C.jsonl:278
inception,NbhdPenalty@b=0.25,0.12,3,3,oom,True,0,A,protocol_A.jsonl:376 protocol_A.jsonl:377 protocol_A.jsonl:378
inception,NbhdPenalty@b=0.25,0.1205,1,1,oom,True,0,C,protocol_C.jsonl:285
inception,NbhdPenalty@b=0.25,0.1266,1,1,oom,True,0,C,protocol_C.jsonl:282
inception,NbhdPenalty@b=0.25,0.13,1,1,oom,True,0,A,protocol_A.jsonl:371
inception,NbhdPenalty@b=0.25,0.1304,1,1,oom,True,0,C,protocol_C.jsonl:292
inception,NbhdPenalty@b=0.25,0.136,1,1,oom,True,0,C,protocol_C.jsonl:290
inception,NbhdPenalty@b=0.25,0.14,1,1,oom,True,0,A,protocol_A.jsonl:368
inception,NbhdPenalty@b=0.25,0.1434,1,1,oom,True,0,C,protocol_C.jsonl:296
inception,NbhdPenalty@b=0.25,0.1486,1,1,oom,True,0,C,protocol_C.jsonl:299
inception,NbhdPenalty@b=0.25,0.15,1,1,oom,True,0,A,protocol_A.jsonl:364
inception,NbhdPenalty@b=0.25,0.1552,1,1,oom,True,0,C,protocol_C.jsonl:304
inception,NbhdPenalty@b=0.25,0.1589,1,1,oom,True,0,C,protocol_C.jsonl:301
inception,NbhdPenalty@b=0.25,0.16,3,3,oom,True,0,A,protocol_A.jsonl:358 protocol_A.jsonl:359 protocol_A.jsonl:360
inception,NbhdPenalty@b=0.25,0.1674,1,1,oom,True,0,C,protocol_C.jsonl:311
inception,NbhdPenalty@b=0.25,0.1684,1,1,oom,True,0,C,protocol_C.jsonl:306
inception,NbhdPenalty@b=0.25,0.17,1,1,oom,True,0,A,protocol_A.jsonl:352
inception,NbhdPenalty@b=0.25,0.1768,1,1,oom,True,0,C,protocol_C.jsonl:316
inception,NbhdPenalty@b=0.25,0.1787,1,1,oom,True,0,C,protocol_C.jsonl:314
inception,NbhdPenalty@b=0.25,0.18,1,1,oom,True,0,A,protocol_A.jsonl:349
inception,NbhdPenalty@b=0.25,0.1808,1,1,oom,True,0,C,protocol_C.jsonl:322
inception,NbhdPenalty@b=0.25,0.181,1,1,oom,True,0,B,protocol_B.jsonl:107
inception,NbhdPenalty@b=0.25,0.1813,1,1,oom,True,0,C,protocol_C.jsonl:321
inception,NbhdPenalty@b=0.25,0.182,1,1,oom,True,0,B,protocol_B.jsonl:111
inception,NbhdPenalty@b=0.25,0.183,1,1,oom,True,0,B,protocol_B.jsonl:112
inception,NbhdPenalty@b=0.25,0.184,1,1,oom,True,0,B,protocol_B.jsonl:114
inception,NbhdPenalty@b=0.25,0.185,1,1,oom,True,0,B,protocol_B.jsonl:118
inception,NbhdPenalty@b=0.25,0.186,1,1,oom,True,0,B,protocol_B.jsonl:123
inception,NbhdPenalty@b=0.25,0.187,1,1,oom,True,0,B,protocol_B.jsonl:125
inception,NbhdPenalty@b=0.25,0.188,1,1,oom,True,0,B,protocol_B.jsonl:127
inception,NbhdPenalty@b=0.25,0.189,1,1,oom,True,0,B,protocol_B.jsonl:133
inception,NbhdPenalty@b=0.25,0.19,1,1,oom,True,0,A,protocol_A.jsonl:346
inception,NbhdPenalty@b=0.25,0.1925,1,1,oom,True,0,C,protocol_C.jsonl:325
inception,NbhdPenalty@b=0.25,0.1935,1,1,oom,True,0,C,protocol_C.jsonl:327
inception,NbhdPenalty@b=0.25,0.2,1,1,oom,True,0,A,protocol_A.jsonl:343
inception,NbhdPenalty@b=0.25,0.2004,1,1,oom,True,0,C,protocol_C.jsonl:332
inception,NbhdPenalty@b=0.25,0.201,1,1,oom,True,0,B,protocol_B.jsonl:132
inception,NbhdPenalty@b=0.25,0.202,1,1,oom,True,0,B,protocol_B.jsonl:135
inception,NbhdPenalty@b=0.25,0.203,1,1,oom,True,0,B,protocol_B.jsonl:139
inception,NbhdPenalty@b=0.25,0.204,1,1,oom,True,0,B,protocol_B.jsonl:142
inception,NbhdPenalty@b=0.25,0.205,1,1,oom,True,0,B,protocol_B.jsonl:148
inception,NbhdPenalty@b=0.25,0.206,1,1,oom,True,0,B,protocol_B.jsonl:147
inception,NbhdPenalty@b=0.25,0.207,1,1,oom,True,0,B,protocol_B.jsonl:151
inception,NbhdPenalty@b=0.25,0.2071,1,1,oom,True,0,C,protocol_C.jsonl:329
inception,NbhdPenalty@b=0.25,0.208,1,1,oom,True,0,B,protocol_B.jsonl:154
inception,NbhdPenalty@b=0.25,0.209,1,1,oom,True,0,B,protocol_B.jsonl:156
inception,NbhdPenalty@b=0.25,0.21,1,1,oom,True,0,A,protocol_A.jsonl:340
inception,NbhdPenalty@b=0.25,0.211,1,1,oom,True,0,B,protocol_B.jsonl:159
inception,NbhdPenalty@b=0.25,0.212,1,1,oom,True,0,B,protocol_B.jsonl:162
inception,NbhdPenalty@b=0.25,0.213,1,1,oom,True,0,B,protocol_B.jsonl:165
inception,NbhdPenalty@b=0.25,0.2131,1,1,oom,True,0,C,protocol_C.jsonl:335
inception,NbhdPenalty@b=0.25,0.214,1,1,oom,True,0,B,protocol_B.jsonl:169
inception,NbhdPenalty@b=0.25,0.215,1,1,oom,True,0,B,protocol_B.jsonl:171
inception,NbhdPenalty@b=0.25,0.216,1,1,oom,True,0,B,protocol_B.jsonl:174
inception,NbhdPenalty@b=0.25,0.2162,1,1,oom,True,0,C,protocol_C.jsonl:338
inception,NbhdPenalty@b=0.25,0.217,1,1,oom,True,0,B,protocol_B.jsonl:177
inception,NbhdPenalty@b=0.25,0.218,1,1,oom,True,0,B,protocol_B.jsonl:180
inception,NbhdPenalty@b=0.25,0.219,1,1,oom,True,0,B,protocol_B.jsonl:184
inception,NbhdPenalty@b=0.25,0.22,1,1,oom,True,0,A,protocol_A.jsonl:337
inception,NbhdPenalty@b=0.25,0.221,1,1,oom,True,0,B,protocol_B.jsonl:186
inception,NbhdPenalty@b=0.25,0.222,1,1,oom,True,0,B,protocol_B.jsonl:189
inception,NbhdPenalty@b=0.25,0.223,1,1,oom,True,0,B,protocol_B.jsonl:192
inception,NbhdPenalty@b=0.25,0.224,1,1,oom,True,0,B,protocol_B.jsonl:195
inception,NbhdPenalty@b=0.25,0.225,1,1,oom,True,0,B,protocol_B.jsonl:200
inception,NbhdPenalty@b=0.25,0.226,1,1,oom,True,0,B,protocol_B.jsonl:201
inception,NbhdPenalty@b=0.25,0.227,1,1,oom,True,0,B,protocol_B.jsonl:204
inception,NbhdPenalty@b=0.25,0.2276,1,1,oom,True,0,C,protocol_C.jsonl:345
inception,NbhdPenalty@b=0.25,0.228,1,1,oom,True,0,B,protocol_B.jsonl:208
inception,NbhdPenalty@b=0.25,0.2281,1,1,oom,True,0,C,protocol_C.jsonl:341
inception,NbhdPenalty@b=0.25,0.229,1,1,oom,True,0,B,protocol_B.jsonl:212
inception,NbhdPenalty@b=0.25,0.23,1,1,oom,True,0,A,protocol_A.jsonl:334
inception,NbhdPenalty@b=0.25,0.231,1,1,oom,True,0,B,protocol_B.jsonl:214
inception,NbhdPenalty@b=0.25,0.232,1,1,oom,True,0,B,protocol_B.jsonl:217
inception,NbhdPenalty@b=0.25,0.233,1,1,oom,True,0,B,protocol_B.jsonl:219
inception,NbhdPenalty@b=0.25,0.2337,1,1,oom,True,0,C,protocol_C.jsonl:347
inception,NbhdPenalty@b=0.25,0.234,1,1,oom,True,0,B,protocol_B.jsonl:224
inception,NbhdPenalty@b=0.25,0.2343,1,1,oom,True,0,C,protocol_C.jsonl:350
inception,NbhdPenalty@b=0.25,0.235,1,1,oom,True,0,B,protocol_B.jsonl:226
inception,NbhdPenalty@b=0.25,0.236,1,1,oom,True,0,B,protocol_B.jsonl:228
inception,NbhdPenalty@b=0.25,0.237,1,1,oom,True,0,B,protocol_B.jsonl:231
inception,NbhdPenalty@b=0.25,0.238,1,1,oom,True,0,B,protocol_B.jsonl:234
inception,NbhdPenalty@b=0.25,0.239,1,1,oom,True,0,B,protocol_B.jsonl:237
inception,NbhdPenalty@b=0.25,0.24,1,1,oom,True,0,A,protocol_A.jsonl:331
inception,NbhdPenalty@b=0.25,0.241,1,1,oom,True,0,B,protocol_B.jsonl:240
inception,NbhdPenalty@b=0.25,0.242,1,1,oom,True,0,B,protocol_B.jsonl:243
inception,NbhdPenalty@b=0.25,0.2423,1,1,oom,True,0,C,protocol_C.jsonl:354
inception,NbhdPenalty@b=0.25,0.243,1,1,oom,True,0,B,protocol_B.jsonl:251
inception,NbhdPenalty@b=0.25,0.244,1,1,oom,True,0,B,protocol_B.jsonl:256
inception,NbhdPenalty@b=0.25,0.245,1,1,oom,True,0,B,protocol_B.jsonl:254
inception,NbhdPenalty@b=0.25,0.246,1,1,ok,True,1,B,protocol_B.jsonl:259
inception,NbhdPenalty@b=0.25,0.247,1,1,oom,True,0,B,protocol_B.jsonl:262
inception,NbhdPenalty@b=0.25,0.248,2,2,ok,True,1,B+C,protocol_C.jsonl:357 protocol_B.jsonl:263
inception,NbhdPenalty@b=0.25,0.249,1,1,oom,True,0,B,protocol_B.jsonl:269
inception,NbhdPenalty@b=0.25,0.25,1,1,oom,True,0,A,protocol_A.jsonl:1231
inception,NbhdPenalty@b=0.25,0.251,1,1,ok,True,1,B,protocol_B.jsonl:271
inception,NbhdPenalty@b=0.25,0.252,1,1,oom,True,0,B,protocol_B.jsonl:273
inception,NbhdPenalty@b=0.25,0.2523,1,1,oom,True,0,C,protocol_C.jsonl:365
inception,NbhdPenalty@b=0.25,0.2527,1,1,oom,True,0,C,protocol_C.jsonl:359
inception,NbhdPenalty@b=0.25,0.253,1,1,oom,True,0,B,protocol_B.jsonl:274
inception,NbhdPenalty@b=0.25,0.254,1,1,oom,True,0,B,protocol_B.jsonl:285
inception,NbhdPenalty@b=0.25,0.255,1,1,oom,True,0,B,protocol_B.jsonl:279
inception,NbhdPenalty@b=0.25,0.256,1,1,oom,True,0,B,protocol_B.jsonl:284
inception,NbhdPenalty@b=0.25,0.257,1,1,oom,True,0,B,protocol_B.jsonl:287
inception,NbhdPenalty@b=0.25,0.258,1,1,oom,True,0,B,protocol_B.jsonl:288
inception,NbhdPenalty@b=0.25,0.259,1,1,oom,True,0,B,protocol_B.jsonl:292
inception,NbhdPenalty@b=0.25,0.26,1,1,oom,True,0,A,protocol_A.jsonl:321
inception,NbhdPenalty@b=0.25,0.261,1,1,oom,True,0,B,protocol_B.jsonl:294
inception,NbhdPenalty@b=0.25,0.2613,1,1,oom,True,0,C,protocol_C.jsonl:369
inception,NbhdPenalty@b=0.25,0.262,1,1,oom,True,0,B,protocol_B.jsonl:298
inception,NbhdPenalty@b=0.25,0.2629,1,1,oom,True,0,C,protocol_C.jsonl:367
inception,NbhdPenalty@b=0.25,0.263,1,1,oom,True,0,B,protocol_B.jsonl:301
inception,NbhdPenalty@b=0.25,0.264,1,1,oom,True,0,B,protocol_B.jsonl:305
inception,NbhdPenalty@b=0.25,0.265,1,1,oom,True,0,B,protocol_B.jsonl:307
inception,NbhdPenalty@b=0.25,0.266,1,1,oom,True,0,B,protocol_B.jsonl:309
inception,NbhdPenalty@b=0.25,0.267,1,1,oom,True,0,B,protocol_B.jsonl:313
inception,NbhdPenalty@b=0.25,0.268,1,1,oom,True,0,B,protocol_B.jsonl:316
inception,NbhdPenalty@b=0.25,0.269,1,1,ok,True,1,B,protocol_B.jsonl:322
inception,NbhdPenalty@b=0.25,0.27,1,1,ok,True,1,A,protocol_A.jsonl:319
inception,NbhdPenalty@b=0.25,0.271,1,1,ok,True,1,B,protocol_B.jsonl:325
inception,NbhdPenalty@b=0.25,0.272,1,1,ok,True,1,B,protocol_B.jsonl:328
inception,NbhdPenalty@b=0.25,0.2722,1,1,ok,True,1,C,protocol_C.jsonl:377
inception,NbhdPenalty@b=0.25,0.273,1,1,ok,True,1,B,protocol_B.jsonl:330
inception,NbhdPenalty@b=0.25,0.2731,1,1,ok,True,1,C,protocol_C.jsonl:374
inception,NbhdPenalty@b=0.25,0.274,1,1,oom,True,0,B,protocol_B.jsonl:331
inception,NbhdPenalty@b=0.25,0.275,1,1,oom,True,0,B,protocol_B.jsonl:334
inception,NbhdPenalty@b=0.25,0.276,1,1,oom,True,0,B,protocol_B.jsonl:337
inception,NbhdPenalty@b=0.25,0.277,1,1,oom,True,0,B,protocol_B.jsonl:341
inception,NbhdPenalty@b=0.25,0.278,1,1,oom,True,0,B,protocol_B.jsonl:344
inception,NbhdPenalty@b=0.25,0.279,1,1,oom,True,0,B,protocol_B.jsonl:347
inception,NbhdPenalty@b=0.25,0.28,3,3,oom,True,0,A,protocol_A.jsonl:311 protocol_A.jsonl:313 protocol_A.jsonl:315
inception,NbhdPenalty@b=0.25,0.2846,1,1,oom,True,0,C,protocol_C.jsonl:380
inception,NbhdPenalty@b=0.25,0.2894,1,1,oom,True,0,C,protocol_C.jsonl:378
inception,NbhdPenalty@b=0.25,0.29,1,1,oom,True,0,A,protocol_A.jsonl:306
inception,NbhdPenalty@b=0.25,0.291,1,1,oom,True,0,B,protocol_B.jsonl:351
inception,NbhdPenalty@b=0.25,0.292,1,1,oom,True,0,B,protocol_B.jsonl:356
inception,NbhdPenalty@b=0.25,0.293,1,1,oom,True,0,B,protocol_B.jsonl:357
inception,NbhdPenalty@b=0.25,0.2933,1,1,oom,True,0,C,protocol_C.jsonl:383
inception,NbhdPenalty@b=0.25,0.294,1,1,oom,True,0,B,protocol_B.jsonl:358
inception,NbhdPenalty@b=0.25,0.295,1,1,oom,True,0,B,protocol_B.jsonl:361
inception,NbhdPenalty@b=0.25,0.2955,1,1,oom,True,0,C,protocol_C.jsonl:387
inception,NbhdPenalty@b=0.25,0.296,1,1,oom,True,0,B,protocol_B.jsonl:364
inception,NbhdPenalty@b=0.25,0.297,1,1,ok,True,1,B,protocol_B.jsonl:366
inception,NbhdPenalty@b=0.25,0.298,1,1,oom,True,0,B,protocol_B.jsonl:371
inception,NbhdPenalty@b=0.25,0.299,1,1,oom,True,0,B,protocol_B.jsonl:372
inception,NbhdPenalty@b=0.25,0.3,1,1,oom,True,0,A,protocol_A.jsonl:302
inception,NbhdPenalty@b=0.25,0.3001,1,1,oom,True,0,C,protocol_C.jsonl:390
inception,NbhdPenalty@b=0.25,0.301,1,1,oom,True,0,B,protocol_B.jsonl:377
inception,NbhdPenalty@b=0.25,0.302,1,1,oom,True,0,B,protocol_B.jsonl:380
inception,NbhdPenalty@b=0.25,0.303,1,1,ok,True,1,B,protocol_B.jsonl:382
inception,NbhdPenalty@b=0.25,0.304,1,1,oom,True,0,B,protocol_B.jsonl:385
inception,NbhdPenalty@b=0.25,0.305,1,1,oom,True,0,B,protocol_B.jsonl:388
inception,NbhdPenalty@b=0.25,0.306,1,1,oom,True,0,B,protocol_B.jsonl:392
inception,NbhdPenalty@b=0.25,0.307,1,1,oom,True,0,B,protocol_B.jsonl:394
inception,NbhdPenalty@b=0.25,0.308,1,1,oom,True,0,B,protocol_B.jsonl:396
inception,NbhdPenalty@b=0.25,0.309,1,1,ok,True,1,B,protocol_B.jsonl:399
inception,NbhdPenalty@b=0.25,0.31,1,1,ok,True,1,A,protocol_A.jsonl:299
inception,NbhdPenalty@b=0.25,0.3102,1,1,ok,True,1,C,protocol_C.jsonl:392
inception,NbhdPenalty@b=0.25,0.32,1,1,ok,True,1,A,protocol_A.jsonl:295
inception,NbhdPenalty@b=0.25,0.3285,1,1,ok,True,1,C,protocol_C.jsonl:395
inception,NbhdPenalty@b=0.25,0.33,1,1,ok,True,1,A,protocol_A.jsonl:294
inception,NbhdPenalty@b=0.25,0.3386,1,1,ok,True,1,C,protocol_C.jsonl:398
inception,NbhdPenalty@b=0.25,0.34,1,1,ok,True,1,A,protocol_A.jsonl:289
inception,NbhdPenalty@b=0.25,0.3445,1,1,ok,True,1,C,protocol_C.jsonl:401
inception,NbhdPenalty@b=0.25,0.35,1,1,ok,True,1,A,protocol_A.jsonl:286
inception,NbhdPenalty@b=0.25,0.351,1,1,ok,True,1,B,protocol_B.jsonl:403
inception,NbhdPenalty@b=0.25,0.352,1,1,ok,True,1,B,protocol_B.jsonl:405
inception,NbhdPenalty@b=0.25,0.353,1,1,ok,True,1,B,protocol_B.jsonl:409
inception,NbhdPenalty@b=0.25,0.354,1,1,ok,True,1,B,protocol_B.jsonl:411
inception,NbhdPenalty@b=0.25,0.355,1,1,ok,True,1,B,protocol_B.jsonl:414
inception,NbhdPenalty@b=0.25,0.356,1,1,ok,True,1,B,protocol_B.jsonl:417
inception,NbhdPenalty@b=0.25,0.3565,1,1,ok,True,1,C,protocol_C.jsonl:404
inception,NbhdPenalty@b=0.25,0.357,1,1,ok,True,1,B,protocol_B.jsonl:421
inception,NbhdPenalty@b=0.25,0.358,1,1,ok,True,1,B,protocol_B.jsonl:423
inception,NbhdPenalty@b=0.25,0.359,1,1,ok,True,1,B,protocol_B.jsonl:426
inception,NbhdPenalty@b=0.25,0.36,1,1,ok,True,1,A,protocol_A.jsonl:283
inception,NbhdPenalty@b=0.25,0.3676,1,1,ok,True,1,C,protocol_C.jsonl:407
inception,NbhdPenalty@b=0.25,0.37,1,1,ok,True,1,A,protocol_A.jsonl:280
inception,NbhdPenalty@b=0.25,0.371,1,1,ok,True,1,B,protocol_B.jsonl:429
inception,NbhdPenalty@b=0.25,0.372,1,1,ok,True,1,B,protocol_B.jsonl:432
inception,NbhdPenalty@b=0.25,0.373,1,1,ok,True,1,B,protocol_B.jsonl:435
inception,NbhdPenalty@b=0.25,0.374,1,1,ok,True,1,B,protocol_B.jsonl:438
inception,NbhdPenalty@b=0.25,0.375,1,1,ok,True,1,B,protocol_B.jsonl:441
inception,NbhdPenalty@b=0.25,0.376,1,1,ok,True,1,B,protocol_B.jsonl:444
inception,NbhdPenalty@b=0.25,0.377,1,1,ok,True,1,B,protocol_B.jsonl:447
inception,NbhdPenalty@b=0.25,0.378,1,1,ok,True,1,B,protocol_B.jsonl:450
inception,NbhdPenalty@b=0.25,0.3787,1,1,ok,True,1,C,protocol_C.jsonl:410
inception,NbhdPenalty@b=0.25,0.379,1,1,ok,True,1,B,protocol_B.jsonl:453
inception,NbhdPenalty@b=0.25,0.38,1,1,ok,True,1,A,protocol_A.jsonl:278
inception,NbhdPenalty@b=0.25,0.3807,1,1,ok,True,1,C,protocol_C.jsonl:413
inception,NbhdPenalty@b=0.25,0.381,1,1,ok,True,1,B,protocol_B.jsonl:456
inception,NbhdPenalty@b=0.25,0.382,1,1,ok,True,1,B,protocol_B.jsonl:459
inception,NbhdPenalty@b=0.25,0.383,1,1,ok,True,1,B,protocol_B.jsonl:462
inception,NbhdPenalty@b=0.25,0.384,1,1,ok,True,1,B,protocol_B.jsonl:465
inception,NbhdPenalty@b=0.25,0.385,1,1,ok,True,1,B,protocol_B.jsonl:468
inception,NbhdPenalty@b=0.25,0.386,1,1,ok,True,1,B,protocol_B.jsonl:471
inception,NbhdPenalty@b=0.25,0.387,1,1,ok,True,1,B,protocol_B.jsonl:474
inception,NbhdPenalty@b=0.25,0.388,1,1,ok,True,1,B,protocol_B.jsonl:477
inception,NbhdPenalty@b=0.25,0.389,1,1,ok,True,1,B,protocol_B.jsonl:480
inception,NbhdPenalty@b=0.25,0.39,1,1,ok,True,1,A,protocol_A.jsonl:274
inception,NbhdPenalty@b=0.25,0.393,1,1,ok,True,1,C,protocol_C.jsonl:416
inception,NbhdPenalty@b=0.25,0.4,1,1,ok,True,1,A,protocol_A.jsonl:271
inception,NbhdPenalty@b=0.25,0.401,1,1,ok,True,1,B,protocol_B.jsonl:483
inception,NbhdPenalty@b=0.25,0.4073,1,1,ok,True,1,C,protocol_C.jsonl:419
inception,NbhdPenalty@b=0.25,0.41,1,1,ok,True,1,A,protocol_A.jsonl:268
inception,NbhdPenalty@b=0.25,0.4198,1,1,ok,True,1,C,protocol_C.jsonl:422
inception,NbhdPenalty@b=0.25,0.42,1,1,ok,True,1,A,protocol_A.jsonl:266
inception,NbhdPenalty@b=0.25,0.4232,1,1,ok,True,1,C,protocol_C.jsonl:425
inception,NbhdPenalty@b=0.25,0.43,1,1,ok,True,1,A,protocol_A.jsonl:264
inception,NbhdPenalty@b=0.25,0.4301,1,1,ok,True,1,C,protocol_C.jsonl:428
inception,NbhdPenalty@b=0.25,0.44,1,1,ok,True,1,A,protocol_A.jsonl:262
inception,NbhdPenalty@b=0.25,0.4478,1,1,ok,True,1,C,protocol_C.jsonl:431
inception,NbhdPenalty@b=0.25,0.45,3,3,ok,True,1,A,protocol_A.jsonl:254 protocol_A.jsonl:258 protocol_A.jsonl:260
inception,NbhdPenalty@b=0.25,0.4562,1,1,ok,True,1,C,protocol_C.jsonl:434
inception,NbhdPenalty@b=0.25,0.46,1,1,ok,True,1,A,protocol_A.jsonl:251
inception,NbhdPenalty@b=0.25,0.4694,1,1,ok,True,1,C,protocol_C.jsonl:437
inception,NbhdPenalty@b=0.25,0.47,1,1,ok,True,1,A,protocol_A.jsonl:248
inception,NbhdPenalty@b=0.25,0.4791,1,1,ok,True,1,C,protocol_C.jsonl:440
inception,NbhdPenalty@b=0.25,0.48,1,1,ok,True,1,A,protocol_A.jsonl:245
inception,NbhdPenalty@b=0.25,0.4893,1,1,ok,True,1,C,protocol_C.jsonl:443
inception,NbhdPenalty@b=0.25,0.49,1,1,ok,True,1,A,protocol_A.jsonl:242
inception,NbhdPenalty@b=0.25,0.4973,1,1,ok,True,1,C,protocol_C.jsonl:446
inception,NbhdPenalty@b=0.25,0.5,1,1,ok,True,1,A,protocol_A.jsonl:239
inception,NbhdPenalty@b=0.25,0.5055,1,1,ok,True,1,C,protocol_C.jsonl:450
inception,NbhdPenalty@b=0.25,0.51,1,1,ok,True,1,A,protocol_A.jsonl:236
inception,NbhdPenalty@b=0.25,0.5155,1,1,ok,True,1,C,protocol_C.jsonl:453
inception,NbhdPenalty@b=0.25,0.52,1,1,ok,True,1,A,protocol_A.jsonl:233
inception,NbhdPenalty@b=0.25,0.5203,1,1,ok,True,1,C,protocol_C.jsonl:456
inception,NbhdPenalty@b=0.25,0.53,1,1,ok,True,1,A,protocol_A.jsonl:230
inception,NbhdPenalty@b=0.25,0.5393,1,1,ok,True,1,C,protocol_C.jsonl:459
inception,NbhdPenalty@b=0.25,0.54,1,1,ok,True,1,A,protocol_A.jsonl:227
inception,NbhdPenalty@b=0.25,0.5482,1,1,ok,True,1,C,protocol_C.jsonl:462
inception,NbhdPenalty@b=0.25,0.55,1,1,ok,True,1,A,protocol_A.jsonl:224
inception,NbhdPenalty@b=0.25,0.5512,1,1,ok,True,1,C,protocol_C.jsonl:465
inception,NbhdPenalty@b=0.25,0.56,1,1,ok,True,1,A,protocol_A.jsonl:221
inception,NbhdPenalty@b=0.25,0.5647,1,1,ok,True,1,C,protocol_C.jsonl:469
inception,NbhdPenalty@b=0.25,0.57,1,1,ok,True,1,A,protocol_A.jsonl:219
inception,NbhdPenalty@b=0.25,0.5742,1,1,ok,True,1,C,protocol_C.jsonl:471
inception,NbhdPenalty@b=0.25,0.58,3,3,ok,True,1,A,protocol_A.jsonl:210 protocol_A.jsonl:212 protocol_A.jsonl:214
inception,NbhdPenalty@b=0.25,0.5822,1,1,ok,True,1,C,protocol_C.jsonl:476
inception,NbhdPenalty@b=0.25,0.59,1,1,ok,True,1,A,protocol_A.jsonl:206
inception,NbhdPenalty@b=0.25,0.598,1,1,ok,True,1,C,protocol_C.jsonl:487
inception,NbhdPenalty@b=0.25,0.6,1,1,ok,True,1,A,protocol_A.jsonl:202
inception,TwoPhase@k=8,0.05,1,1,oom,True,0,A,protocol_A.jsonl:407
inception,TwoPhase@k=8,0.0571,1,1,oom,True,0,C,protocol_C.jsonl:244
inception,TwoPhase@k=8,0.0588,1,1,oom,True,0,C,protocol_C.jsonl:240
inception,TwoPhase@k=8,0.06,1,1,oom,True,0,A,protocol_A.jsonl:404
inception,TwoPhase@k=8,0.0636,1,1,oom,True,0,C,protocol_C.jsonl:248
inception,TwoPhase@k=8,0.0689,1,1,oom,True,0,C,protocol_C.jsonl:250
inception,TwoPhase@k=8,0.07,3,3,oom,True,0,A,protocol_A.jsonl:399 protocol_A.jsonl:400 protocol_A.jsonl:401
inception,TwoPhase@k=8,0.0705,1,1,oom,True,0,C,protocol_C.jsonl:257
inception,TwoPhase@k=8,0.0797,1,1,oom,True,0,C,protocol_C.jsonl:254
inception,TwoPhase@k=8,0.08,1,1,oom,True,0,A,protocol_A.jsonl:392
inception,TwoPhase@k=8,0.0813,1,1,oom,True,0,C,protocol_C.jsonl:263
inception,TwoPhase@k=8,0.0828,1,1,oom,True,0,C,protocol_C.jsonl:260
inception,TwoPhase@k=8,0.09,1,1,oom,True,0,A,protocol_A.jsonl:389
inception,TwoPhase@k=8,0.0946,1,1,oom,True,0,C,protocol_C.jsonl:267
inception,TwoPhase@k=8,0.0957,1,1,oom,True,0,C,protocol_C.jsonl:264
inception,TwoPhase@k=8,0.1,1,1,oom,True,0,A,protocol_A.jsonl:386
inception,TwoPhase@k=8,0.1026,1,1,oom,True,0,C,protocol_C.jsonl:273
inception,TwoPhase@k=8,0.108,1,1,oom,True,0,C,protocol_C.jsonl:270
inception,TwoPhase@k=8,0.11,1,1,oom,True,0,A,protocol_A.jsonl:383
inception,TwoPhase@k=8,0.1143,1,1,oom,True,0,C,protocol_C.jsonl:280
inception,TwoPhase@k=8,0.1191,1,1,oom,True,0,C,protocol_C.jsonl:284
inception,TwoPhase@k=8,0.12,3,3,oom,True,0,A,protocol_A.jsonl:379 protocol_A.jsonl:380 protocol_A.jsonl:382
inception,TwoPhase@k=8,0.1205,1,1,oom,True,0,C,protocol_C.jsonl:288
inception,TwoPhase@k=8,0.1266,1,1,oom,True,0,C,protocol_C.jsonl:289
inception,TwoPhase@k=8,0.13,1,1,oom,True,0,A,protocol_A.jsonl:373
inception,TwoPhase@k=8,0.1304,1,1,oom,True,0,C,protocol_C.jsonl:297
inception,TwoPhase@k=8,0.136,1,1,oom,True,0,C,protocol_C.jsonl:294
inception,TwoPhase@k=8,0.14,1,1,oom,True,0,A,protocol_A.jsonl:369
inception,TwoPhase@k=8,0.1434,1,1,oom,True,0,C,protocol_C.jsonl:300
inception,TwoPhase@k=8,0.1486,1,1,oom,True,0,C,protocol_C.jsonl:303
inception,TwoPhase@k=8,0.15,1,1,oom,True,0,A,protocol_A.jsonl:367
inception,TwoPhase@k=8,0.1552,1,1,oom,True,0,C,protocol_C.jsonl:309
inception,TwoPhase@k=8,0.1589,1,1,oom,True,0,C,protocol_C.jsonl:307
inception,TwoPhase@k=8,0.16,3,3,oom,True,0,A,protocol_A.jsonl:361 protocol_A.jsonl:362 protocol_A.jsonl:365
inception,TwoPhase@k=8,0.1674,1,1,oom,True,0,C,protocol_C.jsonl:318
inception,TwoPhase@k=8,0.1684,1,1,oom,True,0,C,protocol_C.jsonl:312
inception,TwoPhase@k=8,0.17,1,1,oom,True,0,A,protocol_A.jsonl:357
inception,TwoPhase@k=8,0.1768,1,1,oom,True,0,C,protocol_C.jsonl:320
inception,TwoPhase@k=8,0.1787,1,1,oom,True,0,C,protocol_C.jsonl:315
inception,TwoPhase@k=8,0.18,1,1,oom,True,0,A,protocol_A.jsonl:353
inception,TwoPhase@k=8,0.1808,1,1,oom,True,0,C,protocol_C.jsonl:323
inception,TwoPhase@k=8,0.181,1,1,oom,True,0,B,protocol_B.jsonl:109
inception,TwoPhase@k=8,0.1813,1,1,oom,True,0,C,protocol_C.jsonl:324
inception,TwoPhase@k=8,0.182,1,1,oom,True,0,B,protocol_B.jsonl:119
inception,TwoPhase@k=8,0.183,1,1,oom,True,0,B,protocol_B.jsonl:115
inception,TwoPhase@k=8,0.184,1,1,oom,True,0,B,protocol_B.jsonl:117
inception,TwoPhase@k=8,0.185,1,1,oom,True,0,B,protocol_B.jsonl:129
inception,TwoPhase@k=8,0.186,1,1,oom,True,0,B,protocol_B.jsonl:124
inception,TwoPhase@k=8,0.187,1,1,oom,True,0,B,protocol_B.jsonl:134
inception,TwoPhase@k=8,0.188,1,1,oom,True,0,B,protocol_B.jsonl:137
inception,TwoPhase@k=8,0.189,1,1,oom,True,0,B,protocol_B.jsonl:136
inception,TwoPhase@k=8,0.19,1,1,oom,True,0,A,protocol_A.jsonl:350
inception,TwoPhase@k=8,0.1925,1,1,oom,True,0,C,protocol_C.jsonl:326
inception,TwoPhase@k=8,0.1935,1,1,oom,True,0,C,protocol_C.jsonl:330
inception,TwoPhase@k=8,0.2,1,1,oom,True,0,A,protocol_A.jsonl:344
inception,TwoPhase@k=8,0.2004,1,1,oom,True,0,C,protocol_C.jsonl:334
inception,TwoPhase@k=8,0.201,1,1,oom,True,0,B,protocol_B.jsonl:138
inception,TwoPhase@k=8,0.202,1,1,oom,True,0,B,protocol_B.jsonl:140
inception,TwoPhase@k=8,0.203,1,1,oom,True,0,B,protocol_B.jsonl:143
inception,TwoPhase@k=8,0.204,1,1,oom,True,0,B,protocol_B.jsonl:158
inception,TwoPhase@k=8,0.205,1,1,oom,True,0,B,protocol_B.jsonl:149
inception,TwoPhase@k=8,0.206,1,1,oom,True,0,B,protocol_B.jsonl:152
inception,TwoPhase@k=8,0.207,1,1,oom,True,0,B,protocol_B.jsonl:160
inception,TwoPhase@k=8,0.2071,1,0,timeout,,0,C,protocol_C.jsonl:336
inception,TwoPhase@k=8,0.208,1,1,oom,True,0,B,protocol_B.jsonl:157
inception,TwoPhase@k=8,0.209,1,1,oom,True,0,B,protocol_B.jsonl:166
inception,TwoPhase@k=8,0.21,1,1,oom,True,0,A,protocol_A.jsonl:341
inception,TwoPhase@k=8,0.211,1,1,oom,True,0,B,protocol_B.jsonl:163
inception,TwoPhase@k=8,0.212,1,1,oom,True,0,B,protocol_B.jsonl:167
inception,TwoPhase@k=8,0.213,1,1,oom,True,0,B,protocol_B.jsonl:168
inception,TwoPhase@k=8,0.2131,1,1,oom,True,0,C,protocol_C.jsonl:337
inception,TwoPhase@k=8,0.214,1,1,oom,True,0,B,protocol_B.jsonl:173
inception,TwoPhase@k=8,0.215,1,0,timeout,,0,B,protocol_B.jsonl:183
inception,TwoPhase@k=8,0.216,1,1,oom,True,0,B,protocol_B.jsonl:181
inception,TwoPhase@k=8,0.2162,1,1,oom,True,0,C,protocol_C.jsonl:348
inception,TwoPhase@k=8,0.217,1,1,oom,True,0,B,protocol_B.jsonl:182
inception,TwoPhase@k=8,0.218,1,1,oom,True,0,B,protocol_B.jsonl:187
inception,TwoPhase@k=8,0.219,1,1,oom,True,0,B,protocol_B.jsonl:190
inception,TwoPhase@k=8,0.22,1,1,oom,True,0,A,protocol_A.jsonl:338
inception,TwoPhase@k=8,0.221,1,1,oom,True,0,B,protocol_B.jsonl:188
inception,TwoPhase@k=8,0.222,1,1,oom,True,0,B,protocol_B.jsonl:193
inception,TwoPhase@k=8,0.223,1,1,oom,True,0,B,protocol_B.jsonl:196
inception,TwoPhase@k=8,0.224,1,1,oom,True,0,B,protocol_B.jsonl:202
inception,TwoPhase@k=8,0.225,1,1,oom,True,0,B,protocol_B.jsonl:216
inception,TwoPhase@k=8,0.226,1,1,oom,True,0,B,protocol_B.jsonl:206
inception,TwoPhase@k=8,0.227,1,1,oom,True,0,B,protocol_B.jsonl:209
inception,TwoPhase@k=8,0.2276,1,1,oom,True,0,C,protocol_C.jsonl:351
inception,TwoPhase@k=8,0.228,1,1,oom,True,0,B,protocol_B.jsonl:215
inception,TwoPhase@k=8,0.2281,1,1,oom,True,0,C,protocol_C.jsonl:342
inception,TwoPhase@k=8,0.229,1,1,oom,True,0,B,protocol_B.jsonl:221
inception,TwoPhase@k=8,0.23,1,1,oom,True,0,A,protocol_A.jsonl:336
inception,TwoPhase@k=8,0.231,1,1,oom,True,0,B,protocol_B.jsonl:227
inception,TwoPhase@k=8,0.232,1,1,oom,True,0,B,protocol_B.jsonl:223
inception,TwoPhase@k=8,0.233,1,1,oom,True,0,B,protocol_B.jsonl:225
inception,TwoPhase@k=8,0.2337,1,1,oom,True,0,C,protocol_C.jsonl:353
inception,TwoPhase@k=8,0.234,1,1,oom,True,0,B,protocol_B.jsonl:229
inception,TwoPhase@k=8,0.2343,1,1,oom,True,0,C,protocol_C.jsonl:355
inception,TwoPhase@k=8,0.235,1,1,oom,True,0,B,protocol_B.jsonl:230
inception,TwoPhase@k=8,0.236,1,1,oom,True,0,B,protocol_B.jsonl:232
inception,TwoPhase@k=8,0.237,1,1,oom,True,0,B,protocol_B.jsonl:233
inception,TwoPhase@k=8,0.238,1,1,oom,True,0,B,protocol_B.jsonl:236
inception,TwoPhase@k=8,0.239,1,1,oom,True,0,B,protocol_B.jsonl:241
inception,TwoPhase@k=8,0.24,1,1,oom,True,0,A,protocol_A.jsonl:332
inception,TwoPhase@k=8,0.241,1,1,oom,True,0,B,protocol_B.jsonl:244
inception,TwoPhase@k=8,0.242,1,1,oom,True,0,B,protocol_B.jsonl:247
inception,TwoPhase@k=8,0.2423,1,1,oom,True,0,C,protocol_C.jsonl:358
inception,TwoPhase@k=8,0.243,1,1,ok,True,1,B,protocol_B.jsonl:255
inception,TwoPhase@k=8,0.244,1,1,oom,True,0,B,protocol_B.jsonl:252
inception,TwoPhase@k=8,0.245,1,1,oom,True,0,B,protocol_B.jsonl:258
inception,TwoPhase@k=8,0.246,1,1,oom,True,0,B,protocol_B.jsonl:260
inception,TwoPhase@k=8,0.247,1,1,oom,True,0,B,protocol_B.jsonl:268
inception,TwoPhase@k=8,0.248,2,2,oom,True,0,B+C,protocol_C.jsonl:360 protocol_B.jsonl:267
inception,TwoPhase@k=8,0.249,1,1,oom,True,0,B,protocol_B.jsonl:266
inception,TwoPhase@k=8,0.25,1,1,oom,True,0,A,protocol_A.jsonl:1232
inception,TwoPhase@k=8,0.251,1,1,oom,True,0,B,protocol_B.jsonl:272
inception,TwoPhase@k=8,0.252,1,1,oom,True,0,B,protocol_B.jsonl:280
inception,TwoPhase@k=8,0.2523,1,1,oom,True,0,C,protocol_C.jsonl:364
inception,TwoPhase@k=8,0.2527,1,1,oom,True,0,C,protocol_C.jsonl:362
inception,TwoPhase@k=8,0.253,1,1,oom,True,0,B,protocol_B.jsonl:276
inception,TwoPhase@k=8,0.254,1,1,oom,True,0,B,protocol_B.jsonl:283
inception,TwoPhase@k=8,0.255,1,1,oom,True,0,B,protocol_B.jsonl:299
inception,TwoPhase@k=8,0.256,1,1,oom,True,0,B,protocol_B.jsonl:289
inception,TwoPhase@k=8,0.257,1,1,oom,True,0,B,protocol_B.jsonl:297
inception,TwoPhase@k=8,0.258,1,1,oom,True,0,B,protocol_B.jsonl:323
inception,TwoPhase@k=8,0.259,1,1,oom,True,0,B,protocol_B.jsonl:295
inception,TwoPhase@k=8,0.26,1,1,oom,True,0,A,protocol_A.jsonl:1229
inception,TwoPhase@k=8,0.261,1,1,oom,True,0,B,protocol_B.jsonl:302
inception,TwoPhase@k=8,0.2613,1,1,oom,True,0,C,protocol_C.jsonl:372
inception,TwoPhase@k=8,0.262,1,1,oom,True,0,B,protocol_B.jsonl:304
inception,TwoPhase@k=8,0.2629,1,1,oom,True,0,C,protocol_C.jsonl:371
inception,TwoPhase@k=8,0.263,1,1,oom,True,0,B,protocol_B.jsonl:310
inception,TwoPhase@k=8,0.264,1,1,oom,True,0,B,protocol_B.jsonl:319
inception,TwoPhase@k=8,0.265,1,1,oom,True,0,B,protocol_B.jsonl:312
inception,TwoPhase@k=8,0.266,1,1,oom,True,0,B,protocol_B.jsonl:314
inception,TwoPhase@k=8,0.267,1,1,oom,True,0,B,protocol_B.jsonl:321
inception,TwoPhase@k=8,0.268,1,1,oom,True,0,B,protocol_B.jsonl:326
inception,TwoPhase@k=8,0.269,1,1,oom,True,0,B,protocol_B.jsonl:339
inception,TwoPhase@k=8,0.27,1,0,timeout,,0,A,protocol_A.jsonl:1233
inception,TwoPhase@k=8,0.271,1,1,oom,True,0,B,protocol_B.jsonl:343
inception,TwoPhase@k=8,0.272,1,1,oom,True,0,B,protocol_B.jsonl:333
inception,TwoPhase@k=8,0.2722,1,1,oom,True,0,C,protocol_C.jsonl:381
inception,TwoPhase@k=8,0.273,1,1,oom,True,0,B,protocol_B.jsonl:345
inception,TwoPhase@k=8,0.2731,1,0,timeout,,0,C,protocol_C.jsonl:386
inception,TwoPhase@k=8,0.274,1,1,oom,True,0,B,protocol_B.jsonl:335
inception,TwoPhase@k=8,0.275,1,1,oom,True,0,B,protocol_B.jsonl:348
inception,TwoPhase@k=8,0.276,1,1,oom,True,0,B,protocol_B.jsonl:340
inception,TwoPhase@k=8,0.277,1,1,oom,True,0,B,protocol_B.jsonl:350
inception,TwoPhase@k=8,0.278,1,1,oom,True,0,B,protocol_B.jsonl:349
inception,TwoPhase@k=8,0.279,1,1,oom,True,0,B,protocol_B.jsonl:355
inception,TwoPhase@k=8,0.28,3,3,oom,True,0,A,protocol_A.jsonl:1225 protocol_A.jsonl:1226 protocol_A.jsonl:1227
inception,TwoPhase@k=8,0.2846,1,1,oom,True,0,C,protocol_C.jsonl:389
inception,TwoPhase@k=8,0.2894,1,1,oom,True,0,C,protocol_C.jsonl:384
inception,TwoPhase@k=8,0.29,1,1,oom,True,0,A,protocol_A.jsonl:312
inception,TwoPhase@k=8,0.291,1,1,oom,True,0,B,protocol_B.jsonl:363
inception,TwoPhase@k=8,0.292,1,1,oom,True,0,B,protocol_B.jsonl:368
inception,TwoPhase@k=8,0.293,1,1,oom,True,0,B,protocol_B.jsonl:367
inception,TwoPhase@k=8,0.2933,1,1,oom,True,0,C,protocol_C.jsonl:393
inception,TwoPhase@k=8,0.294,1,1,oom,True,0,B,protocol_B.jsonl:384
inception,TwoPhase@k=8,0.295,1,1,oom,True,0,B,protocol_B.jsonl:369
inception,TwoPhase@k=8,0.2955,1,1,oom,True,0,C,protocol_C.jsonl:402
inception,TwoPhase@k=8,0.296,1,1,oom,True,0,B,protocol_B.jsonl:375
inception,TwoPhase@k=8,0.297,1,1,oom,True,0,B,protocol_B.jsonl:378
inception,TwoPhase@k=8,0.298,1,1,oom,True,0,B,protocol_B.jsonl:376
inception,TwoPhase@k=8,0.299,1,1,oom,True,0,B,protocol_B.jsonl:390
inception,TwoPhase@k=8,0.3,1,0,timeout,,0,A,protocol_A.jsonl:1230
inception,TwoPhase@k=8,0.3001,1,1,ok,True,1,C,protocol_C.jsonl:396
inception,TwoPhase@k=8,0.301,1,1,oom,True,0,B,protocol_B.jsonl:387
inception,TwoPhase@k=8,0.302,1,0,timeout,,0,B,protocol_B.jsonl:408
inception,TwoPhase@k=8,0.303,1,1,oom,True,0,B,protocol_B.jsonl:391
inception,TwoPhase@k=8,0.304,1,1,oom,True,0,B,protocol_B.jsonl:397
inception,TwoPhase@k=8,0.305,1,1,oom,True,0,B,protocol_B.jsonl:401
inception,TwoPhase@k=8,0.306,1,1,oom,True,0,B,protocol_B.jsonl:400
inception,TwoPhase@k=8,0.307,1,1,oom,True,0,B,protocol_B.jsonl:412
inception,TwoPhase@k=8,0.308,1,0,timeout,,0,B,protocol_B.jsonl:436
inception,TwoPhase@k=8,0.309,1,1,oom,True,0,B,protocol_B.jsonl:406
inception,TwoPhase@k=8,0.31,1,1,oom,True,0,A,protocol_A.jsonl:317
inception,TwoPhase@k=8,0.3102,1,1,oom,True,0,C,protocol_C.jsonl:405
inception,TwoPhase@k=8,0.32,1,1,oom,True,0,A,protocol_A.jsonl:314
inception,TwoPhase@k=8,0.3285,1,1,oom,True,0,C,protocol_C.jsonl:399
inception,TwoPhase@k=8,0.33,1,1,oom,True,0,A,protocol_A.jsonl:309
inception,TwoPhase@k=8,0.3386,1,1,oom,True,0,C,protocol_C.jsonl:414
inception,TwoPhase@k=8,0.34,1,1,oom,True,0,A,protocol_A.jsonl:320
inception,TwoPhase@k=8,0.3445,1,1,oom,True,0,C,protocol_C.jsonl:417
inception,TwoPhase@k=8,0.35,1,1,oom,True,0,A,protocol_A.jsonl:291
inception,TwoPhase@k=8,0.351,1,0,timeout,,0,B,protocol_B.jsonl:439
inception,TwoPhase@k=8,0.352,1,1,oom,True,0,B,protocol_B.jsonl:415
inception,TwoPhase@k=8,0.353,1,1,oom,True,0,B,protocol_B.jsonl:418
inception,TwoPhase@k=8,0.354,1,1,oom,True,0,B,protocol_B.jsonl:420
inception,TwoPhase@k=8,0.355,1,1,oom,True,0,B,protocol_B.jsonl:424
inception,TwoPhase@k=8,0.356,1,1,oom,True,0,B,protocol_B.jsonl:427
inception,TwoPhase@k=8,0.3565,1,1,ok,True,1,C,protocol_C.jsonl:408
inception,TwoPhase@k=8,0.357,1,1,oom,True,0,B,protocol_B.jsonl:430
inception,TwoPhase@k=8,0.358,1,0,timeout,,0,B,protocol_B.jsonl:445
inception,TwoPhase@k=8,0.359,1,1,ok,True,1,B,protocol_B.jsonl:433
inception,TwoPhase@k=8,0.36,1,1,oom,True,0,A,protocol_A.jsonl:287
inception,TwoPhase@k=8,0.3676,1,0,timeout,,0,C,protocol_C.jsonl:420
inception,TwoPhase@k=8,0.37,1,1,oom,True,0,A,protocol_A.jsonl:303
inception,TwoPhase@k=8,0.371,1,0,timeout,,0,B,protocol_B.jsonl:451
inception,TwoPhase@k=8,0.372,1,0,timeout,,0,B,protocol_B.jsonl:454
inception,TwoPhase@k=8,0.373,1,1,oom,True,0,B,protocol_B.jsonl:442
inception,TwoPhase@k=8,0.374,1,0,timeout,,0,B,protocol_B.jsonl:460
inception,TwoPhase@k=8,0.375,1,0,timeout,,0,B,protocol_B.jsonl:463
inception,TwoPhase@k=8,0.376,1,1,oom,True,0,B,protocol_B.jsonl:448
inception,TwoPhase@k=8,0.377,1,1,oom,True,0,B,protocol_B.jsonl:457
inception,TwoPhase@k=8,0.378,1,0,timeout,,0,B,protocol_B.jsonl:466
inception,TwoPhase@k=8,0.3787,1,1,oom,True,0,C,protocol_C.jsonl:411
inception,TwoPhase@k=8,0.379,1,0,timeout,,0,B,protocol_B.jsonl:469
inception,TwoPhase@k=8,0.38,1,0,timeout,,0,A,protocol_A.jsonl:305
inception,TwoPhase@k=8,0.3807,1,0,timeout,,0,C,protocol_C.jsonl:426
inception,TwoPhase@k=8,0.381,1,0,timeout,,0,B,protocol_B.jsonl:472
inception,TwoPhase@k=8,0.382,1,0,timeout,,0,B,protocol_B.jsonl:478
inception,TwoPhase@k=8,0.383,1,0,timeout,,0,B,protocol_B.jsonl:481
inception,TwoPhase@k=8,0.384,1,1,oom,True,0,B,protocol_B.jsonl:475
inception,TwoPhase@k=8,0.39,1,1,oom,True,0,A,protocol_A.jsonl:301
inception,TwoPhase@k=8,0.393,1,1,oom,True,0,C,protocol_C.jsonl:429
inception,TwoPhase@k=8,0.4,1,1,oom,True,0,A,protocol_A.jsonl:293
inception,TwoPhase@k=8,0.4073,1,0,timeout,,0,C,protocol_C.jsonl:448
inception,TwoPhase@k=8,0.41,1,0,timeout,,0,A,protocol_A.jsonl:298
inception,TwoPhase@k=8,0.4198,1,1,oom,True,0,C,protocol_C.jsonl:423
inception,TwoPhase@k=8,0.42,1,1,oom,True,0,A,protocol_A.jsonl:284
inception,TwoPhase@k=8,0.4232,1,1,ok,True,1,C,protocol_C.jsonl:473
inception,TwoPhase@k=8,0.43,1,0,timeout,,0,A,protocol_A.jsonl:290
inception,TwoPhase@k=8,0.4301,1,1,oom,True,0,C,protocol_C.jsonl:515
inception,TwoPhase@k=8,0.44,1,1,ok,True,1,A,protocol_A.jsonl:281
inception,TwoPhase@k=8,0.4478,1,1,ok,True,1,C,protocol_C.jsonl:432
inception,TwoPhase@k=8,0.45,3,3,ok,True,1,A,protocol_A.jsonl:256 protocol_A.jsonl:257 protocol_A.jsonl:259
inception,TwoPhase@k=8,0.4562,1,1,ok,True,1,C,protocol_C.jsonl:435
inception,TwoPhase@k=8,0.46,1,1,ok,True,1,A,protocol_A.jsonl:249
inception,TwoPhase@k=8,0.4694,1,1,ok,True,1,C,protocol_C.jsonl:438
inception,TwoPhase@k=8,0.47,1,1,ok,True,1,A,protocol_A.jsonl:246
inception,TwoPhase@k=8,0.4791,1,1,ok,True,1,C,protocol_C.jsonl:441
inception,TwoPhase@k=8,0.48,1,1,ok,True,1,A,protocol_A.jsonl:243
inception,TwoPhase@k=8,0.4893,1,1,ok,True,1,C,protocol_C.jsonl:444
inception,TwoPhase@k=8,0.49,1,1,ok,True,1,A,protocol_A.jsonl:240
inception,TwoPhase@k=8,0.4973,1,1,ok,True,1,C,protocol_C.jsonl:447
inception,TwoPhase@k=8,0.5,1,1,ok,True,1,A,protocol_A.jsonl:237
inception,TwoPhase@k=8,0.5055,1,1,ok,True,1,C,protocol_C.jsonl:451
inception,TwoPhase@k=8,0.51,1,1,ok,True,1,A,protocol_A.jsonl:234
inception,TwoPhase@k=8,0.5155,1,1,ok,True,1,C,protocol_C.jsonl:454
inception,TwoPhase@k=8,0.52,1,1,ok,True,1,A,protocol_A.jsonl:231
inception,TwoPhase@k=8,0.5203,1,1,ok,True,1,C,protocol_C.jsonl:457
inception,TwoPhase@k=8,0.53,1,1,ok,True,1,A,protocol_A.jsonl:228
inception,TwoPhase@k=8,0.5393,1,1,ok,True,1,C,protocol_C.jsonl:460
inception,TwoPhase@k=8,0.54,1,1,ok,True,1,A,protocol_A.jsonl:226
inception,TwoPhase@k=8,0.5482,1,1,ok,True,1,C,protocol_C.jsonl:463
inception,TwoPhase@k=8,0.55,1,1,ok,True,1,A,protocol_A.jsonl:222
inception,TwoPhase@k=8,0.5512,1,1,ok,True,1,C,protocol_C.jsonl:466
inception,TwoPhase@k=8,0.56,1,1,ok,True,1,A,protocol_A.jsonl:220
inception,TwoPhase@k=8,0.5647,1,1,ok,True,1,C,protocol_C.jsonl:468
inception,TwoPhase@k=8,0.57,1,1,ok,True,1,A,protocol_A.jsonl:216
inception,TwoPhase@k=8,0.5742,1,1,ok,True,1,C,protocol_C.jsonl:472
inception,TwoPhase@k=8,0.58,3,3,ok,True,1,A,protocol_A.jsonl:211 protocol_A.jsonl:213 protocol_A.jsonl:215
inception,TwoPhase@k=8,0.5822,1,1,ok,True,1,C,protocol_C.jsonl:474
inception,TwoPhase@k=8,0.59,1,1,ok,True,1,A,protocol_A.jsonl:204
inception,TwoPhase@k=8,0.598,1,1,ok,True,1,C,protocol_C.jsonl:477
inception,TwoPhase@k=8,0.6,1,1,ok,True,1,A,protocol_A.jsonl:200
transformer,DTR,0.05,1,1,oom,True,0,A,protocol_A.jsonl:609
transformer,DTR,0.0549,1,1,oom,True,0,C,protocol_C.jsonl:478
transformer,DTR,0.0567,1,1,oom,True,0,C,protocol_C.jsonl:482
transformer,DTR,0.06,1,1,oom,True,0,A,protocol_A.jsonl:606
transformer,DTR,0.0638,1,1,oom,True,0,C,protocol_C.jsonl:488
transformer,DTR,0.0695,1,1,oom,True,0,C,protocol_C.jsonl:485
transformer,DTR,0.07,1,1,oom,True,0,A,protocol_A.jsonl:603
transformer,DTR,0.076,1,1,oom,True,0,C,protocol_C.jsonl:496
transformer,DTR,0.0786,1,1,oom,True,0,C,protocol_C.jsonl:492
transformer,DTR,0.08,1,1,oom,True,0,A,protocol_A.jsonl:600
transformer,DTR,0.0819,1,1,oom,True,0,C,protocol_C.jsonl:497
transformer,DTR,0.0856,1,1,oom,True,0,C,protocol_C.jsonl:500
transformer,DTR,0.09,1,1,oom,True,0,A,protocol_A.jsonl:597
transformer,DTR,0.0931,1,1,oom,True,0,C,protocol_C.jsonl:503
transformer,DTR,0.0977,1,1,oom,True,0,C,protocol_C.jsonl:509
transformer,DTR,0.1,1,1,oom,True,0,A,protocol_A.jsonl:595
transformer,DTR,0.1047,1,1,oom,True,0,C,protocol_C.jsonl:511
transformer,DTR,0.1062,1,1,oom,True,0,C,protocol_C.jsonl:514
transformer,DTR,0.11,1,1,oom,True,0,A,protocol_A.jsonl:591
transformer,DTR,0.1109,1,1,oom,True,0,C,protocol_C.jsonl:518
transformer,DTR,0.1165,1,1,oom,True,0,C,protocol_C.jsonl:521
transformer,DTR,0.12,1,1,oom,True,0,A,protocol_A.jsonl:590
transformer,DTR,0.1202,1,1,oom,True,0,C,protocol_C.jsonl:524
transformer,DTR,0.124,1,1,oom,True,0,C,protocol_C.jsonl:527
transformer,DTR,0.13,3,3,ok,True,1,A,protocol_A.jsonl:580 protocol_A.jsonl:581 protocol_A.jsonl:585
transformer,DTR,0.1365,1,1,ok,True,1,C,protocol_C.jsonl:526
transformer,DTR,0.1375,1,1,ok,True,1,C,protocol_C.jsonl:530
transformer,DTR,0.14,1,1,ok,True,1,A,protocol_A.jsonl:577
transformer,DTR,0.1455,1,1,ok,True,1,C,protocol_C.jsonl:538
transformer,DTR,0.1476,1,1,ok,True,1,C,protocol_C.jsonl:537
transformer,DTR,0.15,1,1,ok,True,1,A,protocol_A.jsonl:575
transformer,DTR,0.1557,1,1,ok,True,1,C,protocol_C.jsonl:548
transformer,DTR,0.1559,1,1,ok,True,1,C,protocol_C.jsonl:544
transformer,DTR,0.16,1,1,ok,True,1,A,protocol_A.jsonl:570
transformer,DTR,0.1658,1,1,ok,True,1,C,protocol_C.jsonl:550
transformer,DTR,0.1665,1,1,ok,True,1,C,protocol_C.jsonl:546
transformer,DTR,0.17,1,1,ok,True,1,A,protocol_A.jsonl:569
transformer,DTR,0.1717,1,1,ok,True,1,C,protocol_C.jsonl:557
transformer,DTR,0.1787,1,1,ok,True,1,C,protocol_C.jsonl:553
transformer,DTR,0.18,1,1,ok,True,1,A,protocol_A.jsonl:566
transformer,DTR,0.1808,1,1,ok,True,1,C,protocol_C.jsonl:562
transformer,DTR,0.189,1,1,ok,True,1,C,protocol_C.jsonl:563
transformer,DTR,0.19,3,3,ok,True,1,A,protocol_A.jsonl:556 protocol_A.jsonl:557 protocol_A.jsonl:559
transformer,DTR,0.1924,1,1,ok,True,1,C,protocol_C.jsonl:568
transformer,DTR,0.1963,1,1,ok,True,1,C,protocol_C.jsonl:571
transformer,DTR,0.2,3,3,ok,True,1,A,protocol_A.jsonl:547 protocol_A.jsonl:548 protocol_A.jsonl:551
transformer,DTR,0.2017,1,1,ok,True,1,C,protocol_C.jsonl:577
transformer,DTR,0.2056,1,1,ok,True,1,C,protocol_C.jsonl:574
transformer,DTR,0.21,1,1,ok,True,1,A,protocol_A.jsonl:546
transformer,DTR,0.2124,1,1,ok,True,1,C,protocol_C.jsonl:580
transformer,DTR,0.2133,1,1,ok,True,1,C,protocol_C.jsonl:583
transformer,DTR,0.22,1,1,ok,True,1,A,protocol_A.jsonl:542
transformer,DTR,0.2241,1,1,ok,True,1,C,protocol_C.jsonl:589
transformer,DTR,0.2282,1,1,ok,True,1,C,protocol_C.jsonl:585
transformer,DTR,0.23,1,1,ok,True,1,A,protocol_A.jsonl:539
transformer,DTR,0.2319,1,1,ok,True,1,C,protocol_C.jsonl:594
transformer,DTR,0.2364,1,1,ok,True,1,C,protocol_C.jsonl:590
transformer,DTR,0.24,1,1,ok,True,1,A,protocol_A.jsonl:536
transformer,DTR,0.2402,1,1,ok,True,1,C,protocol_C.jsonl:596
transformer,DTR,0.2417,1,1,ok,True,1,C,protocol_C.jsonl:600
transformer,DTR,0.25,1,1,ok,True,1,A,protocol_A.jsonl:532
transformer,DTR,0.2565,1,1,ok,True,1,C,protocol_C.jsonl:601
transformer,DTR,0.257,1,1,ok,True,1,C,protocol_C.jsonl:603
transformer,DTR,0.26,1,1,ok,True,1,A,protocol_A.jsonl:529
transformer,DTR,0.2657,1,1,ok,True,1,C,protocol_C.jsonl:607
transformer,DTR,0.2659,1,1,ok,True,1,C,protocol_C.jsonl:610
transformer,DTR,0.27,1,1,ok,True,1,A,protocol_A.jsonl:526
transformer,DTR,0.2789,1,1,ok,True,1,C,protocol_C.jsonl:613
transformer,DTR,0.2791,1,1,ok,True,1,C,protocol_C.jsonl:616
transformer,DTR,0.28,1,1,ok,True,1,A,protocol_A.jsonl:523
transformer,DTR,0.2848,1,1,ok,True,1,C,protocol_C.jsonl:622
transformer,DTR,0.2887,1,1,ok,True,1,C,protocol_C.jsonl:619
transformer,DTR,0.29,1,1,ok,True,1,A,protocol_A.jsonl:520
transformer,DTR,0.2938,1,1,ok,True,1,C,protocol_C.jsonl:628
transformer,DTR,0.2995,1,1,ok,True,1,C,protocol_C.jsonl:624
transformer,DTR,0.3,1,1,ok,True,1,A,protocol_A.jsonl:517
transformer,DTR,0.3026,1,1,ok,True,1,C,protocol_C.jsonl:631
transformer,DTR,0.31,1,1,ok,True,1,A,protocol_A.jsonl:514
transformer,DTR,0.3156,1,1,ok,True,1,C,protocol_C.jsonl:632
transformer,DTR,0.32,1,1,ok,True,1,A,protocol_A.jsonl:511
transformer,DTR,0.3257,1,1,ok,True,1,C,protocol_C.jsonl:636
transformer,DTR,0.33,1,1,ok,True,1,A,protocol_A.jsonl:508
transformer,DTR,0.3325,1,1,ok,True,1,C,protocol_C.jsonl:640
transformer,DTR,0.34,1,1,ok,True,1,A,protocol_A.jsonl:505
transformer,DTR,0.3486,1,1,ok,True,1,C,protocol_C.jsonl:642
transformer,DTR,0.35,1,1,ok,True,1,A,protocol_A.jsonl:502
transformer,DTR,0.3506,1,1,ok,True,1,C,protocol_C.jsonl:646
transformer,DTR,0.36,3,3,ok,True,1,A,protocol_A.jsonl:493 protocol_A.jsonl:494 protocol_A.jsonl:495
transformer,DTR,0.3674,1,1,ok,True,1,C,protocol_C.jsonl:648
transformer,DTR,0.37,1,1,ok,True,1,A,protocol_A.jsonl:490
transformer,DTR,0.3748,1,1,ok,True,1,C,protocol_C.jsonl:652
transformer,DTR,0.38,1,1,ok,True,1,A,protocol_A.jsonl:487
transformer,DTR,0.3803,1,1,ok,True,1,C,protocol_C.jsonl:654
transformer,DTR,0.39,1,1,ok,True,1,A,protocol_A.jsonl:484
transformer,DTR,0.3954,1,1,ok,True,1,C,protocol_C.jsonl:657
transformer,DTR,0.4,1,1,ok,True,1,A,protocol_A.jsonl:481
transformer,DTR,0.4033,1,1,ok,True,1,C,protocol_C.jsonl:660
transformer,DTR,0.41,1,1,ok,True,1,A,protocol_A.jsonl:478
transformer,DTR,0.4198,1,1,ok,True,1,C,protocol_C.jsonl:664
transformer,DTR,0.42,1,1,ok,True,1,A,protocol_A.jsonl:475
transformer,DTR,0.4267,1,1,ok,True,1,C,protocol_C.jsonl:667
transformer,DTR,0.43,1,1,ok,True,1,A,protocol_A.jsonl:472
transformer,DTR,0.4374,1,1,ok,True,1,C,protocol_C.jsonl:670
transformer,DTR,0.44,1,1,ok,True,1,A,protocol_A.jsonl:469
transformer,DTR,0.4432,1,1,ok,True,1,C,protocol_C.jsonl:672
transformer,DTR,0.45,1,1,ok,True,1,A,protocol_A.jsonl:466
transformer,DTR,0.4543,1,1,ok,True,1,C,protocol_C.jsonl:675
transformer,DTR,0.46,1,1,ok,True,1,A,protocol_A.jsonl:463
transformer,DTR,0.4656,1,1,ok,True,1,C,protocol_C.jsonl:678
transformer,DTR,0.47,1,1,ok,True,1,A,protocol_A.jsonl:460
transformer,DTR,0.4795,1,1,ok,True,1,C,protocol_C.jsonl:681
transformer,DTR,0.48,1,1,ok,True,1,A,protocol_A.jsonl:457
transformer,DTR,0.4881,1,1,ok,True,1,C,protocol_C.jsonl:685
transformer,DTR,0.49,3,3,ok,True,1,A,protocol_A.jsonl:448 protocol_A.jsonl:449 protocol_A.jsonl:450
transformer,DTR,0.4963,1,1,ok,True,1,C,protocol_C.jsonl:687
transformer,DTR,0.5,1,1,ok,True,1,A,protocol_A.jsonl:445
transformer,DTR,0.5089,1,1,ok,True,1,C,protocol_C.jsonl:690
transformer,DTR,0.51,1,1,ok,True,1,A,protocol_A.jsonl:442
transformer,DTR,0.5163,1,1,ok,True,1,C,protocol_C.jsonl:694
transformer,DTR,0.52,1,1,ok,True,1,A,protocol_A.jsonl:439
transformer,DTR,0.5226,1,1,ok,True,1,C,protocol_C.jsonl:696
transformer,DTR,0.53,1,1,ok,True,1,A,protocol_A.jsonl:435
transformer,DTR,0.5302,1,1,ok,True,1,C,protocol_C.jsonl:699
transformer,DTR,0.54,3,3,ok,True,1,A,protocol_A.jsonl:426 protocol_A.jsonl:428 protocol_A.jsonl:429
transformer,DTR,0.5424,1,1,ok,True,1,C,protocol_C.jsonl:702
transformer,DTR,0.55,1,1,ok,True,1,A,protocol_A.jsonl:423
transformer,DTR,0.5521,1,1,ok,True,1,C,protocol_C.jsonl:705
transformer,DTR,0.56,1,1,ok,True,1,A,protocol_A.jsonl:420
transformer,DTR,0.5618,1,1,ok,True,1,C,protocol_C.jsonl:708
transformer,DTR,0.57,1,1,ok,True,1,A,protocol_A.jsonl:417
transformer,DTR,0.5791,1,1,ok,True,1,C,protocol_C.jsonl:711
transformer,DTR,0.58,1,1,ok,True,1,A,protocol_A.jsonl:414
transformer,DTR,0.5873,1,1,ok,True,1,C,protocol_C.jsonl:714
transformer,DTR,0.59,1,1,ok,True,1,A,protocol_A.jsonl:411
transformer,DTR,0.5924,1,1,ok,True,1,C,protocol_C.jsonl:717
transformer,DTR,0.6,1,1,ok,True,1,A,protocol_A.jsonl:408
transformer,NbhdPenalty@b=0.25,0.05,1,1,oom,True,0,A,protocol_A.jsonl:610
transformer,NbhdPenalty@b=0.25,0.0549,1,1,oom,True,0,C,protocol_C.jsonl:480
transformer,NbhdPenalty@b=0.25,0.0567,1,1,oom,True,0,C,protocol_C.jsonl:483
transformer,NbhdPenalty@b=0.25,0.06,1,1,oom,True,0,A,protocol_A.jsonl:607
transformer,NbhdPenalty@b=0.25,0.0638,1,1,oom,True,0,C,protocol_C.jsonl:489
transformer,NbhdPenalty@b=0.25,0.0695,1,1,oom,True,0,C,protocol_C.jsonl:486
transformer,NbhdPenalty@b=0.25,0.07,1,1,oom,True,0,A,protocol_A.jsonl:604
transformer,NbhdPenalty@b=0.25,0.076,1,1,oom,True,0,C,protocol_C.jsonl:495
transformer,NbhdPenalty@b=0.25,0.0786,1,1,oom,True,0,C,protocol_C.jsonl:493
transformer,NbhdPenalty@b=0.25,0.08,1,1,oom,True,0,A,protocol_A.jsonl:601
transformer,NbhdPenalty@b=0.25,0.0819,1,1,oom,True,0,C,protocol_C.jsonl:498
transformer,NbhdPenalty@b=0.25,0.0856,1,1,oom,True,0,C,protocol_C.jsonl:502
transformer,NbhdPenalty@b=0.25,0.09,1,1,oom,True,0,A,protocol_A.jsonl:598
transformer,NbhdPenalty@b=0.25,0.0931,1,1,oom,True,0,C,protocol_C.jsonl:505
transformer,NbhdPenalty@b=0.25,0.0977,1,1,oom,True,0,C,protocol_C.jsonl:508
transformer,NbhdPenalty@b=0.25,0.1,1,1,oom,True,0,A,protocol_A.jsonl:596
transformer,NbhdPenalty@b=0.25,0.1047,1,1,oom,True,0,C,protocol_C.jsonl:510
transformer,NbhdPenalty@b=0.25,0.1062,1,1,oom,True,0,C,protocol_C.jsonl:513
transformer,NbhdPenalty@b=0.25,0.11,1,1,oom,True,0,A,protocol_A.jsonl:592
transformer,NbhdPenalty@b=0.25,0.1109,1,1,oom,True,0,C,protocol_C.jsonl:517
transformer,NbhdPenalty@b=0.25,0.1165,1,1,oom,True,0,C,protocol_C.jsonl:520
transformer,NbhdPenalty@b=0.25,0.12,1,1,oom,True,0,A,protocol_A.jsonl:589
transformer,NbhdPenalty@b=0.25,0.1202,1,1,oom,True,0,C,protocol_C.jsonl:522
transformer,NbhdPenalty@b=0.25,0.124,1,1,oom,True,0,C,protocol_C.jsonl:525
transformer,NbhdPenalty@b=0.25,0.13,3,3,ok,True,1,A,protocol_A.jsonl:582 protocol_A.jsonl:583 protocol_A.jsonl:584
transformer,NbhdPenalty@b=0.25,0.1365,1,1,ok,True,1,C,protocol_C.jsonl:528
transformer,NbhdPenalty@b=0.25,0.1375,1,1,ok,True,1,C,protocol_C.jsonl:532
transformer,NbhdPenalty@b=0.25,0.14,1,1,ok,True,1,A,protocol_A.jsonl:578
transformer,NbhdPenalty@b=0.25,0.1455,1,1,ok,True,1,C,protocol_C.jsonl:539
transformer,NbhdPenalty@b=0.25,0.1476,1,1,ok,True,1,C,protocol_C.jsonl:535
transformer,NbhdPenalty@b=0.25,0.15,1,1,ok,True,1,A,protocol_A.jsonl:574
transformer,NbhdPenalty@b=0.25,0.1557,1,1,ok,True,1,C,protocol_C.jsonl:543
transformer,NbhdPenalty@b=0.25,0.1559,1,1,ok,True,1,C,protocol_C.jsonl:540
transformer,NbhdPenalty@b=0.25,0.16,1,1,ok,True,1,A,protocol_A.jsonl:571
transformer,NbhdPenalty@b=0.25,0.1658,1,1,ok,True,1,C,protocol_C.jsonl:549
transformer,NbhdPenalty@b=0.25,0.1665,1,1,ok,True,1,C,protocol_C.jsonl:545
transformer,NbhdPenalty@b=0.25,0.17,1,1,ok,True,1,A,protocol_A.jsonl:568
transformer,NbhdPenalty@b=0.25,0.1717,1,1,ok,True,1,C,protocol_C.jsonl:555
transformer,NbhdPenalty@b=0.25,0.1787,1,1,ok,True,1,C,protocol_C.jsonl:551
transformer,NbhdPenalty@b=0.25,0.18,1,1,ok,True,1,A,protocol_A.jsonl:565
transformer,NbhdPenalty@b=0.25,0.1808,1,1,ok,True,1,C,protocol_C.jsonl:560
transformer,NbhdPenalty@b=0.25,0.189,1,1,ok,True,1,C,protocol_C.jsonl:558
transformer,NbhdPenalty@b=0.25,0.19,3,3,ok,True,1,A,protocol_A.jsonl:558 protocol_A.jsonl:560 protocol_A.jsonl:561
transformer,NbhdPenalty@b=0.25,0.1924,1,1,ok,True,1,C,protocol_C.jsonl:564
transformer,NbhdPenalty@b=0.25,0.1963,1,1,ok,True,1,C,protocol_C.jsonl:567
transformer,NbhdPenalty@b=0.25,0.2,3,3,ok,True,1,A,protocol_A.jsonl:549 protocol_A.jsonl:550 protocol_A.jsonl:552
transformer,NbhdPenalty@b=0.25,0.2017,1,1,ok,True,1,C,protocol_C.jsonl:573
transformer,NbhdPenalty@b=0.25,0.2056,1,1,ok,True,1,C,protocol_C.jsonl:570
transformer,NbhdPenalty@b=0.25,0.21,1,1,ok,True,1,A,protocol_A.jsonl:544
transformer,NbhdPenalty@b=0.25,0.2124,1,1,ok,True,1,C,protocol_C.jsonl:576
transformer,NbhdPenalty@b=0.25,0.2133,1,1,ok,True,1,C,protocol_C.jsonl:579
transformer,NbhdPenalty@b=0.25,0.22,1,1,ok,True,1,A,protocol_A.jsonl:541
transformer,NbhdPenalty@b=0.25,0.2241,1,1,ok,True,1,C,protocol_C.jsonl:586
transformer,NbhdPenalty@b=0.25,0.2282,1,1,ok,True,1,C,protocol_C.jsonl:582
transformer,NbhdPenalty@b=0.25,0.23,1,1,ok,True,1,A,protocol_A.jsonl:538
transformer,NbhdPenalty@b=0.25,0.2319,1,1,ok,True,1,C,protocol_C.jsonl:592
transformer,NbhdPenalty@b=0.25,0.2364,1,1,ok,True,1,C,protocol_C.jsonl:588
transformer,NbhdPenalty@b=0.25,0.24,1,1,ok,True,1,A,protocol_A.jsonl:535
transformer,NbhdPenalty@b=0.25,0.2402,1,1,ok,True,1,C,protocol_C.jsonl:593
transformer,NbhdPenalty@b=0.25,0.2417,1,1,ok,True,1,C,protocol_C.jsonl:598
transformer,NbhdPenalty@b=0.25,0.25,1,1,ok,True,1,A,protocol_A.jsonl:533
transformer,NbhdPenalty@b=0.25,0.2565,1,1,ok,True,1,C,protocol_C.jsonl:602
transformer,NbhdPenalty@b=0.25,0.257,1,1,ok,True,1,C,protocol_C.jsonl:605
transformer,NbhdPenalty@b=0.25,0.26,1,1,ok,True,1,A,protocol_A.jsonl:530
transformer,NbhdPenalty@b=0.25,0.2657,1,1,ok,True,1,C,protocol_C.jsonl:608
transformer,NbhdPenalty@b=0.25,0.2659,1,1,ok,True,1,C,protocol_C.jsonl:611
transformer,NbhdPenalty@b=0.25,0.27,1,1,ok,True,1,A,protocol_A.jsonl:527
transformer,NbhdPenalty@b=0.25,0.2789,1,1,ok,True,1,C,protocol_C.jsonl:614
transformer,NbhdPenalty@b=0.25,0.2791,1,1,ok,True,1,C,protocol_C.jsonl:617
transformer,NbhdPenalty@b=0.25,0.28,1,1,ok,True,1,A,protocol_A.jsonl:524
transformer,NbhdPenalty@b=0.25,0.2848,1,1,ok,True,1,C,protocol_C.jsonl:623
transformer,NbhdPenalty@b=0.25,0.2887,1,1,ok,True,1,C,protocol_C.jsonl:620
transformer,NbhdPenalty@b=0.25,0.29,1,1,ok,True,1,A,protocol_A.jsonl:521
transformer,NbhdPenalty@b=0.25,0.2938,1,1,ok,True,1,C,protocol_C.jsonl:629
transformer,NbhdPenalty@b=0.25,0.2995,1,1,ok,True,1,C,protocol_C.jsonl:626
transformer,NbhdPenalty@b=0.25,0.3,1,1,ok,True,1,A,protocol_A.jsonl:518
transformer,NbhdPenalty@b=0.25,0.3026,1,1,ok,True,1,C,protocol_C.jsonl:633
transformer,NbhdPenalty@b=0.25,0.31,1,1,ok,True,1,A,protocol_A.jsonl:515
transformer,NbhdPenalty@b=0.25,0.3156,1,1,ok,True,1,C,protocol_C.jsonl:635
transformer,NbhdPenalty@b=0.25,0.32,1,1,ok,True,1,A,protocol_A.jsonl:512
transformer,NbhdPenalty@b=0.25,0.3257,1,1,ok,True,1,C,protocol_C.jsonl:638
transformer,NbhdPenalty@b=0.25,0.33,1,1,ok,True,1,A,protocol_A.jsonl:509
transformer,NbhdPenalty@b=0.25,0.3325,1,1,ok,True,1,C,protocol_C.jsonl:641
transformer,NbhdPenalty@b=0.25,0.34,1,1,ok,True,1,A,protocol_A.jsonl:506
transformer,NbhdPenalty@b=0.25,0.3486,1,1,ok,True,1,C,protocol_C.jsonl:644
transformer,NbhdPenalty@b=0.25,0.35,1,1,ok,True,1,A,protocol_A.jsonl:503
transformer,NbhdPenalty@b=0.25,0.3506,1,1,ok,True,1,C,protocol_C.jsonl:647
transformer,NbhdPenalty@b=0.25,0.36,3,3,ok,True,1,A,protocol_A.jsonl:496 protocol_A.jsonl:497 protocol_A.jsonl:498
transformer,NbhdPenalty@b=0.25,0.3674,1,1,ok,True,1,C,protocol_C.jsonl:650
transformer,NbhdPenalty@b=0.25,0.37,1,1,ok,True,1,A,protocol_A.jsonl:491
transformer,NbhdPenalty@b=0.25,0.3748,1,1,ok,True,1,C,protocol_C.jsonl:653
transformer,NbhdPenalty@b=0.25,0.38,1,1,ok,True,1,A,protocol_A.jsonl:488
transformer,NbhdPenalty@b=0.25,0.3803,1,1,ok,True,1,C,protocol_C.jsonl:656
transformer,NbhdPenalty@b=0.25,0.39,1,1,ok,True,1,A,protocol_A.jsonl:485
transformer,NbhdPenalty@b=0.25,0.3954,1,1,ok,True,1,C,protocol_C.jsonl:658
transformer,NbhdPenalty@b=0.25,0.4,1,1,ok,True,1,A,protocol_A.jsonl:482
transformer,NbhdPenalty@b=0.25,0.4033,1,1,ok,True,1,C,protocol_C.jsonl:662
transformer,NbhdPenalty@b=0.25,0.41,1,1,ok,True,1,A,protocol_A.jsonl:479
transformer,NbhdPenalty@b=0.25,0.4198,1,1,ok,True,1,C,protocol_C.jsonl:665
transformer,NbhdPenalty@b=0.25,0.42,1,1,ok,True,1,A,protocol_A.jsonl:476
transformer,NbhdPenalty@b=0.25,0.4267,1,1,ok,True,1,C,protocol_C.jsonl:668
transformer,NbhdPenalty@b=0.25,0.43,1,1,ok,True,1,A,protocol_A.jsonl:473
transformer,NbhdPenalty@b=0.25,0.4374,1,1,ok,True,1,C,protocol_C.jsonl:671
transformer,NbhdPenalty@b=0.25,0.44,1,1,ok,True,1,A,protocol_A.jsonl:470
transformer,NbhdPenalty@b=0.25,0.4432,1,1,ok,True,1,C,protocol_C.jsonl:674
transformer,NbhdPenalty@b=0.25,0.45,1,1,ok,True,1,A,protocol_A.jsonl:467
transformer,NbhdPenalty@b=0.25,0.4543,1,1,ok,True,1,C,protocol_C.jsonl:677
transformer,NbhdPenalty@b=0.25,0.46,1,1,ok,True,1,A,protocol_A.jsonl:464
transformer,NbhdPenalty@b=0.25,0.4656,1,1,ok,True,1,C,protocol_C.jsonl:679
transformer,NbhdPenalty@b=0.25,0.47,1,1,ok,True,1,A,protocol_A.jsonl:461
transformer,NbhdPenalty@b=0.25,0.4795,1,1,ok,True,1,C,protocol_C.jsonl:682
transformer,NbhdPenalty@b=0.25,0.48,1,1,ok,True,1,A,protocol_A.jsonl:458
transformer,NbhdPenalty@b=0.25,0.4881,1,1,ok,True,1,C,protocol_C.jsonl:686
transformer,NbhdPenalty@b=0.25,0.49,3,3,ok,True,1,A,protocol_A.jsonl:451 protocol_A.jsonl:452 protocol_A.jsonl:453
transformer,NbhdPenalty@b=0.25,0.4963,1,1,ok,True,1,C,protocol_C.jsonl:689
transformer,NbhdPenalty@b=0.25,0.5,1,1,ok,True,1,A,protocol_A.jsonl:446
transformer,NbhdPenalty@b=0.25,0.5089,1,1,ok,True,1,C,protocol_C.jsonl:692
transformer,NbhdPenalty@b=0.25,0.51,1,1,ok,True,1,A,protocol_A.jsonl:443
transformer,NbhdPenalty@b=0.25,0.5163,1,1,ok,True,1,C,protocol_C.jsonl:695
transformer,NbhdPenalty@b=0.25,0.52,1,1,ok,True,1,A,protocol_A.jsonl:440
transformer,NbhdPenalty@b=0.25,0.5226,1,1,ok,True,1,C,protocol_C.jsonl:698
transformer,NbhdPenalty@b=0.25,0.53,1,1,ok,True,1,A,protocol_A.jsonl:437
transformer,NbhdPenalty@b=0.25,0.5302,1,1,ok,True,1,C,protocol_C.jsonl:700
transformer,NbhdPenalty@b=0.25,0.54,3,3,ok,True,1,A,protocol_A.jsonl:430 protocol_A.jsonl:431 protocol_A.jsonl:432
transformer,NbhdPenalty@b=0.25,0.5424,1,1,ok,True,1,C,protocol_C.jsonl:704
transformer,NbhdPenalty@b=0.25,0.55,1,1,ok,True,1,A,protocol_A.jsonl:425
transformer,NbhdPenalty@b=0.25,0.5521,1,1,ok,True,1,C,protocol_C.jsonl:707
transformer,NbhdPenalty@b=0.25,0.56,1,1,ok,True,1,A,protocol_A.jsonl:421
transformer,NbhdPenalty@b=0.25,0.5618,1,1,ok,True,1,C,protocol_C.jsonl:709
transformer,NbhdPenalty@b=0.25,0.57,1,1,ok,True,1,A,protocol_A.jsonl:418
transformer,NbhdPenalty@b=0.25,0.5791,1,1,ok,True,1,C,protocol_C.jsonl:713
transformer,NbhdPenalty@b=0.25,0.58,1,1,ok,True,1,A,protocol_A.jsonl:415
transformer,NbhdPenalty@b=0.25,0.5873,1,1,ok,True,1,C,protocol_C.jsonl:715
transformer,NbhdPenalty@b=0.25,0.59,1,1,ok,True,1,A,protocol_A.jsonl:412
transformer,NbhdPenalty@b=0.25,0.5924,1,1,ok,True,1,C,protocol_C.jsonl:724
transformer,NbhdPenalty@b=0.25,0.6,1,1,ok,True,1,A,protocol_A.jsonl:409
transformer,TwoPhase@k=8,0.05,1,1,oom,True,0,A,protocol_A.jsonl:611
transformer,TwoPhase@k=8,0.0549,1,1,oom,True,0,C,protocol_C.jsonl:481
transformer,TwoPhase@k=8,0.0567,1,1,oom,True,0,C,protocol_C.jsonl:484
transformer,TwoPhase@k=8,0.06,1,1,oom,True,0,A,protocol_A.jsonl:608
transformer,TwoPhase@k=8,0.0638,1,1,oom,True,0,C,protocol_C.jsonl:490
transformer,TwoPhase@k=8,0.0695,1,1,oom,True,0,C,protocol_C.jsonl:491
transformer,TwoPhase@k=8,0.07,1,1,oom,True,0,A,protocol_A.jsonl:605
transformer,TwoPhase@k=8,0.076,1,1,oom,True,0,C,protocol_C.jsonl:499
transformer,TwoPhase@k=8,0.0786,1,1,oom,True,0,C,protocol_C.jsonl:494
transformer,TwoPhase@k=8,0.08,1,1,oom,True,0,A,protocol_A.jsonl:602
transformer,TwoPhase@k=8,0.0819,1,1,oom,True,0,C,protocol_C.jsonl:501
transformer,TwoPhase@k=8,0.0856,1,1,oom,True,0,C,protocol_C.jsonl:504
transformer,TwoPhase@k=8,0.09,1,1,oom,True,0,A,protocol_A.jsonl:599
transformer,TwoPhase@k=8,0.0931,1,1,oom,True,0,C,protocol_C.jsonl:506
transformer,TwoPhase@k=8,0.0977,1,1,oom,True,0,C,protocol_C.jsonl:507
transformer,TwoPhase@k=8,0.1,1,1,oom,True,0,A,protocol_A.jsonl:727
transformer,TwoPhase@k=8,0.1047,1,1,oom,True,0,C,protocol_C.jsonl:512
transformer,TwoPhase@k=8,0.1062,1,1,oom,True,0,C,protocol_C.jsonl:516
transformer,TwoPhase@k=8,0.11,1,1,oom,True,0,A,protocol_A.jsonl:594
transformer,TwoPhase@k=8,0.1109,1,1,oom,True,0,C,protocol_C.jsonl:519
transformer,TwoPhase@k=8,0.1165,1,1,oom,True,0,C,protocol_C.jsonl:523
transformer,TwoPhase@k=8,0.12,1,1,oom,True,0,A,protocol_A.jsonl:593
transformer,TwoPhase@k=8,0.1202,1,1,oom,True,0,C,protocol_C.jsonl:529
transformer,TwoPhase@k=8,0.124,1,1,oom,True,0,C,protocol_C.jsonl:531
transformer,TwoPhase@k=8,0.13,3,3,ok,True,1,A,protocol_A.jsonl:586 protocol_A.jsonl:587 protocol_A.jsonl:588
transformer,TwoPhase@k=8,0.1365,1,1,ok,True,1,C,protocol_C.jsonl:534
transformer,TwoPhase@k=8,0.1375,1,1,ok,True,1,C,protocol_C.jsonl:533
transformer,TwoPhase@k=8,0.14,1,1,ok,True,1,A,protocol_A.jsonl:579
transformer,TwoPhase@k=8,0.1455,1,1,ok,True,1,C,protocol_C.jsonl:542
transformer,TwoPhase@k=8,0.1476,1,1,ok,True,1,C,protocol_C.jsonl:536
transformer,TwoPhase@k=8,0.15,1,1,ok,True,1,A,protocol_A.jsonl:576
transformer,TwoPhase@k=8,0.1557,1,1,ok,True,1,C,protocol_C.jsonl:547
transformer,TwoPhase@k=8,0.1559,1,1,ok,True,1,C,protocol_C.jsonl:541
transformer,TwoPhase@k=8,0.16,1,1,ok,True,1,A,protocol_A.jsonl:573
transformer,TwoPhase@k=8,0.1658,1,1,ok,True,1,C,protocol_C.jsonl:556
transformer,TwoPhase@k=8,0.1665,1,1,ok,True,1,C,protocol_C.jsonl:552
transformer,TwoPhase@k=8,0.17,1,1,ok,True,1,A,protocol_A.jsonl:572
transformer,TwoPhase@k=8,0.1717,1,1,ok,True,1,C,protocol_C.jsonl:561
transformer,TwoPhase@k=8,0.1787,1,1,ok,True,1,C,protocol_C.jsonl:554
transformer,TwoPhase@k=8,0.18,1,1,ok,True,1,A,protocol_A.jsonl:567
transformer,TwoPhase@k=8,0.1808,1,1,ok,True,1,C,protocol_C.jsonl:566
transformer,TwoPhase@k=8,0.189,1,1,ok,True,1,C,protocol_C.jsonl:559
transformer,TwoPhase@k=8,0.19,3,3,ok,True,1,A,protocol_A.jsonl:562 protocol_A.jsonl:563 protocol_A.jsonl:564
transformer,TwoPhase@k=8,0.1924,1,1,ok,True,1,C,protocol_C.jsonl:565
transformer,TwoPhase@k=8,0.1963,1,1,ok,True,1,C,protocol_C.jsonl:569
transformer,TwoPhase@k=8,0.2,3,3,ok,True,1,A,protocol_A.jsonl:553 protocol_A.jsonl:554 protocol_A.jsonl:555
transformer,TwoPhase@k=8,0.2017,1,1,ok,True,1,C,protocol_C.jsonl:575
transformer,TwoPhase@k=8,0.2056,1,1,ok,True,1,C,protocol_C.jsonl:572
transformer,TwoPhase@k=8,0.21,1,1,ok,True,1,A,protocol_A.jsonl:545
transformer,TwoPhase@k=8,0.2124,1,1,ok,True,1,C,protocol_C.jsonl:578
transformer,TwoPhase@k=8,0.2133,1,1,ok,True,1,C,protocol_C.jsonl:581
transformer,TwoPhase@k=8,0.22,1,1,ok,True,1,A,protocol_A.jsonl:543
transformer,TwoPhase@k=8,0.2241,1,1,ok,True,1,C,protocol_C.jsonl:587
transformer,TwoPhase@k=8,0.2282,1,1,ok,True,1,C,protocol_C.jsonl:584
transformer,TwoPhase@k=8,0.23,1,1,ok,True,1,A,protocol_A.jsonl:540
transformer,TwoPhase@k=8,0.2319,1,1,ok,True,1,C,protocol_C.jsonl:595
transformer,TwoPhase@k=8,0.2364,1,1,ok,True,1,C,protocol_C.jsonl:591
transformer,TwoPhase@k=8,0.24,1,1,ok,True,1,A,protocol_A.jsonl:537
transformer,TwoPhase@k=8,0.2402,1,1,ok,True,1,C,protocol_C.jsonl:597
transformer,TwoPhase@k=8,0.2417,1,1,ok,True,1,C,protocol_C.jsonl:599
transformer,TwoPhase@k=8,0.25,1,1,ok,True,1,A,protocol_A.jsonl:534
transformer,TwoPhase@k=8,0.2565,1,1,ok,True,1,C,protocol_C.jsonl:604
transformer,TwoPhase@k=8,0.257,1,1,ok,True,1,C,protocol_C.jsonl:606
transformer,TwoPhase@k=8,0.26,1,1,ok,True,1,A,protocol_A.jsonl:531
transformer,TwoPhase@k=8,0.2657,1,1,ok,True,1,C,protocol_C.jsonl:609
transformer,TwoPhase@k=8,0.2659,1,1,ok,True,1,C,protocol_C.jsonl:612
transformer,TwoPhase@k=8,0.27,1,1,ok,True,1,A,protocol_A.jsonl:528
transformer,TwoPhase@k=8,0.2789,1,1,ok,True,1,C,protocol_C.jsonl:615
transformer,TwoPhase@k=8,0.2791,1,1,ok,True,1,C,protocol_C.jsonl:618
transformer,TwoPhase@k=8,0.28,1,1,ok,True,1,A,protocol_A.jsonl:525
transformer,TwoPhase@k=8,0.2848,1,1,ok,True,1,C,protocol_C.jsonl:625
transformer,TwoPhase@k=8,0.2887,1,1,ok,True,1,C,protocol_C.jsonl:621
transformer,TwoPhase@k=8,0.29,1,1,ok,True,1,A,protocol_A.jsonl:522
transformer,TwoPhase@k=8,0.2938,1,1,ok,True,1,C,protocol_C.jsonl:630
transformer,TwoPhase@k=8,0.2995,1,1,ok,True,1,C,protocol_C.jsonl:627
transformer,TwoPhase@k=8,0.3,1,1,ok,True,1,A,protocol_A.jsonl:519
transformer,TwoPhase@k=8,0.3026,1,1,ok,True,1,C,protocol_C.jsonl:634
transformer,TwoPhase@k=8,0.31,1,1,ok,True,1,A,protocol_A.jsonl:516
transformer,TwoPhase@k=8,0.3156,1,1,ok,True,1,C,protocol_C.jsonl:637
transformer,TwoPhase@k=8,0.32,1,1,ok,True,1,A,protocol_A.jsonl:513
transformer,TwoPhase@k=8,0.3257,1,1,ok,True,1,C,protocol_C.jsonl:639
transformer,TwoPhase@k=8,0.33,1,1,ok,True,1,A,protocol_A.jsonl:510
transformer,TwoPhase@k=8,0.3325,1,1,ok,True,1,C,protocol_C.jsonl:643
transformer,TwoPhase@k=8,0.34,1,1,ok,True,1,A,protocol_A.jsonl:507
transformer,TwoPhase@k=8,0.3486,1,1,ok,True,1,C,protocol_C.jsonl:645
transformer,TwoPhase@k=8,0.35,1,1,ok,True,1,A,protocol_A.jsonl:504
transformer,TwoPhase@k=8,0.3506,1,1,ok,True,1,C,protocol_C.jsonl:649
transformer,TwoPhase@k=8,0.36,3,3,ok,True,1,A,protocol_A.jsonl:499 protocol_A.jsonl:500 protocol_A.jsonl:501
transformer,TwoPhase@k=8,0.3674,1,1,ok,True,1,C,protocol_C.jsonl:651
transformer,TwoPhase@k=8,0.37,1,1,ok,True,1,A,protocol_A.jsonl:492
transformer,TwoPhase@k=8,0.3748,1,1,ok,True,1,C,protocol_C.jsonl:655
transformer,TwoPhase@k=8,0.38,1,1,ok,True,1,A,protocol_A.jsonl:489
transformer,TwoPhase@k=8,0.3803,1,1,ok,True,1,C,protocol_C.jsonl:659
transformer,TwoPhase@k=8,0.39,1,1,ok,True,1,A,protocol_A.jsonl:486
transformer,TwoPhase@k=8,0.3954,1,1,ok,True,1,C,protocol_C.jsonl:661
transformer,TwoPhase@k=8,0.4,1,1,ok,True,1,A,protocol_A.jsonl:483
transformer,TwoPhase@k=8,0.4033,1,1,ok,True,1,C,protocol_C.jsonl:663
transformer,TwoPhase@k=8,0.41,1,1,ok,True,1,A,protocol_A.jsonl:480
transformer,TwoPhase@k=8,0.4198,1,1,ok,True,1,C,protocol_C.jsonl:666
transformer,TwoPhase@k=8,0.42,1,1,ok,True,1,A,protocol_A.jsonl:477
transformer,TwoPhase@k=8,0.4267,1,1,ok,True,1,C,protocol_C.jsonl:669
transformer,TwoPhase@k=8,0.43,1,1,ok,True,1,A,protocol_A.jsonl:474
transformer,TwoPhase@k=8,0.4374,1,1,ok,True,1,C,protocol_C.jsonl:673
transformer,TwoPhase@k=8,0.44,1,1,ok,True,1,A,protocol_A.jsonl:471
transformer,TwoPhase@k=8,0.4432,1,1,ok,True,1,C,protocol_C.jsonl:676
transformer,TwoPhase@k=8,0.45,1,1,ok,True,1,A,protocol_A.jsonl:468
transformer,TwoPhase@k=8,0.4543,1,1,ok,True,1,C,protocol_C.jsonl:680
transformer,TwoPhase@k=8,0.46,1,1,ok,True,1,A,protocol_A.jsonl:465
transformer,TwoPhase@k=8,0.4656,1,1,ok,True,1,C,protocol_C.jsonl:683
transformer,TwoPhase@k=8,0.47,1,1,ok,True,1,A,protocol_A.jsonl:462
transformer,TwoPhase@k=8,0.4795,1,1,ok,True,1,C,protocol_C.jsonl:684
transformer,TwoPhase@k=8,0.48,1,1,ok,True,1,A,protocol_A.jsonl:459
transformer,TwoPhase@k=8,0.4881,1,1,ok,True,1,C,protocol_C.jsonl:688
transformer,TwoPhase@k=8,0.49,3,3,ok,True,1,A,protocol_A.jsonl:454 protocol_A.jsonl:455 protocol_A.jsonl:456
transformer,TwoPhase@k=8,0.4963,1,1,ok,True,1,C,protocol_C.jsonl:691
transformer,TwoPhase@k=8,0.5,1,1,ok,True,1,A,protocol_A.jsonl:447
transformer,TwoPhase@k=8,0.5089,1,1,ok,True,1,C,protocol_C.jsonl:693
transformer,TwoPhase@k=8,0.51,1,1,ok,True,1,A,protocol_A.jsonl:444
transformer,TwoPhase@k=8,0.5163,1,1,ok,True,1,C,protocol_C.jsonl:697
transformer,TwoPhase@k=8,0.52,1,1,ok,True,1,A,protocol_A.jsonl:441
transformer,TwoPhase@k=8,0.5226,1,1,ok,True,1,C,protocol_C.jsonl:701
transformer,TwoPhase@k=8,0.53,1,1,ok,True,1,A,protocol_A.jsonl:438
transformer,TwoPhase@k=8,0.5302,1,1,ok,True,1,C,protocol_C.jsonl:703
transformer,TwoPhase@k=8,0.54,3,3,ok,True,1,A,protocol_A.jsonl:433 protocol_A.jsonl:434 protocol_A.jsonl:436
transformer,TwoPhase@k=8,0.5424,1,1,ok,True,1,C,protocol_C.jsonl:706
transformer,TwoPhase@k=8,0.55,1,1,ok,True,1,A,protocol_A.jsonl:427
transformer,TwoPhase@k=8,0.5521,1,1,ok,True,1,C,protocol_C.jsonl:710
transformer,TwoPhase@k=8,0.56,1,1,ok,True,1,A,protocol_A.jsonl:422
transformer,TwoPhase@k=8,0.5618,1,1,ok,True,1,C,protocol_C.jsonl:712
transformer,TwoPhase@k=8,0.57,1,1,ok,True,1,A,protocol_A.jsonl:419
transformer,TwoPhase@k=8,0.5791,1,1,ok,True,1,C,protocol_C.jsonl:716
transformer,TwoPhase@k=8,0.58,1,1,ok,True,1,A,protocol_A.jsonl:416
transformer,TwoPhase@k=8,0.5873,1,1,ok,True,1,C,protocol_C.jsonl:728
transformer,TwoPhase@k=8,0.59,1,1,ok,True,1,A,protocol_A.jsonl:413
transformer,TwoPhase@k=8,0.5924,1,1,ok,True,1,C,protocol_C.jsonl:807
transformer,TwoPhase@k=8,0.6,1,1,ok,True,1,A,protocol_A.jsonl:410
treelstm,DTR,0.05,1,0,timeout,,0,A,protocol_A.jsonl:1247
treelstm,DTR,0.052,1,0,timeout,,0,C,protocol_C.jsonl:961
treelstm,DTR,0.0522,1,0,timeout,,0,C,protocol_C.jsonl:964
treelstm,DTR,0.06,1,0,timeout,,0,A,protocol_A.jsonl:1237
treelstm,DTR,0.0611,1,0,timeout,,0,C,protocol_C.jsonl:977
treelstm,DTR,0.0639,1,0,timeout,,0,C,protocol_C.jsonl:975
treelstm,DTR,0.07,1,0,timeout,,0,A,protocol_A.jsonl:1235
treelstm,DTR,0.0715,1,0,timeout,,0,C,protocol_C.jsonl:979
treelstm,DTR,0.0789,1,0,timeout,,0,C,protocol_C.jsonl:986
treelstm,DTR,0.08,1,0,timeout,,0,A,protocol_A.jsonl:1010
treelstm,DTR,0.082,1,0,timeout,,0,C,protocol_C.jsonl:985
treelstm,DTR,0.0863,1,0,timeout,,0,C,protocol_C.jsonl:994
treelstm,DTR,0.09,1,0,timeout,,0,A,protocol_A.jsonl:1007
treelstm,DTR,0.0964,1,1,ok,True,1,C,protocol_C.jsonl:992
treelstm,DTR,0.0984,1,0,timeout,,0,C,protocol_C.jsonl:997
treelstm,DTR,0.1,1,0,timeout,,0,A,protocol_A.jsonl:1004
treelstm,DTR,0.1003,1,0,timeout,,0,C,protocol_C.jsonl:1002
treelstm,DTR,0.1076,1,0,timeout,,0,C,protocol_C.jsonl:1011
treelstm,DTR,0.11,1,1,ok,True,1,A,protocol_A.jsonl:999
treelstm,DTR,0.1132,1,1,ok,True,1,C,protocol_C.jsonl:1000
treelstm,DTR,0.1163,1,1,ok,True,1,C,protocol_C.jsonl:1003
treelstm,DTR,0.12,1,1,ok,True,1,A,protocol_A.jsonl:996
treelstm,DTR,0.1247,1,1,ok,True,1,C,protocol_C.jsonl:1006
treelstm,DTR,0.1253,1,1,ok,True,1,C,protocol_C.jsonl:1009
treelstm,DTR,0.13,1,1,ok,True,1,A,protocol_A.jsonl:993
treelstm,DTR,0.1338,1,1,ok,True,1,C,protocol_C.jsonl:1015
treelstm,DTR,0.1369,1,1,ok,True,1,C,protocol_C.jsonl:1012
treelstm,DTR,0.14,1,1,ok,True,1,A,protocol_A.jsonl:990
treelstm,DTR,0.1406,1,1,ok,True,1,C,protocol_C.jsonl:1021
treelstm,DTR,0.1422,1,1,ok,True,1,C,protocol_C.jsonl:1018
treelstm,DTR,0.15,1,1,ok,True,1,A,protocol_A.jsonl:987
treelstm,DTR,0.1522,1,1,ok,True,1,C,protocol_C.jsonl:1024
treelstm,DTR,0.1597,1,1,ok,True,1,C,protocol_C.jsonl:1027
treelstm,DTR,0.16,1,1,ok,True,1,A,protocol_A.jsonl:984
treelstm,DTR,0.1604,1,1,ok,True,1,C,protocol_C.jsonl:1030
treelstm,DTR,0.1693,1,1,ok,True,1,C,protocol_C.jsonl:1033
treelstm,DTR,0.17,3,3,ok,True,1,A,protocol_A.jsonl:975 protocol_A.jsonl:976 protocol_A.jsonl:977
treelstm,DTR,0.1744,1,1,ok,True,1,C,protocol_C.jsonl:1039
treelstm,DTR,0.1775,1,1,ok,True,1,C,protocol_C.jsonl:1036
treelstm,DTR,0.18,1,1,ok,True,1,A,protocol_A.jsonl:972
treelstm,DTR,0.1886,1,1,ok,True,1,C,protocol_C.jsonl:1045
treelstm,DTR,0.1899,1,1,ok,True,1,C,protocol_C.jsonl:1042
treelstm,DTR,0.19,1,1,ok,True,1,A,protocol_A.jsonl:969
treelstm,DTR,0.192,1,1,ok,True,1,C,protocol_C.jsonl:1048
treelstm,DTR,0.1953,1,1,ok,True,1,C,protocol_C.jsonl:1051
treelstm,DTR,0.2,1,1,ok,True,1,A,protocol_A.jsonl:966
treelstm,DTR,0.2042,1,1,ok,True,1,C,protocol_C.jsonl:1055
treelstm,DTR,0.2065,1,1,ok,True,1,C,protocol_C.jsonl:1058
treelstm,DTR,0.21,1,1,ok,True,1,A,protocol_A.jsonl:963
treelstm,DTR,0.2136,1,1,ok,True,1,C,protocol_C.jsonl:1062
treelstm,DTR,0.2173,1,1,ok,True,1,C,protocol_C.jsonl:1064
treelstm,DTR,0.22,1,1,ok,True,1,A,protocol_A.jsonl:960
treelstm,DTR,0.2215,1,1,ok,True,1,C,protocol_C.jsonl:1070
treelstm,DTR,0.222,1,1,ok,True,1,C,protocol_C.jsonl:1067
treelstm,DTR,0.23,1,1,ok,True,1,A,protocol_A.jsonl:957
treelstm,DTR,0.2349,1,1,ok,True,1,C,protocol_C.jsonl:1076
treelstm,DTR,0.2368,1,1,ok,True,1,C,protocol_C.jsonl:1072
treelstm,DTR,0.24,1,1,ok,True,1,A,protocol_A.jsonl:955
treelstm,DTR,0.242,1,1,ok,True,1,C,protocol_C.jsonl:1081
treelstm,DTR,0.2434,1,1,ok,True,1,C,protocol_C.jsonl:1078
treelstm,DTR,0.25,1,1,ok,True,1,A,protocol_A.jsonl:952
treelstm,DTR,0.2524,1,1,ok,True,1,C,protocol_C.jsonl:1089
treelstm,DTR,0.2559,1,1,ok,True,1,C,protocol_C.jsonl:1084
treelstm,DTR,0.26,1,1,ok,True,1,A,protocol_A.jsonl:950
treelstm,DTR,0.2622,1,1,ok,True,1,C,protocol_C.jsonl:1092
treelstm,DTR,0.2643,1,1,ok,True,1,C,protocol_C.jsonl:1093
treelstm,DTR,0.27,1,1,ok,True,1,A,protocol_A.jsonl:947
treelstm,DTR,0.2772,1,1,ok,True,1,C,protocol_C.jsonl:1096
treelstm,DTR,0.2795,1,1,ok,True,1,C,protocol_C.jsonl:1099
treelstm,DTR,0.28,1,1,ok,True,1,A,protocol_A.jsonl:943
treelstm,DTR,0.2805,1,1,ok,True,1,C,protocol_C.jsonl:1105
treelstm,DTR,0.281,1,1,ok,True,1,C,protocol_C.jsonl:1102
treelstm,DTR,0.29,1,1,ok,True,1,A,protocol_A.jsonl:940
treelstm,DTR,0.2934,1,1,ok,True,1,C,protocol_C.jsonl:1111
treelstm,DTR,0.2957,1,1,ok,True,1,C,protocol_C.jsonl:1108
treelstm,DTR,0.3,1,1,ok,True,1,A,protocol_A.jsonl:938
treelstm,DTR,0.3034,1,1,ok,True,1,C,protocol_C.jsonl:1114
treelstm,DTR,0.31,1,1,ok,True,1,A,protocol_A.jsonl:934
treelstm,DTR,0.3188,1,1,ok,True,1,C,protocol_C.jsonl:1117
treelstm,DTR,0.32,1,1,ok,True,1,A,protocol_A.jsonl:931
treelstm,DTR,0.3293,1,1,ok,True,1,C,protocol_C.jsonl:1120
treelstm,DTR,0.33,1,1,ok,True,1,A,protocol_A.jsonl:928
treelstm,DTR,0.3316,1,1,ok,True,1,C,protocol_C.jsonl:1123
treelstm,DTR,0.34,1,1,ok,True,1,A,protocol_A.jsonl:925
treelstm,DTR,0.3441,1,1,ok,True,1,C,protocol_C.jsonl:1126
treelstm,DTR,0.35,1,1,ok,True,1,A,protocol_A.jsonl:922
treelstm,DTR,0.3585,1,1,ok,True,1,C,protocol_C.jsonl:1129
treelstm,DTR,0.36,1,1,ok,True,1,A,protocol_A.jsonl:919
treelstm,DTR,0.368,1,1,ok,True,1,C,protocol_C.jsonl:1132
treelstm,DTR,0.37,1,1,ok,True,1,A,protocol_A.jsonl:916
treelstm,DTR,0.3766,1,1,ok,True,1,C,protocol_C.jsonl:1135
treelstm,DTR,0.38,1,1,ok,True,1,A,protocol_A.jsonl:913
treelstm,DTR,0.3885,1,1,ok,True,1,C,protocol_C.jsonl:1138
treelstm,DTR,0.39,3,3,ok,True,1,A,protocol_A.jsonl:904 protocol_A.jsonl:905 protocol_A.jsonl:906
treelstm,DTR,0.3956,1,1,ok,True,1,C,protocol_C.jsonl:1141
treelstm,DTR,0.4,1,1,ok,True,1,A,protocol_A.jsonl:901
treelstm,DTR,0.4099,1,1,ok,True,1,C,protocol_C.jsonl:1144
treelstm,DTR,0.41,1,1,ok,True,1,A,protocol_A.jsonl:898
treelstm,DTR,0.4157,1,1,ok,True,1,C,protocol_C.jsonl:1147
treelstm,DTR,0.42,3,3,ok,True,1,A,protocol_A.jsonl:889 protocol_A.jsonl:890 protocol_A.jsonl:891
treelstm,DTR,0.4272,1,1,ok,True,1,C,protocol_C.jsonl:1150
treelstm,DTR,0.43,3,3,ok,True,1,A,protocol_A.jsonl:880 protocol_A.jsonl:881 protocol_A.jsonl:882
treelstm,DTR,0.433,1,1,ok,True,1,C,protocol_C.jsonl:1153
treelstm,DTR,0.44,3,3,ok,True,1,A,protocol_A.jsonl:871 protocol_A.jsonl:872 protocol_A.jsonl:873
treelstm,DTR,0.447,1,1,ok,True,1,C,protocol_C.jsonl:1156
treelstm,DTR,0.45,1,1,ok,True,1,A,protocol_A.jsonl:868
treelstm,DTR,0.4524,1,1,ok,True,1,C,protocol_C.jsonl:1159
treelstm,DTR,0.46,1,1,ok,True,1,A,protocol_A.jsonl:865
treelstm,DTR,0.4695,1,1,ok,True,1,C,protocol_C.jsonl:1162
treelstm,DTR,0.47,1,1,ok,True,1,A,protocol_A.jsonl:862
treelstm,DTR,0.4732,1,1,ok,True,1,C,protocol_C.jsonl:1165
treelstm,DTR,0.48,1,1,ok,True,1,A,protocol_A.jsonl:859
treelstm,DTR,0.4808,1,1,ok,True,1,C,protocol_C.jsonl:1168
treelstm,DTR,0.49,1,1,ok,True,1,A,protocol_A.jsonl:856
treelstm,DTR,0.4972,1,1,ok,True,1,C,protocol_C.jsonl:1171
treelstm,DTR,0.5,3,3,ok,True,1,A,protocol_A.jsonl:847 protocol_A.jsonl:848 protocol_A.jsonl:849
treelstm,DTR,0.509,1,1,ok,True,1,C,protocol_C.jsonl:1174
treelstm,DTR,0.51,1,1,ok,True,1,A,protocol_A.jsonl:844
treelstm,DTR,0.517,1,1,ok,True,1,C,protocol_C.jsonl:1177
treelstm,DTR,0.52,1,1,ok,True,1,A,protocol_A.jsonl:841
treelstm,DTR,0.528,1,1,ok,True,1,C,protocol_C.jsonl:1180
treelstm,DTR,0.53,1,1,ok,True,1,A,protocol_A.jsonl:838
treelstm,DTR,0.5339,1,1,ok,True,1,C,protocol_C.jsonl:1183
treelstm,DTR,0.54,1,1,ok,True,1,A,protocol_A.jsonl:835
treelstm,DTR,0.5421,1,1,ok,True,1,C,protocol_C.jsonl:1186
treelstm,DTR,0.55,1,1,ok,True,1,A,protocol_A.jsonl:832
treelstm,DTR,0.5548,1,1,ok,True,1,C,protocol_C.jsonl:1189
treelstm,DTR,0.56,1,1,ok,True,1,A,protocol_A.jsonl:829
treelstm,DTR,0.5613,1,1,ok,True,1,C,protocol_C.jsonl:1192
treelstm,DTR,0.57,1,1,ok,True,1,A,protocol_A.jsonl:826
treelstm,DTR,0.5751,1,1,ok,True,1,C,protocol_C.jsonl:1195
treelstm,DTR,0.58,1,1,ok,True,1,A,protocol_A.jsonl:823
treelstm,DTR,0.5872,1,1,ok,True,1,C,protocol_C.jsonl:1198
treelstm,DTR,0.59,1,1,ok,True,1,A,protocol_A.jsonl:820
treelstm,DTR,0.5934,1,1,ok,True,1,C,protocol_C.jsonl:1201
treelstm,DTR,0.6,1,1,ok,True,1,A,protocol_A.jsonl:818
treelstm,NbhdPenalty@b=0.25,0.05,1,1,oom,True,0,A,protocol_A.jsonl:1262
treelstm,NbhdPenalty@b=0.25,0.052,1,0,timeout,,0,C,protocol_C.jsonl:962
treelstm,NbhdPenalty@b=0.25,0.0522,1,0,timeout,,0,C,protocol_C.jsonl:973
treelstm,NbhdPenalty@b=0.25,0.06,1,0,timeout,,0,A,protocol_A.jsonl:1238
treelstm,NbhdPenalty@b=0.25,0.0611,1,0,timeout,,0,C,protocol_C.jsonl:976
treelstm,NbhdPenalty@b=0.25,0.0639,1,1,ok,True,1,C,protocol_C.jsonl:965
treelstm,NbhdPenalty@b=0.25,0.07,1,1,ok,True,1,A,protocol_A.jsonl:1012
treelstm,NbhdPenalty@b=0.25,0.0715,1,1,ok,True,1,C,protocol_C.jsonl:980
treelstm,NbhdPenalty@b=0.25,0.0789,1,1,ok,True,1,C,protocol_C.jsonl:984
treelstm,NbhdPenalty@b=0.25,0.08,1,1,ok,True,1,A,protocol_A.jsonl:1009
treelstm,NbhdPenalty@b=0.25,0.082,1,1,ok,True,1,C,protocol_C.jsonl:983
treelstm,NbhdPenalty@b=0.25,0.0863,1,1,ok,True,1,C,protocol_C.jsonl:991
treelstm,NbhdPenalty@b=0.25,0.09,1,1,ok,True,1,A,protocol_A.jsonl:1006
treelstm,NbhdPenalty@b=0.25,0.0964,1,1,ok,True,1,C,protocol_C.jsonl:993
treelstm,NbhdPenalty@b=0.25,0.0984,1,1,ok,True,1,C,protocol_C.jsonl:990
treelstm,NbhdPenalty@b=0.25,0.1,1,1,ok,True,1,A,protocol_A.jsonl:1003
treelstm,NbhdPenalty@b=0.25,0.1003,1,1,ok,True,1,C,protocol_C.jsonl:995
treelstm,NbhdPenalty@b=0.25,0.1076,1,1,ok,True,1,C,protocol_C.jsonl:998
treelstm,NbhdPenalty@b=0.25,0.11,1,1,ok,True,1,A,protocol_A.jsonl:1000
treelstm,NbhdPenalty@b=0.25,0.1132,1,1,ok,True,1,C,protocol_C.jsonl:1004
treelstm,NbhdPenalty@b=0.25,0.1163,1,1,ok,True,1,C,protocol_C.jsonl:1005
treelstm,NbhdPenalty@b=0.25,0.12,1,1,ok,True,1,A,protocol_A.jsonl:997
treelstm,NbhdPenalty@b=0.25,0.1247,1,1,ok,True,1,C,protocol_C.jsonl:1007
treelstm,NbhdPenalty@b=0.25,0.1253,1,1,ok,True,1,C,protocol_C.jsonl:1010
treelstm,NbhdPenalty@b=0.25,0.13,1,1,ok,True,1,A,protocol_A.jsonl:994
treelstm,NbhdPenalty@b=0.25,0.1338,1,1,ok,True,1,C,protocol_C.jsonl:1017
treelstm,NbhdPenalty@b=0.25,0.1369,1,1,ok,True,1,C,protocol_C.jsonl:1014
treelstm,NbhdPenalty@b=0.25,0.14,1,1,ok,True,1,A,protocol_A.jsonl:991
treelstm,NbhdPenalty@b=0.25,0.1406,1,1,ok,True,1,C,protocol_C.jsonl:1023
treelstm,NbhdPenalty@b=0.25,0.1422,1,1,ok,True,1,C,protocol_C.jsonl:1020
treelstm,NbhdPenalty@b=0.25,0.15,1,1,ok,True,1,A,protocol_A.jsonl:988
treelstm,NbhdPenalty@b=0.25,0.1522,1,1,ok,True,1,C,protocol_C.jsonl:1025
treelstm,NbhdPenalty@b=0.25,0.1597,1,1,ok,True,1,C,protocol_C.jsonl:1028
treelstm,NbhdPenalty@b=0.25,0.16,1,1,ok,True,1,A,protocol_A.jsonl:985
treelstm,NbhdPenalty@b=0.25,0.1604,1,1,ok,True,1,C,protocol_C.jsonl:1032
treelstm,NbhdPenalty@b=0.25,0.1693,1,1,ok,True,1,C,protocol_C.jsonl:1035
treelstm,NbhdPenalty@b=0.25,0.17,3,3,ok,True,1,A,protocol_A.jsonl:978 protocol_A.jsonl:979 protocol_A.jsonl:980
treelstm,NbhdPenalty@b=0.25,0.1744,1,1,ok,True,1,C,protocol_C.jsonl:1040
treelstm,NbhdPenalty@b=0.25,0.1775,1,1,ok,True,1,C,protocol_C.jsonl:1037
treelstm,NbhdPenalty@b=0.25,0.18,1,1,ok,True,1,A,protocol_A.jsonl:973
treelstm,NbhdPenalty@b=0.25,0.1886,1,1,ok,True,1,C,protocol_C.jsonl:1046
treelstm,NbhdPenalty@b=0.25,0.1899,1,1,ok,True,1,C,protocol_C.jsonl:1043
treelstm,NbhdPenalty@b=0.25,0.19,1,1,ok,True,1,A,protocol_A.jsonl:970
treelstm,NbhdPenalty@b=0.25,0.192,1,1,ok,True,1,C,protocol_C.jsonl:1049
treelstm,NbhdPenalty@b=0.25,0.1953,1,1,ok,True,1,C,protocol_C.jsonl:1053
treelstm,NbhdPenalty@b=0.25,0.2,1,1,ok,True,1,A,protocol_A.jsonl:967
treelstm,NbhdPenalty@b=0.25,0.2042,1,1,ok,True,1,C,protocol_C.jsonl:1056
treelstm,NbhdPenalty@b=0.25,0.2065,1,1,ok,True,1,C,protocol_C.jsonl:1061
treelstm,NbhdPenalty@b=0.25,0.21,1,1,ok,True,1,A,protocol_A.jsonl:964
treelstm,NbhdPenalty@b=0.25,0.2136,1,1,ok,True,1,C,protocol_C.jsonl:1065
treelstm,NbhdPenalty@b=0.25,0.2173,1,1,ok,True,1,C,protocol_C.jsonl:1068
treelstm,NbhdPenalty@b=0.25,0.22,1,1,ok,True,1,A,protocol_A.jsonl:961
treelstm,NbhdPenalty@b=0.25,0.2215,1,1,ok,True,1,C,protocol_C.jsonl:1073
treelstm,NbhdPenalty@b=0.25,0.222,1,1,ok,True,1,C,protocol_C.jsonl:1069
treelstm,NbhdPenalty@b=0.25,0.23,1,1,ok,True,1,A,protocol_A.jsonl:958
treelstm,NbhdPenalty@b=0.25,0.2349,1,1,ok,True,1,C,protocol_C.jsonl:1077
treelstm,NbhdPenalty@b=0.25,0.2368,1,1,ok,True,1,C,protocol_C.jsonl:1075
treelstm,NbhdPenalty@b=0.25,0.24,1,1,ok,True,1,A,protocol_A.jsonl:956
treelstm,NbhdPenalty@b=0.25,0.242,1,1,ok,True,1,C,protocol_C.jsonl:1082
treelstm,NbhdPenalty@b=0.25,0.2434,1,1,ok,True,1,C,protocol_C.jsonl:1079
treelstm,NbhdPenalty@b=0.25,0.25,1,1,ok,True,1,A,protocol_A.jsonl:953
treelstm,NbhdPenalty@b=0.25,0.2524,1,1,ok,True,1,C,protocol_C.jsonl:1088
treelstm,NbhdPenalty@b=0.25,0.2559,1,1,ok,True,1,C,protocol_C.jsonl:1085
treelstm,NbhdPenalty@b=0.25,0.26,1,1,ok,True,1,A,protocol_A.jsonl:949
treelstm,NbhdPenalty@b=0.25,0.2622,1,1,ok,True,1,C,protocol_C.jsonl:1091
treelstm,NbhdPenalty@b=0.25,0.2643,1,1,ok,True,1,C,protocol_C.jsonl:1094
treelstm,NbhdPenalty@b=0.25,0.27,1,1,ok,True,1,A,protocol_A.jsonl:946
treelstm,NbhdPenalty@b=0.25,0.2772,1,1,ok,True,1,C,protocol_C.jsonl:1097
treelstm,NbhdPenalty@b=0.25,0.2795,1,1,ok,True,1,C,protocol_C.jsonl:1100
treelstm,NbhdPenalty@b=0.25,0.28,1,1,ok,True,1,A,protocol_A.jsonl:944
treelstm,NbhdPenalty@b=0.25,0.2805,1,1,ok,True,1,C,protocol_C.jsonl:1106
treelstm,NbhdPenalty@b=0.25,0.281,1,1,ok,True,1,C,protocol_C.jsonl:1103
treelstm,NbhdPenalty@b=0.25,0.29,1,1,ok,True,1,A,protocol_A.jsonl:941
treelstm,NbhdPenalty@b=0.25,0.2934,1,1,ok,True,1,C,protocol_C.jsonl:1112
treelstm,NbhdPenalty@b=0.25,0.2957,1,1,ok,True,1,C,protocol_C.jsonl:1109
treelstm,NbhdPenalty@b=0.25,0.3,1,1,ok,True,1,A,protocol_A.jsonl:937
treelstm,NbhdPenalty@b=0.25,0.3034,1,1,ok,True,1,C,protocol_C.jsonl:1115
treelstm,NbhdPenalty@b=0.25,0.31,1,1,ok,True,1,A,protocol_A.jsonl:935
treelstm,NbhdPenalty@b=0.25,0.3188,1,1,ok,True,1,C,protocol_C.jsonl:1118
treelstm,NbhdPenalty@b=0.25,0.32,1,1,ok,True,1,A,protocol_A.jsonl:932
treelstm,NbhdPenalty@b=0.25,0.3293,1,1,ok,True,1,C,protocol_C.jsonl:1121
treelstm,NbhdPenalty@b=0.25,0.33,1,1,ok,True,1,A,protocol_A.jsonl:929
treelstm,NbhdPenalty@b=0.25,0.3316,1,1,ok,True,1,C,protocol_C.jsonl:1124
treelstm,NbhdPenalty@b=0.25,0.34,1,1,ok,True,1,A,protocol_A.jsonl:926
treelstm,NbhdPenalty@b=0.25,0.3441,1,1,ok,True,1,C,protocol_C.jsonl:1127
treelstm,NbhdPenalty@b=0.25,0.35,1,1,ok,True,1,A,protocol_A.jsonl:923
treelstm,NbhdPenalty@b=0.25,0.3585,1,1,ok,True,1,C,protocol_C.jsonl:1130
treelstm,NbhdPenalty@b=0.25,0.36,1,1,ok,True,1,A,protocol_A.jsonl:920
treelstm,NbhdPenalty@b=0.25,0.368,1,1,ok,True,1,C,protocol_C.jsonl:1133
treelstm,NbhdPenalty@b=0.25,0.37,1,1,ok,True,1,A,protocol_A.jsonl:917
treelstm,NbhdPenalty@b=0.25,0.3766,1,1,ok,True,1,C,protocol_C.jsonl:1136
treelstm,NbhdPenalty@b=0.25,0.38,1,1,ok,True,1,A,protocol_A.jsonl:914
treelstm,NbhdPenalty@b=0.25,0.3885,1,1,ok,True,1,C,protocol_C.jsonl:1139
treelstm,NbhdPenalty@b=0.25,0.39,3,3,ok,True,1,A,protocol_A.jsonl:907 protocol_A.jsonl:908 protocol_A.jsonl:909
treelstm,NbhdPenalty@b=0.25,0.3956,1,1,ok,True,1,C,protocol_C.jsonl:1142
treelstm,NbhdPenalty@b=0.25,0.4,1,1,ok,True,1,A,protocol_A.jsonl:902
treelstm,NbhdPenalty@b=0.25,0.4099,1,1,ok,True,1,C,protocol_C.jsonl:1145
treelstm,NbhdPenalty@b=0.25,0.41,1,1,ok,True,1,A,protocol_A.jsonl:899
treelstm,NbhdPenalty@b=0.25,0.4157,1,1,ok,True,1,C,protocol_C.jsonl:1148
treelstm,NbhdPenalty@b=0.25,0.42,3,3,ok,True,1,A,protocol_A.jsonl:892 protocol_A.jsonl:893 protocol_A.jsonl:894
treelstm,NbhdPenalty@b=0.25,0.4272,1,1,ok,True,1,C,protocol_C.jsonl:1151
treelstm,NbhdPenalty@b=0.25,0.43,3,3,ok,True,1,A,protocol_A.jsonl:883 protocol_A.jsonl:884 protocol_A.jsonl:885
treelstm,NbhdPenalty@b=0.25,0.433,1,1,ok,True,1,C,protocol_C.jsonl:1154
treelstm,NbhdPenalty@b=0.25,0.44,3,3,ok,True,1,A,protocol_A.jsonl:874 protocol_A.jsonl:875 protocol_A.jsonl:876
treelstm,NbhdPenalty@b=0.25,0.447,1,1,ok,True,1,C,protocol_C.jsonl:1157
treelstm,NbhdPenalty@b=0.25,0.45,1,1,ok,True,1,A,protocol_A.jsonl:869
treelstm,NbhdPenalty@b=0.25,0.4524,1,1,ok,True,1,C,protocol_C.jsonl:1160
treelstm,NbhdPenalty@b=0.25,0.46,1,1,ok,True,1,A,protocol_A.jsonl:866
treelstm,NbhdPenalty@b=0.25,0.4695,1,1,ok,True,1,C,protocol_C.jsonl:1163
treelstm,NbhdPenalty@b=0.25,0.47,1,1,ok,True,1,A,protocol_A.jsonl:863
treelstm,NbhdPenalty@b=0.25,0.4732,1,1,ok,True,1,C,protocol_C.jsonl:1166
treelstm,NbhdPenalty@b=0.25,0.48,1,1,ok,True,1,A,protocol_A.jsonl:860
treelstm,NbhdPenalty@b=0.25,0.4808,1,1,ok,True,1,C,protocol_C.jsonl:1169
treelstm,NbhdPenalty@b=0.25,0.49,1,1,ok,True,1,A,protocol_A.jsonl:857
treelstm,NbhdPenalty@b=0.25,0.4972,1,1,ok,True,1,C,protocol_C.jsonl:1172
treelstm,NbhdPenalty@b=0.25,0.5,3,3,ok,True,1,A,protocol_A.jsonl:850 protocol_A.jsonl:851 protocol_A.jsonl:852
treelstm,NbhdPenalty@b=0.25,0.509,1,1,ok,True,1,C,protocol_C.jsonl:1175
treelstm,NbhdPenalty@b=0.25,0.51,1,1,ok,True,1,A,protocol_A.jsonl:845
treelstm,NbhdPenalty@b=0.25,0.517,1,1,ok,True,1,C,protocol_C.jsonl:1178
treelstm,NbhdPenalty@b=0.25,0.52,1,1,ok,True,1,A,protocol_A.jsonl:842
treelstm,NbhdPenalty@b=0.25,0.528,1,1,ok,True,1,C,protocol_C.jsonl:1181
treelstm,NbhdPenalty@b=0.25,0.53,1,1,ok,True,1,A,protocol_A.jsonl:839
treelstm,NbhdPenalty@b=0.25,0.5339,1,1,ok,True,1,C,protocol_C.jsonl:1184
treelstm,NbhdPenalty@b=0.25,0.54,1,1,ok,True,1,A,protocol_A.jsonl:836
treelstm,NbhdPenalty@b=0.25,0.5421,1,1,ok,True,1,C,protocol_C.jsonl:1187
treelstm,NbhdPenalty@b=0.25,0.55,1,1,ok,True,1,A,protocol_A.jsonl:833
treelstm,NbhdPenalty@b=0.25,0.5548,1,1,ok,True,1,C,protocol_C.jsonl:1190
treelstm,NbhdPenalty@b=0.25,0.56,1,1,ok,True,1,A,protocol_A.jsonl:830
treelstm,NbhdPenalty@b=0.25,0.5613,1,1,ok,True,1,C,protocol_C.jsonl:1193
treelstm,NbhdPenalty@b=0.25,0.57,1,1,ok,True,1,A,protocol_A.jsonl:827
treelstm,NbhdPenalty@b=0.25,0.5751,1,1,ok,True,1,C,protocol_C.jsonl:1196
treelstm,NbhdPenalty@b=0.25,0.58,1,1,ok,True,1,A,protocol_A.jsonl:824
treelstm,NbhdPenalty@b=0.25,0.5872,1,1,ok,True,1,C,protocol_C.jsonl:1199
treelstm,NbhdPenalty@b=0.25,0.59,1,1,ok,True,1,A,protocol_A.jsonl:821
treelstm,NbhdPenalty@b=0.25,0.5934,1,1,ok,True,1,C,protocol_C.jsonl:1202
treelstm,NbhdPenalty@b=0.25,0.6,1,1,ok,True,1,A,protocol_A.jsonl:817
treelstm,TwoPhase@k=8,0.05,1,0,timeout,,0,A,protocol_A.jsonl:1369
treelstm,TwoPhase@k=8,0.052,1,0,timeout,,0,C,protocol_C.jsonl:963
treelstm,TwoPhase@k=8,0.0522,1,0,timeout,,0,C,protocol_C.jsonl:972
treelstm,TwoPhase@k=8,0.06,1,0,timeout,,0,A,protocol_A.jsonl:1239
treelstm,TwoPhase@k=8,0.0611,1,0,timeout,,0,C,protocol_C.jsonl:978
treelstm,TwoPhase@k=8,0.0639,1,0,timeout,,0,C,protocol_C.jsonl:974
treelstm,TwoPhase@k=8,0.07,1,0,timeout,,0,A,protocol_A.jsonl:1236
treelstm,TwoPhase@k=8,0.0715,1,0,timeout,,0,C,protocol_C.jsonl:988
treelstm,TwoPhase@k=8,0.0789,1,0,timeout,,0,C,protocol_C.jsonl:987
treelstm,TwoPhase@k=8,0.08,1,0,timeout,,0,A,protocol_A.jsonl:1011
treelstm,TwoPhase@k=8,0.082,1,0,timeout,,0,C,protocol_C.jsonl:989
treelstm,TwoPhase@k=8,0.0863,1,0,timeout,,0,C,protocol_C.jsonl:996
treelstm,TwoPhase@k=8,0.09,1,0,timeout,,0,A,protocol_A.jsonl:1008
treelstm,TwoPhase@k=8,0.0964,1,0,timeout,,0,C,protocol_C.jsonl:1001
treelstm,TwoPhase@k=8,0.0984,1,0,timeout,,0,C,protocol_C.jsonl:999
treelstm,TwoPhase@k=8,0.1,1,0,timeout,,0,A,protocol_A.jsonl:1005
treelstm,TwoPhase@k=8,0.1003,1,0,timeout,,0,C,protocol_C.jsonl:1008
treelstm,TwoPhase@k=8,0.1076,1,0,timeout,,0,C,protocol_C.jsonl:1013
treelstm,TwoPhase@k=8,0.11,1,0,timeout,,0,A,protocol_A.jsonl:1002
treelstm,TwoPhase@k=8,0.1132,1,0,timeout,,0,C,protocol_C.jsonl:1016
treelstm,TwoPhase@k=8,0.1163,1,0,timeout,,0,C,protocol_C.jsonl:1019
treelstm,TwoPhase@k=8,0.12,1,0,timeout,,0,A,protocol_A.jsonl:1001
treelstm,TwoPhase@k=8,0.1247,1,0,timeout,,0,C,protocol_C.jsonl:1022
treelstm,TwoPhase@k=8,0.1253,1,0,timeout,,0,C,protocol_C.jsonl:1026
treelstm,TwoPhase@k=8,0.13,1,0,timeout,,0,A,protocol_A.jsonl:998
treelstm,TwoPhase@k=8,0.1338,1,0,timeout,,0,C,protocol_C.jsonl:1031
treelstm,TwoPhase@k=8,0.1369,1,0,timeout,,0,C,protocol_C.jsonl:1029
treelstm,TwoPhase@k=8,0.14,1,0,timeout,,0,A,protocol_A.jsonl:995
treelstm,TwoPhase@k=8,0.1406,1,0,timeout,,0,C,protocol_C.jsonl:1038
treelstm,TwoPhase@k=8,0.1422,1,0,timeout,,0,C,protocol_C.jsonl:1034
treelstm,TwoPhase@k=8,0.15,1,0,timeout,,0,A,protocol_A.jsonl:992
treelstm,TwoPhase@k=8,0.1522,1,0,timeout,,0,C,protocol_C.jsonl:1041
treelstm,TwoPhase@k=8,0.1597,1,0,timeout,,0,C,protocol_C.jsonl:1044
treelstm,TwoPhase@k=8,0.16,1,0,timeout,,0,A,protocol_A.jsonl:989
treelstm,TwoPhase@k=8,0.1604,1,0,timeout,,0,C,protocol_C.jsonl:1050
treelstm,TwoPhase@k=8,0.1693,1,0,timeout,,0,C,protocol_C.jsonl:1052
treelstm,TwoPhase@k=8,0.17,3,3,ok,True,1,A,protocol_A.jsonl:981 protocol_A.jsonl:982 protocol_A.jsonl:983
treelstm,TwoPhase@k=8,0.1744,1,0,timeout,,0,C,protocol_C.jsonl:1071
treelstm,TwoPhase@k=8,0.1775,1,0,timeout,,0,C,protocol_C.jsonl:1063
treelstm,TwoPhase@k=8,0.18,1,0,timeout,,0,A,protocol_A.jsonl:986
treelstm,TwoPhase@k=8,0.1886,1,1,ok,True,1,C,protocol_C.jsonl:1047
treelstm,TwoPhase@k=8,0.1899,1,1,ok,True,1,C,protocol_C.jsonl:1059
treelstm,TwoPhase@k=8,0.19,1,1,ok,True,1,A,protocol_A.jsonl:974
treelstm,TwoPhase@k=8,0.192,1,0,timeout,,0,C,protocol_C.jsonl:1086
treelstm,TwoPhase@k=8,0.1953,1,1,ok,True,1,C,protocol_C.jsonl:1054
treelstm,TwoPhase@k=8,0.2,1,0,timeout,,0,A,protocol_A.jsonl:971
treelstm,TwoPhase@k=8,0.2042,1,1,ok,True,1,C,protocol_C.jsonl:1057
treelstm,TwoPhase@k=8,0.2065,1,1,ok,True,1,C,protocol_C.jsonl:1060
treelstm,TwoPhase@k=8,0.21,1,0,timeout,,0,A,protocol_A.jsonl:968
treelstm,TwoPhase@k=8,0.2136,1,0,timeout,,0,C,protocol_C.jsonl:1237
treelstm,TwoPhase@k=8,0.2173,1,1,ok,True,1,C,protocol_C.jsonl:1066
treelstm,TwoPhase@k=8,0.22,1,0,timeout,,0,A,protocol_A.jsonl:965
treelstm,TwoPhase@k=8,0.2215,1,0,timeout,,0,C,protocol_C.jsonl:1248
treelstm,TwoPhase@k=8,0.222,1,0,timeout,,0,C,protocol_C.jsonl:1244
treelstm,TwoPhase@k=8,0.23,1,1,ok,True,1,A,protocol_A.jsonl:959
treelstm,TwoPhase@k=8,0.2349,1,0,timeout,,0,C,protocol_C.jsonl:1251
treelstm,TwoPhase@k=8,0.2368,1,1,ok,True,1,C,protocol_C.jsonl:1074
treelstm,TwoPhase@k=8,0.24,1,0,timeout,,0,A,protocol_A.jsonl:962
treelstm,TwoPhase@k=8,0.242,1,1,ok,True,1,C,protocol_C.jsonl:1083
treelstm,TwoPhase@k=8,0.2434,1,1,ok,True,1,C,protocol_C.jsonl:1080
treelstm,TwoPhase@k=8,0.25,1,1,ok,True,1,A,protocol_A.jsonl:954
treelstm,TwoPhase@k=8,0.2524,1,1,ok,True,1,C,protocol_C.jsonl:1090
treelstm,TwoPhase@k=8,0.2559,1,1,ok,True,1,C,protocol_C.jsonl:1087
treelstm,TwoPhase@k=8,0.26,1,1,ok,True,1,A,protocol_A.jsonl:951
treelstm,TwoPhase@k=8,0.2622,1,0,timeout,,0,C,protocol_C.jsonl:1262
treelstm,TwoPhase@k=8,0.2643,1,1,ok,True,1,C,protocol_C.jsonl:1095
treelstm,TwoPhase@k=8,0.27,1,1,ok,True,1,A,protocol_A.jsonl:948
treelstm,TwoPhase@k=8,0.2772,1,1,ok,True,1,C,protocol_C.jsonl:1098
treelstm,TwoPhase@k=8,0.2795,1,1,ok,True,1,C,protocol_C.jsonl:1101
treelstm,TwoPhase@k=8,0.28,1,1,ok,True,1,A,protocol_A.jsonl:945
treelstm,TwoPhase@k=8,0.2805,1,1,ok,True,1,C,protocol_C.jsonl:1107
treelstm,TwoPhase@k=8,0.281,1,1,ok,True,1,C,protocol_C.jsonl:1104
treelstm,TwoPhase@k=8,0.29,1,1,ok,True,1,A,protocol_A.jsonl:942
treelstm,TwoPhase@k=8,0.2934,1,1,ok,True,1,C,protocol_C.jsonl:1113
treelstm,TwoPhase@k=8,0.2957,1,1,ok,True,1,C,protocol_C.jsonl:1110
treelstm,TwoPhase@k=8,0.3,1,1,ok,True,1,A,protocol_A.jsonl:939
treelstm,TwoPhase@k=8,0.3034,1,1,ok,True,1,C,protocol_C.jsonl:1116
treelstm,TwoPhase@k=8,0.31,1,1,ok,True,1,A,protocol_A.jsonl:936
treelstm,TwoPhase@k=8,0.3188,1,1,ok,True,1,C,protocol_C.jsonl:1119
treelstm,TwoPhase@k=8,0.32,1,1,ok,True,1,A,protocol_A.jsonl:933
treelstm,TwoPhase@k=8,0.3293,1,1,ok,True,1,C,protocol_C.jsonl:1122
treelstm,TwoPhase@k=8,0.33,1,1,ok,True,1,A,protocol_A.jsonl:930
treelstm,TwoPhase@k=8,0.3316,1,1,ok,True,1,C,protocol_C.jsonl:1125
treelstm,TwoPhase@k=8,0.34,1,1,ok,True,1,A,protocol_A.jsonl:927
treelstm,TwoPhase@k=8,0.3441,1,1,ok,True,1,C,protocol_C.jsonl:1128
treelstm,TwoPhase@k=8,0.35,1,1,ok,True,1,A,protocol_A.jsonl:924
treelstm,TwoPhase@k=8,0.3585,1,1,ok,True,1,C,protocol_C.jsonl:1131
treelstm,TwoPhase@k=8,0.36,1,1,ok,True,1,A,protocol_A.jsonl:921
treelstm,TwoPhase@k=8,0.368,1,1,ok,True,1,C,protocol_C.jsonl:1134
treelstm,TwoPhase@k=8,0.37,1,1,ok,True,1,A,protocol_A.jsonl:918
treelstm,TwoPhase@k=8,0.3766,1,1,ok,True,1,C,protocol_C.jsonl:1137
treelstm,TwoPhase@k=8,0.38,1,1,ok,True,1,A,protocol_A.jsonl:915
treelstm,TwoPhase@k=8,0.3885,1,1,ok,True,1,C,protocol_C.jsonl:1140
treelstm,TwoPhase@k=8,0.39,3,3,ok,True,1,A,protocol_A.jsonl:910 protocol_A.jsonl:911 protocol_A.jsonl:912
treelstm,TwoPhase@k=8,0.3956,1,1,ok,True,1,C,protocol_C.jsonl:1143
treelstm,TwoPhase@k=8,0.4,1,1,ok,True,1,A,protocol_A.jsonl:903
treelstm,TwoPhase@k=8,0.4099,1,1,ok,True,1,C,protocol_C.jsonl:1146
treelstm,TwoPhase@k=8,0.41,1,1,ok,True,1,A,protocol_A.jsonl:900
treelstm,TwoPhase@k=8,0.4157,1,1,ok,True,1,C,protocol_C.jsonl:1149
treelstm,TwoPhase@k=8,0.42,3,3,ok,True,1,A,protocol_A.jsonl:895 protocol_A.jsonl:896 protocol_A.jsonl:897
treelstm,TwoPhase@k=8,0.4272,1,1,ok,True,1,C,protocol_C.jsonl:1152
treelstm,TwoPhase@k=8,0.43,3,3,ok,True,1,A,protocol_A.jsonl:886 protocol_A.jsonl:887 protocol_A.jsonl:888
treelstm,TwoPhase@k=8,0.433,1,1,ok,True,1,C,protocol_C.jsonl:1155
treelstm,TwoPhase@k=8,0.44,3,3,ok,True,1,A,protocol_A.jsonl:877 protocol_A.jsonl:878 protocol_A.jsonl:879
treelstm,TwoPhase@k=8,0.447,1,1,ok,True,1,C,protocol_C.jsonl:1158
treelstm,TwoPhase@k=8,0.45,1,1,ok,True,1,A,protocol_A.jsonl:870
treelstm,TwoPhase@k=8,0.4524,1,1,ok,True,1,C,protocol_C.jsonl:1161
treelstm,TwoPhase@k=8,0.46,1,1,ok,True,1,A,protocol_A.jsonl:867
treelstm,TwoPhase@k=8,0.4695,1,1,ok,True,1,C,protocol_C.jsonl:1164
treelstm,TwoPhase@k=8,0.47,1,1,ok,True,1,A,protocol_A.jsonl:864
treelstm,TwoPhase@k=8,0.4732,1,1,ok,True,1,C,protocol_C.jsonl:1167
treelstm,TwoPhase@k=8,0.48,1,1,ok,True,1,A,protocol_A.jsonl:861
treelstm,TwoPhase@k=8,0.4808,1,1,ok,True,1,C,protocol_C.jsonl:1170
treelstm,TwoPhase@k=8,0.49,1,1,ok,True,1,A,protocol_A.jsonl:858
treelstm,TwoPhase@k=8,0.4972,1,1,ok,True,1,C,protocol_C.jsonl:1173
treelstm,TwoPhase@k=8,0.5,3,3,ok,True,1,A,protocol_A.jsonl:853 protocol_A.jsonl:854 protocol_A.jsonl:855
treelstm,TwoPhase@k=8,0.509,1,1,ok,True,1,C,protocol_C.jsonl:1176
treelstm,TwoPhase@k=8,0.51,1,1,ok,True,1,A,protocol_A.jsonl:846
treelstm,TwoPhase@k=8,0.517,1,1,ok,True,1,C,protocol_C.jsonl:1179
treelstm,TwoPhase@k=8,0.52,1,1,ok,True,1,A,protocol_A.jsonl:843
treelstm,TwoPhase@k=8,0.528,1,1,ok,True,1,C,protocol_C.jsonl:1182
treelstm,TwoPhase@k=8,0.53,1,1,ok,True,1,A,protocol_A.jsonl:840
treelstm,TwoPhase@k=8,0.5339,1,1,ok,True,1,C,protocol_C.jsonl:1185
treelstm,TwoPhase@k=8,0.54,1,1,ok,True,1,A,protocol_A.jsonl:837
treelstm,TwoPhase@k=8,0.5421,1,1,ok,True,1,C,protocol_C.jsonl:1188
treelstm,TwoPhase@k=8,0.55,1,1,ok,True,1,A,protocol_A.jsonl:834
treelstm,TwoPhase@k=8,0.5548,1,1,ok,True,1,C,protocol_C.jsonl:1191
treelstm,TwoPhase@k=8,0.56,1,1,ok,True,1,A,protocol_A.jsonl:831
treelstm,TwoPhase@k=8,0.5613,1,1,ok,True,1,C,protocol_C.jsonl:1194
treelstm,TwoPhase@k=8,0.57,1,1,ok,True,1,A,protocol_A.jsonl:828
treelstm,TwoPhase@k=8,0.5751,1,1,ok,True,1,C,protocol_C.jsonl:1197
treelstm,TwoPhase@k=8,0.58,1,1,ok,True,1,A,protocol_A.jsonl:825
treelstm,TwoPhase@k=8,0.5872,1,1,ok,True,1,C,protocol_C.jsonl:1200
treelstm,TwoPhase@k=8,0.59,1,1,ok,True,1,A,protocol_A.jsonl:822
treelstm,TwoPhase@k=8,0.5934,1,1,ok,True,1,C,protocol_C.jsonl:1203
treelstm,TwoPhase@k=8,0.6,1,1,ok,True,1,A,protocol_A.jsonl:819
unet,DTR,0.05,1,1,oom,True,0,A,protocol_A.jsonl:814
unet,DTR,0.0552,1,1,oom,True,0,C,protocol_C.jsonl:721
unet,DTR,0.056,1,1,oom,True,0,C,protocol_C.jsonl:718
unet,DTR,0.06,1,1,oom,True,0,A,protocol_A.jsonl:812
unet,DTR,0.0681,1,1,oom,True,0,C,protocol_C.jsonl:725
unet,DTR,0.0694,1,1,oom,True,0,C,protocol_C.jsonl:729
unet,DTR,0.07,1,1,oom,True,0,A,protocol_A.jsonl:807
unet,DTR,0.0729,1,1,oom,True,0,C,protocol_C.jsonl:731
unet,DTR,0.0787,1,1,oom,True,0,C,protocol_C.jsonl:734
unet,DTR,0.08,3,3,oom,True,0,A,protocol_A.jsonl:799 protocol_A.jsonl:800 protocol_A.jsonl:802
unet,DTR,0.084,1,1,oom,True,0,C,protocol_C.jsonl:737
unet,DTR,0.0882,1,1,oom,True,0,C,protocol_C.jsonl:739
unet,DTR,0.09,1,1,oom,True,0,A,protocol_A.jsonl:796
unet,DTR,0.0965,1,1,oom,True,0,C,protocol_C.jsonl:742
unet,DTR,0.0992,1,1,oom,True,0,C,protocol_C.jsonl:747
unet,DTR,0.1,1,1,oom,True,0,A,protocol_A.jsonl:794
unet,DTR,0.1083,1,1,oom,True,0,C,protocol_C.jsonl:753
unet,DTR,0.1093,1,1,oom,True,0,C,protocol_C.jsonl:750
unet,DTR,0.11,1,1,oom,True,0,A,protocol_A.jsonl:790
unet,DTR,0.1103,1,1,oom,True,0,C,protocol_C.jsonl:757
unet,DTR,0.1154,1,1,oom,True,0,C,protocol_C.jsonl:755
unet,DTR,0.12,1,1,oom,True,0,A,protocol_A.jsonl:788
unet,DTR,0.1207,1,1,oom,True,0,C,protocol_C.jsonl:761
unet,DTR,0.1273,1,1,oom,True,0,C,protocol_C.jsonl:765
unet,DTR,0.13,1,1,oom,True,0,A,protocol_A.jsonl:784
unet,DTR,0.1391,1,1,oom,True,0,C,protocol_C.jsonl:768
unet,DTR,0.1397,1,1,oom,True,0,C,protocol_C.jsonl:771
unet,DTR,0.14,1,1,oom,True,0,A,protocol_A.jsonl:782
unet,DTR,0.1436,1,1,oom,True,0,C,protocol_C.jsonl:774
unet,DTR,0.146,1,1,oom,True,0,C,protocol_C.jsonl:777
unet,DTR,0.15,1,1,oom,True,0,A,protocol_A.jsonl:778
unet,DTR,0.1575,1,1,oom,True,0,C,protocol_C.jsonl:783
unet,DTR,0.1597,1,1,oom,True,0,C,protocol_C.jsonl:780
unet,DTR,0.16,1,1,oom,True,0,A,protocol_A.jsonl:775
unet,DTR,0.1604,1,1,oom,True,0,C,protocol_C.jsonl:789
unet,DTR,0.1656,1,1,oom,True,0,C,protocol_C.jsonl:786
unet,DTR,0.17,1,1,oom,True,0,A,protocol_A.jsonl:772
unet,DTR,0.1706,1,1,oom,True,0,C,protocol_C.jsonl:792
unet,DTR,0.1764,1,1,oom,True,0,C,protocol_C.jsonl:795
unet,DTR,0.18,1,1,oom,True,0,A,protocol_A.jsonl:769
unet,DTR,0.1811,1,1,oom,True,0,C,protocol_C.jsonl:798
unet,DTR,0.1823,1,1,oom,True,0,C,protocol_C.jsonl:801
unet,DTR,0.19,1,1,oom,True,0,A,protocol_A.jsonl:765
unet,DTR,0.1969,1,1,oom,True,0,C,protocol_C.jsonl:808
unet,DTR,0.1979,1,1,oom,True,0,C,protocol_C.jsonl:804
unet,DTR,0.2,1,1,oom,True,0,A,protocol_A.jsonl:763
unet,DTR,0.201,1,1,oom,True,0,C,protocol_C.jsonl:814
unet,DTR,0.2045,1,1,oom,True,0,C,protocol_C.jsonl:811
unet,DTR,0.21,1,1,oom,True,0,A,protocol_A.jsonl:760
unet,DTR,0.2149,1,1,oom,True,0,C,protocol_C.jsonl:818
unet,DTR,0.2187,1,1,oom,True,0,C,protocol_C.jsonl:820
unet,DTR,0.22,1,1,oom,True,0,A,protocol_A.jsonl:757
unet,DTR,0.2209,1,1,oom,True,0,C,protocol_C.jsonl:826
unet,DTR,0.2242,1,1,oom,True,0,C,protocol_C.jsonl:823
unet,DTR,0.23,1,1,oom,True,0,A,protocol_A.jsonl:754
unet,DTR,0.2306,1,1,oom,True,0,C,protocol_C.jsonl:832
unet,DTR,0.2352,1,1,oom,True,0,C,protocol_C.jsonl:829
unet,DTR,0.24,3,3,oom,True,0,A,protocol_A.jsonl:744 protocol_A.jsonl:745 protocol_A.jsonl:747
unet,DTR,0.2401,1,1,oom,True,0,C,protocol_C.jsonl:835
unet,DTR,0.2432,1,1,oom,True,0,C,protocol_C.jsonl:837
unet,DTR,0.25,1,1,oom,True,0,A,protocol_A.jsonl:742
unet,DTR,0.2536,1,1,oom,True,0,C,protocol_C.jsonl:844
unet,DTR,0.2565,1,1,oom,True,0,C,protocol_C.jsonl:841
unet,DTR,0.26,1,1,oom,True,0,A,protocol_A.jsonl:739
unet,DTR,0.2657,1,1,oom,True,0,C,protocol_C.jsonl:847
unet,DTR,0.2666,1,1,oom,True,0,C,protocol_C.jsonl:849
unet,DTR,0.27,1,1,oom,True,0,A,protocol_A.jsonl:736
unet,DTR,0.2713,1,1,oom,True,0,C,protocol_C.jsonl:856
unet,DTR,0.277,1,1,oom,True,0,C,protocol_C.jsonl:854
unet,DTR,0.28,1,1,oom,True,0,A,protocol_A.jsonl:733
unet,DTR,0.2826,1,1,oom,True,0,C,protocol_C.jsonl:859
unet,DTR,0.2896,1,1,oom,True,0,C,protocol_C.jsonl:864
unet,DTR,0.29,1,1,oom,True,0,A,protocol_A.jsonl:730
unet,DTR,0.298,1,1,oom,True,0,C,protocol_C.jsonl:866
unet,DTR,0.2999,1,1,oom,True,0,C,protocol_C.jsonl:865
unet,DTR,0.3,1,1,oom,True,0,A,protocol_A.jsonl:726
unet,DTR,0.3069,1,1,oom,True,0,C,protocol_C.jsonl:871
unet,DTR,0.31,3,3,oom,True,0,A,protocol_A.jsonl:717 protocol_A.jsonl:718 protocol_A.jsonl:719
unet,DTR,0.3196,1,1,oom,True,0,C,protocol_C.jsonl:874
unet,DTR,0.32,1,1,oom,True,0,A,protocol_A.jsonl:714
unet,DTR,0.3222,1,1,oom,True,0,C,protocol_C.jsonl:877
unet,DTR,0.33,1,1,oom,True,0,A,protocol_A.jsonl:711
unet,DTR,0.3335,1,1,oom,True,0,C,protocol_C.jsonl:880
unet,DTR,0.34,1,1,oom,True,0,A,protocol_A.jsonl:708
unet,DTR,0.3497,1,1,oom,True,0,C,protocol_C.jsonl:884
unet,DTR,0.35,1,1,oom,True,0,A,protocol_A.jsonl:705
unet,DTR,0.3545,1,1,oom,True,0,C,protocol_C.jsonl:886
unet,DTR,0.36,1,1,oom,True,0,A,protocol_A.jsonl:702
unet,DTR,0.3699,1,1,oom,True,0,C,protocol_C.jsonl:889
unet,DTR,0.37,1,1,oom,True,0,A,protocol_A.jsonl:699
unet,DTR,0.3772,1,1,oom,True,0,C,protocol_C.jsonl:892
unet,DTR,0.38,1,1,oom,True,0,A,protocol_A.jsonl:696
unet,DTR,0.3854,1,1,oom,True,0,C,protocol_C.jsonl:895
unet,DTR,0.39,1,1,oom,True,0,A,protocol_A.jsonl:693
unet,DTR,0.3968,1,1,oom,True,0,C,protocol_C.jsonl:898
unet,DTR,0.4,1,1,oom,True,0,A,protocol_A.jsonl:690
unet,DTR,0.4036,1,1,oom,True,0,C,protocol_C.jsonl:901
unet,DTR,0.41,1,1,oom,True,0,A,protocol_A.jsonl:687
unet,DTR,0.4119,1,1,oom,True,0,C,protocol_C.jsonl:905
unet,DTR,0.42,1,1,oom,True,0,A,protocol_A.jsonl:684
unet,DTR,0.4296,1,1,ok,True,1,C,protocol_C.jsonl:907
unet,DTR,0.43,1,1,ok,True,1,A,protocol_A.jsonl:681
unet,DTR,0.4324,1,1,oom,True,0,C,protocol_C.jsonl:914
unet,DTR,0.44,1,1,ok,True,1,A,protocol_A.jsonl:678
unet,DTR,0.4405,1,1,ok,True,1,C,protocol_C.jsonl:913
unet,DTR,0.45,1,1,ok,True,1,A,protocol_A.jsonl:675
unet,DTR,0.4551,1,1,ok,True,1,C,protocol_C.jsonl:915
unet,DTR,0.46,1,1,ok,True,1,A,protocol_A.jsonl:672
unet,DTR,0.4606,1,1,ok,True,1,C,protocol_C.jsonl:920
unet,DTR,0.47,1,1,ok,True,1,A,protocol_A.jsonl:669
unet,DTR,0.4764,1,1,ok,True,1,C,protocol_C.jsonl:921
unet,DTR,0.48,1,1,ok,True,1,A,protocol_A.jsonl:666
unet,DTR,0.4885,1,1,ok,True,1,C,protocol_C.jsonl:924
unet,DTR,0.49,3,3,ok,True,1,A,protocol_A.jsonl:657 protocol_A.jsonl:658 protocol_A.jsonl:659
unet,DTR,0.4983,1,1,ok,True,1,C,protocol_C.jsonl:928
unet,DTR,0.5,1,1,ok,True,1,A,protocol_A.jsonl:654
unet,DTR,0.5074,1,1,ok,True,1,C,protocol_C.jsonl:931
unet,DTR,0.51,3,3,ok,True,1,A,protocol_A.jsonl:645 protocol_A.jsonl:646 protocol_A.jsonl:647
unet,DTR,0.5169,1,1,ok,True,1,C,protocol_C.jsonl:934
unet,DTR,0.52,3,3,ok,True,1,A,protocol_A.jsonl:636 protocol_A.jsonl:637 protocol_A.jsonl:638
unet,DTR,0.5234,1,1,ok,True,1,C,protocol_C.jsonl:937
unet,DTR,0.53,1,1,ok,True,1,A,protocol_A.jsonl:633
unet,DTR,0.5334,1,1,ok,True,1,C,protocol_C.jsonl:940
unet,DTR,0.54,1,1,ok,True,1,A,protocol_A.jsonl:630
unet,DTR,0.549,1,1,ok,True,1,C,protocol_C.jsonl:943
unet,DTR,0.55,1,1,ok,True,1,A,protocol_A.jsonl:627
unet,DTR,0.5502,1,1,ok,True,1,C,protocol_C.jsonl:946
unet,DTR,0.56,1,1,ok,True,1,A,protocol_A.jsonl:624
unet,DTR,0.5668,1,1,ok,True,1,C,protocol_C.jsonl:949
unet,DTR,0.57,1,1,ok,True,1,A,protocol_A.jsonl:621
unet,DTR,0.5742,1,1,ok,True,1,C,protocol_C.jsonl:952
unet,DTR,0.58,1,1,ok,True,1,A,protocol_A.jsonl:618
unet,DTR,0.5894,1,1,ok,True,1,C,protocol_C.jsonl:955
unet,DTR,0.59,1,1,ok,True,1,A,protocol_A.jsonl:615
unet,DTR,0.5925,1,1,ok,True,1,C,protocol_C.jsonl:958
unet,DTR,0.6,1,1,ok,True,1,A,protocol_A.jsonl:612
unet,NbhdPenalty@b=0.25,0.05,1,1,oom,True,0,A,protocol_A.jsonl:816
unet,NbhdPenalty@b=0.25,0.0552,1,1,oom,True,0,C,protocol_C.jsonl:722
unet,NbhdPenalty@b=0.25,0.056,1,1,oom,True,0,C,protocol_C.jsonl:719
unet,NbhdPenalty@b=0.25,0.06,1,1,oom,True,0,A,protocol_A.jsonl:811
unet,NbhdPenalty@b=0.25,0.0681,1,1,oom,True,0,C,protocol_C.jsonl:726
unet,NbhdPenalty@b=0.25,0.0694,1,1,oom,True,0,C,protocol_C.jsonl:732
unet,NbhdPenalty@b=0.25,0.07,1,1,oom,True,0,A,protocol_A.jsonl:810
unet,NbhdPenalty@b=0.25,0.0729,1,1,oom,True,0,C,protocol_C.jsonl:733
unet,NbhdPenalty@b=0.25,0.0787,1,1,oom,True,0,C,protocol_C.jsonl:736
unet,NbhdPenalty@b=0.25,0.08,3,3,oom,True,0,A,protocol_A.jsonl:801 protocol_A.jsonl:803 protocol_A.jsonl:804
unet,NbhdPenalty@b=0.25,0.084,1,1,oom,True,0,C,protocol_C.jsonl:741
unet,NbhdPenalty@b=0.25,0.0882,1,1,oom,True,0,C,protocol_C.jsonl:744
unet,NbhdPenalty@b=0.25,0.09,1,1,oom,True,0,A,protocol_A.jsonl:798
unet,NbhdPenalty@b=0.25,0.0965,1,1,oom,True,0,C,protocol_C.jsonl:745
unet,NbhdPenalty@b=0.25,0.0992,1,1,oom,True,0,C,protocol_C.jsonl:749
unet,NbhdPenalty@b=0.25,0.1,1,1,oom,True,0,A,protocol_A.jsonl:793
unet,NbhdPenalty@b=0.25,0.1083,1,1,oom,True,0,C,protocol_C.jsonl:756
unet,NbhdPenalty@b=0.25,0.1093,1,1,oom,True,0,C,protocol_C.jsonl:752
unet,NbhdPenalty@b=0.25,0.11,1,1,oom,True,0,A,protocol_A.jsonl:792
unet,NbhdPenalty@b=0.25,0.1103,1,1,oom,True,0,C,protocol_C.jsonl:762
unet,NbhdPenalty@b=0.25,0.1154,1,1,oom,True,0,C,protocol_C.jsonl:759
unet,NbhdPenalty@b=0.25,0.12,1,1,oom,True,0,A,protocol_A.jsonl:787
unet,NbhdPenalty@b=0.25,0.1207,1,1,oom,True,0,C,protocol_C.jsonl:763
unet,NbhdPenalty@b=0.25,0.1273,1,1,oom,True,0,C,protocol_C.jsonl:767
unet,NbhdPenalty@b=0.25,0.13,1,1,oom,True,0,A,protocol_A.jsonl:785
unet,NbhdPenalty@b=0.25,0.1391,1,1,oom,True,0,C,protocol_C.jsonl:770
unet,NbhdPenalty@b=0.25,0.1397,1,1,oom,True,0,C,protocol_C.jsonl:772
unet,NbhdPenalty@b=0.25,0.14,1,1,oom,True,0,A,protocol_A.jsonl:781
unet,NbhdPenalty@b=0.25,0.1436,1,1,oom,True,0,C,protocol_C.jsonl:775
unet,NbhdPenalty@b=0.25,0.146,1,1,oom,True,0,C,protocol_C.jsonl:779
unet,NbhdPenalty@b=0.25,0.15,1,1,oom,True,0,A,protocol_A.jsonl:780
unet,NbhdPenalty@b=0.25,0.1575,1,1,oom,True,0,C,protocol_C.jsonl:785
unet,NbhdPenalty@b=0.25,0.1597,1,1,oom,True,0,C,protocol_C.jsonl:782
unet,NbhdPenalty@b=0.25,0.16,1,1,oom,True,0,A,protocol_A.jsonl:776
unet,NbhdPenalty@b=0.25,0.1604,1,1,oom,True,0,C,protocol_C.jsonl:791
unet,NbhdPenalty@b=0.25,0.1656,1,1,oom,True,0,C,protocol_C.jsonl:788
unet,NbhdPenalty@b=0.25,0.17,1,1,oom,True,0,A,protocol_A.jsonl:773
unet,NbhdPenalty@b=0.25,0.1706,1,1,oom,True,0,C,protocol_C.jsonl:794
unet,NbhdPenalty@b=0.25,0.1764,1,1,oom,True,0,C,protocol_C.jsonl:797
unet,NbhdPenalty@b=0.25,0.18,1,1,oom,True,0,A,protocol_A.jsonl:770
unet,NbhdPenalty@b=0.25,0.1811,1,1,oom,True,0,C,protocol_C.jsonl:800
unet,NbhdPenalty@b=0.25,0.1823,1,1,oom,True,0,C,protocol_C.jsonl:803
unet,NbhdPenalty@b=0.25,0.19,1,1,oom,True,0,A,protocol_A.jsonl:767
unet,NbhdPenalty@b=0.25,0.1969,1,1,oom,True,0,C,protocol_C.jsonl:809
unet,NbhdPenalty@b=0.25,0.1979,1,1,oom,True,0,C,protocol_C.jsonl:806
unet,NbhdPenalty@b=0.25,0.2,1,1,oom,True,0,A,protocol_A.jsonl:764
unet,NbhdPenalty@b=0.25,0.201,1,1,oom,True,0,C,protocol_C.jsonl:815
unet,NbhdPenalty@b=0.25,0.2045,1,1,oom,True,0,C,protocol_C.jsonl:812
unet,NbhdPenalty@b=0.25,0.21,1,1,oom,True,0,A,protocol_A.jsonl:762
unet,NbhdPenalty@b=0.25,0.2149,1,1,oom,True,0,C,protocol_C.jsonl:817
unet,NbhdPenalty@b=0.25,0.2187,1,1,oom,True,0,C,protocol_C.jsonl:822
unet,NbhdPenalty@b=0.25,0.22,1,1,oom,True,0,A,protocol_A.jsonl:758
unet,NbhdPenalty@b=0.25,0.2209,1,1,oom,True,0,C,protocol_C.jsonl:827
unet,NbhdPenalty@b=0.25,0.2242,1,1,oom,True,0,C,protocol_C.jsonl:824
unet,NbhdPenalty@b=0.25,0.23,1,1,oom,True,0,A,protocol_A.jsonl:756
unet,NbhdPenalty@b=0.25,0.2306,1,1,oom,True,0,C,protocol_C.jsonl:833
unet,NbhdPenalty@b=0.25,0.2352,1,1,oom,True,0,C,protocol_C.jsonl:830
unet,NbhdPenalty@b=0.25,0.24,3,3,oom,True,0,A,protocol_A.jsonl:748 protocol_A.jsonl:749 protocol_A.jsonl:750
unet,NbhdPenalty@b=0.25,0.2401,1,1,oom,True,0,C,protocol_C.jsonl:838
unet,NbhdPenalty@b=0.25,0.2432,1,1,oom,True,0,C,protocol_C.jsonl:839
unet,NbhdPenalty@b=0.25,0.25,1,1,oom,True,0,A,protocol_A.jsonl:743
unet,NbhdPenalty@b=0.25,0.2536,1,1,oom,True,0,C,protocol_C.jsonl:846
unet,NbhdPenalty@b=0.25,0.2565,1,1,oom,True,0,C,protocol_C.jsonl:842
unet,NbhdPenalty@b=0.25,0.26,1,1,oom,True,0,A,protocol_A.jsonl:740
unet,NbhdPenalty@b=0.25,0.2657,1,1,oom,True,0,C,protocol_C.jsonl:848
unet,NbhdPenalty@b=0.25,0.2666,1,1,oom,True,0,C,protocol_C.jsonl:851
unet,NbhdPenalty@b=0.25,0.27,1,1,oom,True,0,A,protocol_A.jsonl:737
unet,NbhdPenalty@b=0.25,0.2713,1,1,oom,True,0,C,protocol_C.jsonl:857
unet,NbhdPenalty@b=0.25,0.277,1,1,oom,True,0,C,protocol_C.jsonl:853
unet,NbhdPenalty@b=0.25,0.28,1,1,oom,True,0,A,protocol_A.jsonl:734
unet,NbhdPenalty@b=0.25,0.2826,1,1,oom,True,0,C,protocol_C.jsonl:860
unet,NbhdPenalty@b=0.25,0.2896,1,1,oom,True,0,C,protocol_C.jsonl:863
unet,NbhdPenalty@b=0.25,0.29,1,1,oom,True,0,A,protocol_A.jsonl:731
unet,NbhdPenalty@b=0.25,0.298,1,1,oom,True,0,C,protocol_C.jsonl:869
unet,NbhdPenalty@b=0.25,0.2999,1,1,oom,True,0,C,protocol_C.jsonl:868
unet,NbhdPenalty@b=0.25,0.3,1,1,oom,True,0,A,protocol_A.jsonl:728
unet,NbhdPenalty@b=0.25,0.3069,1,1,oom,True,0,C,protocol_C.jsonl:872
unet,NbhdPenalty@b=0.25,0.31,3,3,oom,True,0,A,protocol_A.jsonl:720 protocol_A.jsonl:721 protocol_A.jsonl:722
unet,NbhdPenalty@b=0.25,0.3196,1,1,oom,True,0,C,protocol_C.jsonl:875
unet,NbhdPenalty@b=0.25,0.32,1,1,oom,True,0,A,protocol_A.jsonl:715
unet,NbhdPenalty@b=0.25,0.3222,1,1,oom,True,0,C,protocol_C.jsonl:878
unet,NbhdPenalty@b=0.25,0.33,1,1,oom,True,0,A,protocol_A.jsonl:712
unet,NbhdPenalty@b=0.25,0.3335,1,1,oom,True,0,C,protocol_C.jsonl:881
unet,NbhdPenalty@b=0.25,0.34,1,1,oom,True,0,A,protocol_A.jsonl:709
unet,NbhdPenalty@b=0.25,0.3497,1,1,oom,True,0,C,protocol_C.jsonl:883
unet,NbhdPenalty@b=0.25,0.35,1,1,oom,True,0,A,protocol_A.jsonl:706
unet,NbhdPenalty@b=0.25,0.3545,1,1,oom,True,0,C,protocol_C.jsonl:887
unet,NbhdPenalty@b=0.25,0.36,1,1,oom,True,0,A,protocol_A.jsonl:703
unet,NbhdPenalty@b=0.25,0.3699,1,1,oom,True,0,C,protocol_C.jsonl:890
unet,NbhdPenalty@b=0.25,0.37,1,1,oom,True,0,A,protocol_A.jsonl:700
unet,NbhdPenalty@b=0.25,0.3772,1,1,oom,True,0,C,protocol_C.jsonl:893
unet,NbhdPenalty@b=0.25,0.38,1,1,oom,True,0,A,protocol_A.jsonl:697
unet,NbhdPenalty@b=0.25,0.3854,1,1,ok,True,1,C,protocol_C.jsonl:896
unet,NbhdPenalty@b=0.25,0.39,1,1,ok,True,1,A,protocol_A.jsonl:694
unet,NbhdPenalty@b=0.25,0.3968,1,1,oom,True,0,C,protocol_C.jsonl:900
unet,NbhdPenalty@b=0.25,0.4,1,1,oom,True,0,A,protocol_A.jsonl:691
unet,NbhdPenalty@b=0.25,0.4036,1,1,ok,True,1,C,protocol_C.jsonl:902
unet,NbhdPenalty@b=0.25,0.41,1,1,ok,True,1,A,protocol_A.jsonl:688
unet,NbhdPenalty@b=0.25,0.4119,1,1,ok,True,1,C,protocol_C.jsonl:904
unet,NbhdPenalty@b=0.25,0.42,1,1,ok,True,1,A,protocol_A.jsonl:685
unet,NbhdPenalty@b=0.25,0.4296,1,1,ok,True,1,C,protocol_C.jsonl:908
unet,NbhdPenalty@b=0.25,0.43,1,1,ok,True,1,A,protocol_A.jsonl:682
unet,NbhdPenalty@b=0.25,0.4324,1,1,ok,True,1,C,protocol_C.jsonl:909
unet,NbhdPenalty@b=0.25,0.44,1,1,ok,True,1,A,protocol_A.jsonl:679
unet,NbhdPenalty@b=0.25,0.4405,1,1,ok,True,1,C,protocol_C.jsonl:912
unet,NbhdPenalty@b=0.25,0.45,1,1,ok,True,1,A,protocol_A.jsonl:676
unet,NbhdPenalty@b=0.25,0.4551,1,1,ok,True,1,C,protocol_C.jsonl:917
unet,NbhdPenalty@b=0.25,0.46,1,1,ok,True,1,A,protocol_A.jsonl:673
unet,NbhdPenalty@b=0.25,0.4606,1,1,ok,True,1,C,protocol_C.jsonl:919
unet,NbhdPenalty@b=0.25,0.47,1,1,ok,True,1,A,protocol_A.jsonl:670
unet,NbhdPenalty@b=0.25,0.4764,1,1,ok,True,1,C,protocol_C.jsonl:922
unet,NbhdPenalty@b=0.25,0.48,1,1,ok,True,1,A,protocol_A.jsonl:667
unet,NbhdPenalty@b=0.25,0.4885,1,1,ok,True,1,C,protocol_C.jsonl:925
unet,NbhdPenalty@b=0.25,0.49,3,3,ok,True,1,A,protocol_A.jsonl:660 protocol_A.jsonl:661 protocol_A.jsonl:662
unet,NbhdPenalty@b=0.25,0.4983,1,1,ok,True,1,C,protocol_C.jsonl:929
unet,NbhdPenalty@b=0.25,0.5,1,1,ok,True,1,A,protocol_A.jsonl:655
unet,NbhdPenalty@b=0.25,0.5074,1,1,ok,True,1,C,protocol_C.jsonl:932
unet,NbhdPenalty@b=0.25,0.51,3,3,ok,True,1,A,protocol_A.jsonl:648 protocol_A.jsonl:649 protocol_A.jsonl:650
unet,NbhdPenalty@b=0.25,0.5169,1,1,ok,True,1,C,protocol_C.jsonl:935
unet,NbhdPenalty@b=0.25,0.52,3,3,ok,True,1,A,protocol_A.jsonl:639 protocol_A.jsonl:640 protocol_A.jsonl:641
unet,NbhdPenalty@b=0.25,0.5234,1,1,ok,True,1,C,protocol_C.jsonl:938
unet,NbhdPenalty@b=0.25,0.53,1,1,ok,True,1,A,protocol_A.jsonl:634
unet,NbhdPenalty@b=0.25,0.5334,1,1,ok,True,1,C,protocol_C.jsonl:941
unet,NbhdPenalty@b=0.25,0.54,1,1,ok,True,1,A,protocol_A.jsonl:631
unet,NbhdPenalty@b=0.25,0.549,1,1,ok,True,1,C,protocol_C.jsonl:944
unet,NbhdPenalty@b=0.25,0.55,1,1,ok,True,1,A,protocol_A.jsonl:628
unet,NbhdPenalty@b=0.25,0.5502,1,1,ok,True,1,C,protocol_C.jsonl:947
unet,NbhdPenalty@b=0.25,0.56,1,1,ok,True,1,A,protocol_A.jsonl:625
unet,NbhdPenalty@b=0.25,0.5668,1,1,ok,True,1,C,protocol_C.jsonl:950
unet,NbhdPenalty@b=0.25,0.57,1,1,ok,True,1,A,protocol_A.jsonl:622
unet,NbhdPenalty@b=0.25,0.5742,1,1,ok,True,1,C,protocol_C.jsonl:953
unet,NbhdPenalty@b=0.25,0.58,1,1,ok,True,1,A,protocol_A.jsonl:619
unet,NbhdPenalty@b=0.25,0.5894,1,1,ok,True,1,C,protocol_C.jsonl:956
unet,NbhdPenalty@b=0.25,0.59,1,1,ok,True,1,A,protocol_A.jsonl:616
unet,NbhdPenalty@b=0.25,0.5925,1,1,ok,True,1,C,protocol_C.jsonl:959
unet,NbhdPenalty@b=0.25,0.6,1,1,ok,True,1,A,protocol_A.jsonl:613
unet,TwoPhase@k=8,0.05,1,1,oom,True,0,A,protocol_A.jsonl:815
unet,TwoPhase@k=8,0.0552,1,1,oom,True,0,C,protocol_C.jsonl:723
unet,TwoPhase@k=8,0.056,1,1,oom,True,0,C,protocol_C.jsonl:720
unet,TwoPhase@k=8,0.06,1,1,oom,True,0,A,protocol_A.jsonl:813
unet,TwoPhase@k=8,0.0681,1,1,oom,True,0,C,protocol_C.jsonl:727
unet,TwoPhase@k=8,0.0694,1,1,oom,True,0,C,protocol_C.jsonl:730
unet,TwoPhase@k=8,0.07,1,1,oom,True,0,A,protocol_A.jsonl:809
unet,TwoPhase@k=8,0.0729,1,1,oom,True,0,C,protocol_C.jsonl:735
unet,TwoPhase@k=8,0.0787,1,1,oom,True,0,C,protocol_C.jsonl:738
unet,TwoPhase@k=8,0.08,3,3,oom,True,0,A,protocol_A.jsonl:805 protocol_A.jsonl:806 protocol_A.jsonl:808
unet,TwoPhase@k=8,0.084,1,1,oom,True,0,C,protocol_C.jsonl:740
unet,TwoPhase@k=8,0.0882,1,1,oom,True,0,C,protocol_C.jsonl:743
unet,TwoPhase@k=8,0.09,1,1,oom,True,0,A,protocol_A.jsonl:797
unet,TwoPhase@k=8,0.0965,1,1,oom,True,0,C,protocol_C.jsonl:746
unet,TwoPhase@k=8,0.0992,1,1,oom,True,0,C,protocol_C.jsonl:748
unet,TwoPhase@k=8,0.1,1,1,oom,True,0,A,protocol_A.jsonl:795
unet,TwoPhase@k=8,0.1083,1,1,oom,True,0,C,protocol_C.jsonl:754
unet,TwoPhase@k=8,0.1093,1,1,oom,True,0,C,protocol_C.jsonl:751
unet,TwoPhase@k=8,0.11,1,1,oom,True,0,A,protocol_A.jsonl:791
unet,TwoPhase@k=8,0.1103,1,1,oom,True,0,C,protocol_C.jsonl:760
unet,TwoPhase@k=8,0.1154,1,1,oom,True,0,C,protocol_C.jsonl:758
unet,TwoPhase@k=8,0.12,1,1,oom,True,0,A,protocol_A.jsonl:789
unet,TwoPhase@k=8,0.1207,1,1,oom,True,0,C,protocol_C.jsonl:764
unet,TwoPhase@k=8,0.1273,1,1,oom,True,0,C,protocol_C.jsonl:766
unet,TwoPhase@k=8,0.13,1,1,oom,True,0,A,protocol_A.jsonl:786
unet,TwoPhase@k=8,0.1391,1,1,oom,True,0,C,protocol_C.jsonl:769
unet,TwoPhase@k=8,0.1397,1,1,oom,True,0,C,protocol_C.jsonl:773
unet,TwoPhase@k=8,0.14,1,1,oom,True,0,A,protocol_A.jsonl:783
unet,TwoPhase@k=8,0.1436,1,1,oom,True,0,C,protocol_C.jsonl:776
unet,TwoPhase@k=8,0.146,1,1,oom,True,0,C,protocol_C.jsonl:778
unet,TwoPhase@k=8,0.15,1,1,oom,True,0,A,protocol_A.jsonl:779
unet,TwoPhase@k=8,0.1575,1,1,oom,True,0,C,protocol_C.jsonl:784
unet,TwoPhase@k=8,0.1597,1,1,oom,True,0,C,protocol_C.jsonl:781
unet,TwoPhase@k=8,0.16,1,1,oom,True,0,A,protocol_A.jsonl:777
unet,TwoPhase@k=8,0.1604,1,1,oom,True,0,C,protocol_C.jsonl:790
unet,TwoPhase@k=8,0.1656,1,1,oom,True,0,C,protocol_C.jsonl:787
unet,TwoPhase@k=8,0.17,1,1,oom,True,0,A,protocol_A.jsonl:774
unet,TwoPhase@k=8,0.1706,1,1,oom,True,0,C,protocol_C.jsonl:793
unet,TwoPhase@k=8,0.1764,1,1,oom,True,0,C,protocol_C.jsonl:796
unet,TwoPhase@k=8,0.18,1,1,oom,True,0,A,protocol_A.jsonl:771
unet,TwoPhase@k=8,0.1811,1,1,oom,True,0,C,protocol_C.jsonl:799
unet,TwoPhase@k=8,0.1823,1,1,oom,True,0,C,protocol_C.jsonl:802
unet,TwoPhase@k=8,0.19,1,1,oom,True,0,A,protocol_A.jsonl:768
unet,TwoPhase@k=8,0.1969,1,1,oom,True,0,C,protocol_C.jsonl:810
unet,TwoPhase@k=8,0.1979,1,1,oom,True,0,C,protocol_C.jsonl:805
unet,TwoPhase@k=8,0.2,1,1,oom,True,0,A,protocol_A.jsonl:766
unet,TwoPhase@k=8,0.201,1,1,oom,True,0,C,protocol_C.jsonl:816
unet,TwoPhase@k=8,0.2045,1,1,oom,True,0,C,protocol_C.jsonl:813
unet,TwoPhase@k=8,0.21,1,1,oom,True,0,A,protocol_A.jsonl:761
unet,TwoPhase@k=8,0.2149,1,1,oom,True,0,C,protocol_C.jsonl:819
unet,TwoPhase@k=8,0.2187,1,1,oom,True,0,C,protocol_C.jsonl:821
unet,TwoPhase@k=8,0.22,1,1,oom,True,0,A,protocol_A.jsonl:759
unet,TwoPhase@k=8,0.2209,1,1,oom,True,0,C,protocol_C.jsonl:828
unet,TwoPhase@k=8,0.2242,1,1,oom,True,0,C,protocol_C.jsonl:825
unet,TwoPhase@k=8,0.23,1,1,oom,True,0,A,protocol_A.jsonl:755
unet,TwoPhase@k=8,0.2306,1,1,oom,True,0,C,protocol_C.jsonl:834
unet,TwoPhase@k=8,0.2352,1,1,oom,True,0,C,protocol_C.jsonl:831
unet,TwoPhase@k=8,0.24,3,3,oom,True,0,A,protocol_A.jsonl:751 protocol_A.jsonl:752 protocol_A.jsonl:753
unet,TwoPhase@k=8,0.2401,1,1,oom,True,0,C,protocol_C.jsonl:840
unet,TwoPhase@k=8,0.2432,1,1,oom,True,0,C,protocol_C.jsonl:836
unet,TwoPhase@k=8,0.25,1,1,oom,True,0,A,protocol_A.jsonl:746
unet,TwoPhase@k=8,0.2536,1,1,oom,True,0,C,protocol_C.jsonl:845
unet,TwoPhase@k=8,0.2565,1,1,oom,True,0,C,protocol_C.jsonl:843
unet,TwoPhase@k=8,0.26,1,1,oom,True,0,A,protocol_A.jsonl:741
unet,TwoPhase@k=8,0.2657,1,1,oom,True,0,C,protocol_C.jsonl:850
unet,TwoPhase@k=8,0.2666,1,1,oom,True,0,C,protocol_C.jsonl:852
unet,TwoPhase@k=8,0.27,1,1,oom,True,0,A,protocol_A.jsonl:738
unet,TwoPhase@k=8,0.2713,1,1,oom,True,0,C,protocol_C.jsonl:858
unet,TwoPhase@k=8,0.277,1,1,oom,True,0,C,protocol_C.jsonl:855
unet,TwoPhase@k=8,0.28,1,1,oom,True,0,A,protocol_A.jsonl:735
unet,TwoPhase@k=8,0.2826,1,1,oom,True,0,C,protocol_C.jsonl:861
unet,TwoPhase@k=8,0.2896,1,1,oom,True,0,C,protocol_C.jsonl:862
unet,TwoPhase@k=8,0.29,1,1,oom,True,0,A,protocol_A.jsonl:732
unet,TwoPhase@k=8,0.298,1,1,oom,True,0,C,protocol_C.jsonl:870
unet,TwoPhase@k=8,0.2999,1,1,oom,True,0,C,protocol_C.jsonl:867
unet,TwoPhase@k=8,0.3,1,1,oom,True,0,A,protocol_A.jsonl:729
unet,TwoPhase@k=8,0.3069,1,1,oom,True,0,C,protocol_C.jsonl:873
unet,TwoPhase@k=8,0.31,3,3,oom,True,0,A,protocol_A.jsonl:723 protocol_A.jsonl:724 protocol_A.jsonl:725
unet,TwoPhase@k=8,0.3196,1,1,oom,True,0,C,protocol_C.jsonl:876
unet,TwoPhase@k=8,0.32,1,1,oom,True,0,A,protocol_A.jsonl:716
unet,TwoPhase@k=8,0.3222,1,1,oom,True,0,C,protocol_C.jsonl:879
unet,TwoPhase@k=8,0.33,1,1,oom,True,0,A,protocol_A.jsonl:713
unet,TwoPhase@k=8,0.3335,1,1,ok,True,1,C,protocol_C.jsonl:882
unet,TwoPhase@k=8,0.34,1,1,oom,True,0,A,protocol_A.jsonl:710
unet,TwoPhase@k=8,0.3497,1,1,oom,True,0,C,protocol_C.jsonl:885
unet,TwoPhase@k=8,0.35,1,1,oom,True,0,A,protocol_A.jsonl:707
unet,TwoPhase@k=8,0.3545,1,1,oom,True,0,C,protocol_C.jsonl:888
unet,TwoPhase@k=8,0.36,1,1,ok,True,1,A,protocol_A.jsonl:704
unet,TwoPhase@k=8,0.3699,1,1,ok,True,1,C,protocol_C.jsonl:891
unet,TwoPhase@k=8,0.37,1,1,ok,True,1,A,protocol_A.jsonl:701
unet,TwoPhase@k=8,0.3772,1,1,ok,True,1,C,protocol_C.jsonl:894
unet,TwoPhase@k=8,0.38,1,1,ok,True,1,A,protocol_A.jsonl:698
unet,TwoPhase@k=8,0.3854,1,1,oom,True,0,C,protocol_C.jsonl:897
unet,TwoPhase@k=8,0.39,1,1,ok,True,1,A,protocol_A.jsonl:695
unet,TwoPhase@k=8,0.3968,1,1,ok,True,1,C,protocol_C.jsonl:899
unet,TwoPhase@k=8,0.4,1,1,ok,True,1,A,protocol_A.jsonl:692
unet,TwoPhase@k=8,0.4036,1,1,ok,True,1,C,protocol_C.jsonl:903
unet,TwoPhase@k=8,0.41,1,1,ok,True,1,A,protocol_A.jsonl:689
unet,TwoPhase@k=8,0.4119,1,1,ok,True,1,C,protocol_C.jsonl:906
unet,TwoPhase@k=8,0.42,1,1,ok,True,1,A,protocol_A.jsonl:686
unet,TwoPhase@k=8,0.4296,1,1,ok,True,1,C,protocol_C.jsonl:910
unet,TwoPhase@k=8,0.43,1,1,ok,True,1,A,protocol_A.jsonl:683
unet,TwoPhase@k=8,0.4324,1,1,ok,True,1,C,protocol_C.jsonl:911
unet,TwoPhase@k=8,0.44,1,1,ok,True,1,A,protocol_A.jsonl:680
unet,TwoPhase@k=8,0.4405,1,1,ok,True,1,C,protocol_C.jsonl:916
unet,TwoPhase@k=8,0.45,1,1,ok,True,1,A,protocol_A.jsonl:677
unet,TwoPhase@k=8,0.4551,1,1,ok,True,1,C,protocol_C.jsonl:918
unet,TwoPhase@k=8,0.46,1,1,ok,True,1,A,protocol_A.jsonl:674
unet,TwoPhase@k=8,0.4606,1,1,oom,True,0,C,protocol_C.jsonl:927
unet,TwoPhase@k=8,0.47,1,1,ok,True,1,A,protocol_A.jsonl:671
unet,TwoPhase@k=8,0.4764,1,1,ok,True,1,C,protocol_C.jsonl:923
unet,TwoPhase@k=8,0.48,1,1,ok,True,1,A,protocol_A.jsonl:668
unet,TwoPhase@k=8,0.4885,1,1,ok,True,1,C,protocol_C.jsonl:926
unet,TwoPhase@k=8,0.49,3,3,ok,True,1,A,protocol_A.jsonl:663 protocol_A.jsonl:664 protocol_A.jsonl:665
unet,TwoPhase@k=8,0.4983,1,1,ok,True,1,C,protocol_C.jsonl:930
unet,TwoPhase@k=8,0.5,1,1,ok,True,1,A,protocol_A.jsonl:656
unet,TwoPhase@k=8,0.5074,1,1,ok,True,1,C,protocol_C.jsonl:933
unet,TwoPhase@k=8,0.51,3,3,ok,True,1,A,protocol_A.jsonl:651 protocol_A.jsonl:652 protocol_A.jsonl:653
unet,TwoPhase@k=8,0.5169,1,1,ok,True,1,C,protocol_C.jsonl:936
unet,TwoPhase@k=8,0.52,3,3,ok,True,1,A,protocol_A.jsonl:642 protocol_A.jsonl:643 protocol_A.jsonl:644
unet,TwoPhase@k=8,0.5234,1,1,ok,True,1,C,protocol_C.jsonl:939
unet,TwoPhase@k=8,0.53,1,1,ok,True,1,A,protocol_A.jsonl:635
unet,TwoPhase@k=8,0.5334,1,1,ok,True,1,C,protocol_C.jsonl:942
unet,TwoPhase@k=8,0.54,1,1,ok,True,1,A,protocol_A.jsonl:632
unet,TwoPhase@k=8,0.549,1,1,ok,True,1,C,protocol_C.jsonl:945
unet,TwoPhase@k=8,0.55,1,1,ok,True,1,A,protocol_A.jsonl:629
unet,TwoPhase@k=8,0.5502,1,1,ok,True,1,C,protocol_C.jsonl:948
unet,TwoPhase@k=8,0.56,1,1,ok,True,1,A,protocol_A.jsonl:626
unet,TwoPhase@k=8,0.5668,1,1,ok,True,1,C,protocol_C.jsonl:951
unet,TwoPhase@k=8,0.57,1,1,ok,True,1,A,protocol_A.jsonl:623
unet,TwoPhase@k=8,0.5742,1,1,ok,True,1,C,protocol_C.jsonl:954
unet,TwoPhase@k=8,0.58,1,1,ok,True,1,A,protocol_A.jsonl:620
unet,TwoPhase@k=8,0.5894,1,1,ok,True,1,C,protocol_C.jsonl:957
unet,TwoPhase@k=8,0.59,1,1,ok,True,1,A,protocol_A.jsonl:617
unet,TwoPhase@k=8,0.5925,1,1,ok,True,1,C,protocol_C.jsonl:960
unet,TwoPhase@k=8,0.6,1,1,ok,True,1,A,protocol_A.jsonl:614
unrollgan,DTR,0.05,1,1,oom,True,0,A,protocol_A.jsonl:1442
unrollgan,DTR,0.054,1,1,oom,True,0,C,protocol_C.jsonl:1204
unrollgan,DTR,0.0554,1,1,oom,True,0,C,protocol_C.jsonl:1207
unrollgan,DTR,0.06,1,1,oom,True,0,A,protocol_A.jsonl:1439
unrollgan,DTR,0.0607,1,1,oom,True,0,C,protocol_C.jsonl:1210
unrollgan,DTR,0.0633,1,1,oom,True,0,C,protocol_C.jsonl:1213
unrollgan,DTR,0.07,1,1,oom,True,0,A,protocol_A.jsonl:1435
unrollgan,DTR,0.0756,1,1,oom,True,0,C,protocol_C.jsonl:1216
unrollgan,DTR,0.0799,1,1,oom,True,0,C,protocol_C.jsonl:1219
unrollgan,DTR,0.08,1,1,oom,True,0,A,protocol_A.jsonl:1432
unrollgan,DTR,0.0869,1,1,oom,True,0,C,protocol_C.jsonl:1225
unrollgan,DTR,0.0878,1,1,oom,True,0,C,protocol_C.jsonl:1222
unrollgan,DTR,0.09,1,1,oom,True,0,A,protocol_A.jsonl:1430
unrollgan,DTR,0.0948,1,1,oom,True,0,C,protocol_C.jsonl:1231
unrollgan,DTR,0.0965,1,1,oom,True,0,C,protocol_C.jsonl:1228
unrollgan,DTR,0.1,1,1,oom,True,0,A,protocol_A.jsonl:1426
unrollgan,DTR,0.1074,1,1,oom,True,0,C,protocol_C.jsonl:1238
unrollgan,DTR,0.1095,1,1,oom,True,0,C,protocol_C.jsonl:1234
unrollgan,DTR,0.11,1,1,oom,True,0,A,protocol_A.jsonl:1424
unrollgan,DTR,0.1109,1,1,oom,True,0,C,protocol_C.jsonl:1243
unrollgan,DTR,0.1137,1,1,oom,True,0,C,protocol_C.jsonl:1240
unrollgan,DTR,0.12,1,1,oom,True,0,A,protocol_A.jsonl:1421
unrollgan,DTR,0.1267,1,1,oom,True,0,C,protocol_C.jsonl:1249
unrollgan,DTR,0.1295,1,1,oom,True,0,C,protocol_C.jsonl:1250
unrollgan,DTR,0.13,1,1,oom,True,0,A,protocol_A.jsonl:1417
unrollgan,DTR,0.1308,1,1,oom,True,0,C,protocol_C.jsonl:1252
unrollgan,DTR,0.1314,1,1,oom,True,0,C,protocol_C.jsonl:1256
unrollgan,DTR,0.14,1,1,oom,True,0,A,protocol_A.jsonl:1418
unrollgan,DTR,0.1452,1,1,oom,True,0,C,protocol_C.jsonl:1265
unrollgan,DTR,0.1469,1,1,oom,True,0,C,protocol_C.jsonl:1261
unrollgan,DTR,0.15,3,3,oom,True,0,A,protocol_A.jsonl:1405 protocol_A.jsonl:1406 protocol_A.jsonl:1408
unrollgan,DTR,0.1515,1,1,oom,True,0,C,protocol_C.jsonl:1268
unrollgan,DTR,0.1579,1,1,oom,True,0,C,protocol_C.jsonl:1272
unrollgan,DTR,0.16,1,1,oom,True,0,A,protocol_A.jsonl:1402
unrollgan,DTR,0.1626,1,1,oom,True,0,C,protocol_C.jsonl:1271
unrollgan,DTR,0.1647,1,1,oom,True,0,C,protocol_C.jsonl:1275
unrollgan,DTR,0.17,3,3,oom,True,0,A,protocol_A.jsonl:1396 protocol_A.jsonl:1397 protocol_A.jsonl:1398
unrollgan,DTR,0.1704,1,1,oom,True,0,C,protocol_C.jsonl:1280
unrollgan,DTR,0.1741,1,1,oom,True,0,C,protocol_C.jsonl:1277
unrollgan,DTR,0.18,1,1,oom,True,0,A,protocol_A.jsonl:1392
unrollgan,DTR,0.1876,1,1,oom,True,0,C,protocol_C.jsonl:1287
unrollgan,DTR,0.1886,1,1,oom,True,0,C,protocol_C.jsonl:1284
unrollgan,DTR,0.19,1,1,oom,True,0,A,protocol_A.jsonl:1388
unrollgan,DTR,0.1913,1,1,oom,True,0,C,protocol_C.jsonl:1289
unrollgan,DTR,0.1957,1,1,oom,True,0,C,protocol_C.jsonl:1298
unrollgan,DTR,0.2,1,1,oom,True,0,A,protocol_A.jsonl:1385
unrollgan,DTR,0.2007,1,1,oom,True,0,C,protocol_C.jsonl:1296
unrollgan,DTR,0.2072,1,1,oom,True,0,C,protocol_C.jsonl:1300
unrollgan,DTR,0.21,1,1,oom,True,0,A,protocol_A.jsonl:1382
unrollgan,DTR,0.2126,1,1,oom,True,0,C,protocol_C.jsonl:1307
unrollgan,DTR,0.2181,1,1,oom,True,0,C,protocol_C.jsonl:1303
unrollgan,DTR,0.22,1,1,oom,True,0,A,protocol_A.jsonl:1378
unrollgan,DTR,0.2274,1,1,oom,True,0,C,protocol_C.jsonl:1313
unrollgan,DTR,0.2294,1,1,oom,True,0,C,protocol_C.jsonl:1311
unrollgan,DTR,0.23,1,0,timeout,,0,A,protocol_A.jsonl:1379
unrollgan,DTR,0.2303,1,0,timeout,,0,C,protocol_C.jsonl:1328
unrollgan,DTR,0.2326,1,1,ok,True,1,C,protocol_C.jsonl:1312
unrollgan,DTR,0.24,1,1,ok,True,1,A,protocol_A.jsonl:1372
unrollgan,DTR,0.2401,1,1,ok,True,1,C,protocol_C.jsonl:1322
unrollgan,DTR,0.2473,1,1,ok,True,1,C,protocol_C.jsonl:1318
unrollgan,DTR,0.25,1,1,ok,True,1,A,protocol_A.jsonl:1370
unrollgan,DTR,0.2525,1,1,ok,True,1,C,protocol_C.jsonl:1327
unrollgan,DTR,0.254,1,1,ok,True,1,C,protocol_C.jsonl:1324
unrollgan,DTR,0.26,1,1,ok,True,1,A,protocol_A.jsonl:1366
unrollgan,DTR,0.2626,1,1,ok,True,1,C,protocol_C.jsonl:1333
unrollgan,DTR,0.2647,1,1,ok,True,1,C,protocol_C.jsonl:1334
unrollgan,DTR,0.27,1,1,ok,True,1,A,protocol_A.jsonl:1364
unrollgan,DTR,0.2784,1,1,ok,True,1,C,protocol_C.jsonl:1337
unrollgan,DTR,0.2792,1,1,ok,True,1,C,protocol_C.jsonl:1339
unrollgan,DTR,0.28,1,1,ok,True,1,A,protocol_A.jsonl:1360
unrollgan,DTR,0.2828,1,1,ok,True,1,C,protocol_C.jsonl:1343
unrollgan,DTR,0.2873,1,1,ok,True,1,C,protocol_C.jsonl:1345
unrollgan,DTR,0.29,1,1,ok,True,1,A,protocol_A.jsonl:1358
unrollgan,DTR,0.2994,1,1,ok,True,1,C,protocol_C.jsonl:1351
unrollgan,DTR,0.2998,1,1,ok,True,1,C,protocol_C.jsonl:1348
unrollgan,DTR,0.3,1,1,ok,True,1,A,protocol_A.jsonl:1356
unrollgan,DTR,0.3089,1,1,ok,True,1,C,protocol_C.jsonl:1355
unrollgan,DTR,0.31,1,1,ok,True,1,A,protocol_A.jsonl:1354
unrollgan,DTR,0.3186,1,1,ok,True,1,C,protocol_C.jsonl:1357
unrollgan,DTR,0.32,1,1,ok,True,1,A,protocol_A.jsonl:1351
unrollgan,DTR,0.3222,1,1,ok,True,1,C,protocol_C.jsonl:1360
unrollgan,DTR,0.33,3,3,ok,True,1,A,protocol_A.jsonl:1341 protocol_A.jsonl:1342 protocol_A.jsonl:1345
unrollgan,DTR,0.3331,1,1,ok,True,1,C,protocol_C.jsonl:1364
unrollgan,DTR,0.34,1,1,ok,True,1,A,protocol_A.jsonl:1339
unrollgan,DTR,0.3415,1,1,ok,True,1,C,protocol_C.jsonl:1368
unrollgan,DTR,0.35,1,1,ok,True,1,A,protocol_A.jsonl:1336
unrollgan,DTR,0.3579,1,1,ok,True,1,C,protocol_C.jsonl:1370
unrollgan,DTR,0.36,1,1,ok,True,1,A,protocol_A.jsonl:1333
unrollgan,DTR,0.3681,1,1,ok,True,1,C,protocol_C.jsonl:1373
unrollgan,DTR,0.37,1,1,ok,True,1,A,protocol_A.jsonl:1330
unrollgan,DTR,0.3719,1,1,ok,True,1,C,protocol_C.jsonl:1376
unrollgan,DTR,0.38,1,1,ok,True,1,A,protocol_A.jsonl:1326
unrollgan,DTR,0.3863,1,1,ok,True,1,C,protocol_C.jsonl:1379
unrollgan,DTR,0.39,1,1,ok,True,1,A,protocol_A.jsonl:1324
unrollgan,DTR,0.3983,1,1,ok,True,1,C,protocol_C.jsonl:1384
unrollgan,DTR,0.4,1,1,ok,True,1,A,protocol_A.jsonl:1320
unrollgan,DTR,0.4034,1,1,ok,True,1,C,protocol_C.jsonl:1388
unrollgan,DTR,0.41,1,1,ok,True,1,A,protocol_A.jsonl:1318
unrollgan,DTR,0.4163,1,1,ok,True,1,C,protocol_C.jsonl:1390
unrollgan,DTR,0.42,1,1,ok,True,1,A,protocol_A.jsonl:1315
unrollgan,DTR,0.4224,1,1,ok,True,1,C,protocol_C.jsonl:1393
unrollgan,DTR,0.43,1,1,ok,True,1,A,protocol_A.jsonl:1312
unrollgan,DTR,0.4313,1,1,ok,True,1,C,protocol_C.jsonl:1396
unrollgan,DTR,0.44,1,1,ok,True,1,A,protocol_A.jsonl:1309
unrollgan,DTR,0.4411,1,1,ok,True,1,C,protocol_C.jsonl:1400
unrollgan,DTR,0.45,1,1,ok,True,1,A,protocol_A.jsonl:1306
unrollgan,DTR,0.4537,1,1,ok,True,1,C,protocol_C.jsonl:1403
unrollgan,DTR,0.46,1,1,ok,True,1,A,protocol_A.jsonl:1302
unrollgan,DTR,0.4657,1,1,ok,True,1,C,protocol_C.jsonl:1406
unrollgan,DTR,0.47,1,1,ok,True,1,A,protocol_A.jsonl:1299
unrollgan,DTR,0.4768,1,1,ok,True,1,C,protocol_C.jsonl:1408
unrollgan,DTR,0.48,1,1,ok,True,1,A,protocol_A.jsonl:1296
unrollgan,DTR,0.4839,1,1,ok,True,1,C,protocol_C.jsonl:1412
unrollgan,DTR,0.49,3,3,ok,True,1,A,protocol_A.jsonl:1287 protocol_A.jsonl:1288 protocol_A.jsonl:1289
unrollgan,DTR,0.4972,1,1,ok,True,1,C,protocol_C.jsonl:1415
unrollgan,DTR,0.5,1,1,ok,True,1,A,protocol_A.jsonl:1284
unrollgan,DTR,0.5056,1,1,ok,True,1,C,protocol_C.jsonl:1418
unrollgan,DTR,0.51,1,1,ok,True,1,A,protocol_A.jsonl:1281
unrollgan,DTR,0.5197,1,1,ok,True,1,C,protocol_C.jsonl:1420
unrollgan,DTR,0.52,1,1,ok,True,1,A,protocol_A.jsonl:1278
unrollgan,DTR,0.5239,1,1,ok,True,1,C,protocol_C.jsonl:1425
unrollgan,DTR,0.53,1,1,ok,True,1,A,protocol_A.jsonl:1275
unrollgan,DTR,0.5363,1,1,ok,True,1,C,protocol_C.jsonl:1427
unrollgan,DTR,0.54,3,3,ok,True,1,A,protocol_A.jsonl:1266 protocol_A.jsonl:1267 protocol_A.jsonl:1268
unrollgan,DTR,0.545,1,1,ok,True,1,C,protocol_C.jsonl:1431
unrollgan,DTR,0.55,3,3,ok,True,1,A,protocol_A.jsonl:1256 protocol_A.jsonl:1257 protocol_A.jsonl:1258
unrollgan,DTR,0.5557,1,1,ok,True,1,C,protocol_C.jsonl:1434
unrollgan,DTR,0.56,1,1,ok,True,1,A,protocol_A.jsonl:1253
unrollgan,DTR,0.5682,1,1,ok,True,1,C,protocol_C.jsonl:1436
unrollgan,DTR,0.57,1,1,ok,True,1,A,protocol_A.jsonl:1250
unrollgan,DTR,0.5787,1,1,ok,True,1,C,protocol_C.jsonl:1440
unrollgan,DTR,0.58,1,1,ok,True,1,A,protocol_A.jsonl:1246
unrollgan,DTR,0.589,1,1,ok,True,1,C,protocol_C.jsonl:1443
unrollgan,DTR,0.59,1,1,ok,True,1,A,protocol_A.jsonl:1243
unrollgan,DTR,0.5953,1,1,ok,True,1,C,protocol_C.jsonl:1445
unrollgan,DTR,0.6,1,1,ok,True,1,A,protocol_A.jsonl:1240
unrollgan,NbhdPenalty@b=0.25,0.05,1,1,oom,True,0,A,protocol_A.jsonl:1443
unrollgan,NbhdPenalty@b=0.25,0.054,1,1,oom,True,0,C,protocol_C.jsonl:1205
unrollgan,NbhdPenalty@b=0.25,0.0554,1,1,oom,True,0,C,protocol_C.jsonl:1208
unrollgan,NbhdPenalty@b=0.25,0.06,1,1,oom,True,0,A,protocol_A.jsonl:1440
unrollgan,NbhdPenalty@b=0.25,0.0607,1,1,oom,True,0,C,protocol_C.jsonl:1211
unrollgan,NbhdPenalty@b=0.25,0.0633,1,1,oom,True,0,C,protocol_C.jsonl:1214
unrollgan,NbhdPenalty@b=0.25,0.07,1,1,oom,True,0,A,protocol_A.jsonl:1436
unrollgan,NbhdPenalty@b=0.25,0.0756,1,1,oom,True,0,C,protocol_C.jsonl:1217
unrollgan,NbhdPenalty@b=0.25,0.0799,1,1,oom,True,0,C,protocol_C.jsonl:1220
unrollgan,NbhdPenalty@b=0.25,0.08,1,1,oom,True,0,A,protocol_A.jsonl:1437
unrollgan,NbhdPenalty@b=0.25,0.0869,1,1,oom,True,0,C,protocol_C.jsonl:1226
unrollgan,NbhdPenalty@b=0.25,0.0878,1,1,oom,True,0,C,protocol_C.jsonl:1223
unrollgan,NbhdPenalty@b=0.25,0.09,1,1,oom,True,0,A,protocol_A.jsonl:1433
unrollgan,NbhdPenalty@b=0.25,0.0948,1,1,oom,True,0,C,protocol_C.jsonl:1232
unrollgan,NbhdPenalty@b=0.25,0.0965,1,1,oom,True,0,C,protocol_C.jsonl:1229
unrollgan,NbhdPenalty@b=0.25,0.1,1,1,oom,True,0,A,protocol_A.jsonl:1427
unrollgan,NbhdPenalty@b=0.25,0.1074,1,1,oom,True,0,C,protocol_C.jsonl:1241
unrollgan,NbhdPenalty@b=0.25,0.1095,1,1,oom,True,0,C,protocol_C.jsonl:1235
unrollgan,NbhdPenalty@b=0.25,0.11,1,1,oom,True,0,A,protocol_A.jsonl:1428
unrollgan,NbhdPenalty@b=0.25,0.1109,1,1,oom,True,0,C,protocol_C.jsonl:1246
unrollgan,NbhdPenalty@b=0.25,0.1137,1,1,oom,True,0,C,protocol_C.jsonl:1245
unrollgan,NbhdPenalty@b=0.25,0.12,1,1,oom,True,0,A,protocol_A.jsonl:1423
unrollgan,NbhdPenalty@b=0.25,0.1267,1,1,oom,True,0,C,protocol_C.jsonl:1257
unrollgan,NbhdPenalty@b=0.25,0.1295,1,1,oom,True,0,C,protocol_C.jsonl:1258
unrollgan,NbhdPenalty@b=0.25,0.13,1,1,oom,True,0,A,protocol_A.jsonl:1446
unrollgan,NbhdPenalty@b=0.25,0.1308,1,1,oom,True,0,C,protocol_C.jsonl:1264
unrollgan,NbhdPenalty@b=0.25,0.1314,1,1,oom,True,0,C,protocol_C.jsonl:1260
unrollgan,NbhdPenalty@b=0.25,0.14,1,1,oom,True,0,A,protocol_A.jsonl:1422
unrollgan,NbhdPenalty@b=0.25,0.1452,1,1,oom,True,0,C,protocol_C.jsonl:1270
unrollgan,NbhdPenalty@b=0.25,0.1469,1,1,oom,True,0,C,protocol_C.jsonl:1269
unrollgan,NbhdPenalty@b=0.25,0.15,3,3,oom,True,0,A,protocol_A.jsonl:1410 protocol_A.jsonl:1411 protocol_A.jsonl:1414
unrollgan,NbhdPenalty@b=0.25,0.1515,1,1,oom,True,0,C,protocol_C.jsonl:1276
unrollgan,NbhdPenalty@b=0.25,0.1579,1,1,oom,True,0,C,protocol_C.jsonl:1281
unrollgan,NbhdPenalty@b=0.25,0.16,1,1,oom,True,0,A,protocol_A.jsonl:1412
unrollgan,NbhdPenalty@b=0.25,0.1626,1,0,timeout,,0,C,protocol_C.jsonl:1288
unrollgan,NbhdPenalty@b=0.25,0.1647,1,1,oom,True,0,C,protocol_C.jsonl:1283
unrollgan,NbhdPenalty@b=0.25,0.17,3,0,timeout,,0,A,protocol_A.jsonl:1403 protocol_A.jsonl:1404 protocol_A.jsonl:1407
unrollgan,NbhdPenalty@b=0.25,0.1704,1,0,timeout,,0,C,protocol_C.jsonl:1293
unrollgan,NbhdPenalty@b=0.25,0.1741,1,0,timeout,,0,C,protocol_C.jsonl:1291
unrollgan,NbhdPenalty@b=0.25,0.18,1,1,oom,True,0,A,protocol_A.jsonl:1395
unrollgan,NbhdPenalty@b=0.25,0.1876,1,0,timeout,,0,C,protocol_C.jsonl:1297
unrollgan,NbhdPenalty@b=0.25,0.1886,1,1,oom,True,0,C,protocol_C.jsonl:1285
unrollgan,NbhdPenalty@b=0.25,0.19,1,1,oom,True,0,A,protocol_A.jsonl:1394
unrollgan,NbhdPenalty@b=0.25,0.1913,1,1,oom,True,0,C,protocol_C.jsonl:1292
unrollgan,NbhdPenalty@b=0.25,0.1957,1,0,timeout,,0,C,protocol_C.jsonl:1302
unrollgan,NbhdPenalty@b=0.25,0.2,1,1,oom,True,0,A,protocol_A.jsonl:1389
unrollgan,NbhdPenalty@b=0.25,0.2007,1,0,timeout,,0,C,protocol_C.jsonl:1305
unrollgan,NbhdPenalty@b=0.25,0.2072,1,1,oom,True,0,C,protocol_C.jsonl:1301
unrollgan,NbhdPenalty@b=0.25,0.21,1,1,oom,True,0,A,protocol_A.jsonl:1383
unrollgan,NbhdPenalty@b=0.25,0.2126,1,1,oom,True,0,C,protocol_C.jsonl:1308
unrollgan,NbhdPenalty@b=0.25,0.2181,1,0,timeout,,0,C,protocol_C.jsonl:1310
unrollgan,NbhdPenalty@b=0.25,0.22,1,0,timeout,,0,A,protocol_A.jsonl:1386
unrollgan,NbhdPenalty@b=0.25,0.2274,1,0,timeout,,0,C,protocol_C.jsonl:1321
unrollgan,NbhdPenalty@b=0.25,0.2294,1,0,timeout,,0,C,protocol_C.jsonl:1317
unrollgan,NbhdPenalty@b=0.25,0.23,1,0,timeout,,0,A,protocol_A.jsonl:1380
unrollgan,NbhdPenalty@b=0.25,0.2303,1,0,timeout,,0,C,protocol_C.jsonl:1330
unrollgan,NbhdPenalty@b=0.25,0.2326,1,0,timeout,,0,C,protocol_C.jsonl:1325
unrollgan,NbhdPenalty@b=0.25,0.24,1,0,timeout,,0,A,protocol_A.jsonl:1376
unrollgan,NbhdPenalty@b=0.25,0.2401,1,1,ok,True,1,C,protocol_C.jsonl:1323
unrollgan,NbhdPenalty@b=0.25,0.2473,1,1,ok,True,1,C,protocol_C.jsonl:1319
unrollgan,NbhdPenalty@b=0.25,0.25,1,0,timeout,,0,A,protocol_A.jsonl:1375
unrollgan,NbhdPenalty@b=0.25,0.2525,1,0,timeout,,0,C,protocol_C.jsonl:1352
unrollgan,NbhdPenalty@b=0.25,0.254,1,0,timeout,,0,C,protocol_C.jsonl:1346
unrollgan,NbhdPenalty@b=0.25,0.26,1,0,timeout,,0,A,protocol_A.jsonl:1374
unrollgan,NbhdPenalty@b=0.25,0.2626,1,0,timeout,,0,C,protocol_C.jsonl:1402
unrollgan,NbhdPenalty@b=0.25,0.2647,1,0,timeout,,0,C,protocol_C.jsonl:1424
unrollgan,NbhdPenalty@b=0.25,0.27,1,1,ok,True,1,A,protocol_A.jsonl:1367
unrollgan,NbhdPenalty@b=0.25,0.2784,1,1,ok,True,1,C,protocol_C.jsonl:1340
unrollgan,NbhdPenalty@b=0.25,0.2792,1,1,ok,True,1,C,protocol_C.jsonl:1342
unrollgan,NbhdPenalty@b=0.25,0.28,1,1,ok,True,1,A,protocol_A.jsonl:1373
unrollgan,NbhdPenalty@b=0.25,0.2828,1,1,ok,True,1,C,protocol_C.jsonl:1349
unrollgan,NbhdPenalty@b=0.25,0.2873,1,1,ok,True,1,C,protocol_C.jsonl:1353
unrollgan,NbhdPenalty@b=0.25,0.29,1,1,ok,True,1,A,protocol_A.jsonl:1363
unrollgan,NbhdPenalty@b=0.25,0.2994,1,1,ok,True,1,C,protocol_C.jsonl:1382
unrollgan,NbhdPenalty@b=0.25,0.2998,1,1,ok,True,1,C,protocol_C.jsonl:1362
unrollgan,NbhdPenalty@b=0.25,0.3,1,1,ok,True,1,A,protocol_A.jsonl:1361
unrollgan,NbhdPenalty@b=0.25,0.3089,1,1,ok,True,1,C,protocol_C.jsonl:1381
unrollgan,NbhdPenalty@b=0.25,0.31,1,1,ok,True,1,A,protocol_A.jsonl:1353
unrollgan,NbhdPenalty@b=0.25,0.3186,1,1,ok,True,1,C,protocol_C.jsonl:1358
unrollgan,NbhdPenalty@b=0.25,0.32,1,1,ok,True,1,A,protocol_A.jsonl:1350
unrollgan,NbhdPenalty@b=0.25,0.3222,1,1,ok,True,1,C,protocol_C.jsonl:1361
unrollgan,NbhdPenalty@b=0.25,0.33,3,3,ok,True,1,A,protocol_A.jsonl:1343 protocol_A.jsonl:1344 protocol_A.jsonl:1346
unrollgan,NbhdPenalty@b=0.25,0.3331,1,1,ok,True,1,C,protocol_C.jsonl:1365
unrollgan,NbhdPenalty@b=0.25,0.34,1,1,ok,True,1,A,protocol_A.jsonl:1337
unrollgan,NbhdPenalty@b=0.25,0.3415,1,1,ok,True,1,C,protocol_C.jsonl:1367
unrollgan,NbhdPenalty@b=0.25,0.35,1,1,ok,True,1,A,protocol_A.jsonl:1335
unrollgan,NbhdPenalty@b=0.25,0.3579,1,1,ok,True,1,C,protocol_C.jsonl:1371
unrollgan,NbhdPenalty@b=0.25,0.36,1,1,ok,True,1,A,protocol_A.jsonl:1332
unrollgan,NbhdPenalty@b=0.25,0.3681,1,1,ok,True,1,C,protocol_C.jsonl:1374
unrollgan,NbhdPenalty@b=0.25,0.37,1,1,ok,True,1,A,protocol_A.jsonl:1329
unrollgan,NbhdPenalty@b=0.25,0.3719,1,1,ok,True,1,C,protocol_C.jsonl:1377
unrollgan,NbhdPenalty@b=0.25,0.38,1,1,ok,True,1,A,protocol_A.jsonl:1327
unrollgan,NbhdPenalty@b=0.25,0.3863,1,1,ok,True,1,C,protocol_C.jsonl:1380
unrollgan,NbhdPenalty@b=0.25,0.39,1,1,ok,True,1,A,protocol_A.jsonl:1323
unrollgan,NbhdPenalty@b=0.25,0.3983,1,1,ok,True,1,C,protocol_C.jsonl:1385
unrollgan,NbhdPenalty@b=0.25,0.4,1,1,ok,True,1,A,protocol_A.jsonl:1321
unrollgan,NbhdPenalty@b=0.25,0.4034,1,1,ok,True,1,C,protocol_C.jsonl:1386
unrollgan,NbhdPenalty@b=0.25,0.41,1,1,ok,True,1,A,protocol_A.jsonl:1317
unrollgan,NbhdPenalty@b=0.25,0.4163,1,1,ok,True,1,C,protocol_C.jsonl:1391
unrollgan,NbhdPenalty@b=0.25,0.42,1,1,ok,True,1,A,protocol_A.jsonl:1314
unrollgan,NbhdPenalty@b=0.25,0.4224,1,1,ok,True,1,C,protocol_C.jsonl:1394
unrollgan,NbhdPenalty@b=0.25,0.43,1,1,ok,True,1,A,protocol_A.jsonl:1311
unrollgan,NbhdPenalty@b=0.25,0.4313,1,1,ok,True,1,C,protocol_C.jsonl:1397
unrollgan,NbhdPenalty@b=0.25,0.44,1,1,ok,True,1,A,protocol_A.jsonl:1308
unrollgan,NbhdPenalty@b=0.25,0.4411,1,1,ok,True,1,C,protocol_C.jsonl:1399
unrollgan,NbhdPenalty@b=0.25,0.45,1,1,ok,True,1,A,protocol_A.jsonl:1305
unrollgan,NbhdPenalty@b=0.25,0.4537,1,1,ok,True,1,C,protocol_C.jsonl:1404
unrollgan,NbhdPenalty@b=0.25,0.46,1,1,ok,True,1,A,protocol_A.jsonl:1303
unrollgan,NbhdPenalty@b=0.25,0.4657,1,1,ok,True,1,C,protocol_C.jsonl:1407
unrollgan,NbhdPenalty@b=0.25,0.47,1,1,ok,True,1,A,protocol_A.jsonl:1300
unrollgan,NbhdPenalty@b=0.25,0.4768,1,1,ok,True,1,C,protocol_C.jsonl:1410
unrollgan,NbhdPenalty@b=0.25,0.48,1,1,ok,True,1,A,protocol_A.jsonl:1297
unrollgan,NbhdPenalty@b=0.25,0.4839,1,1,ok,True,1,C,protocol_C.jsonl:1413
unrollgan,NbhdPenalty@b=0.25,0.49,3,3,ok,True,1,A,protocol_A.jsonl:1290 protocol_A.jsonl:1291 protocol_A.jsonl:1292
unrollgan,NbhdPenalty@b=0.25,0.4972,1,1,ok,True,1,C,protocol_C.jsonl:1416
unrollgan,NbhdPenalty@b=0.25,0.5,1,1,ok,True,1,A,protocol_A.jsonl:1285
unrollgan,NbhdPenalty@b=0.25,0.5056,1,1,ok,True,1,C,protocol_C.jsonl:1419
unrollgan,NbhdPenalty@b=0.25,0.51,1,1,ok,True,1,A,protocol_A.jsonl:1282
unrollgan,NbhdPenalty@b=0.25,0.5197,1,1,ok,True,1,C,protocol_C.jsonl:1422
unrollgan,NbhdPenalty@b=0.25,0.52,1,1,ok,True,1,A,protocol_A.jsonl:1279
unrollgan,NbhdPenalty@b=0.25,0.5239,1,1,ok,True,1,C,protocol_C.jsonl:1426
unrollgan,NbhdPenalty@b=0.25,0.53,1,1,ok,True,1,A,protocol_A.jsonl:1276
unrollgan,NbhdPenalty@b=0.25,0.5363,1,1,ok,True,1,C,protocol_C.jsonl:1429
unrollgan,NbhdPenalty@b=0.25,0.54,3,3,ok,True,1,A,protocol_A.jsonl:1269 protocol_A.jsonl:1270 protocol_A.jsonl:1271
unrollgan,NbhdPenalty@b=0.25,0.545,1,1,ok,True,1,C,protocol_C.jsonl:1432
unrollgan,NbhdPenalty@b=0.25,0.55,3,3,ok,True,1,A,protocol_A.jsonl:1259 protocol_A.jsonl:1260 protocol_A.jsonl:1261
unrollgan,NbhdPenalty@b=0.25,0.5557,1,1,ok,True,1,C,protocol_C.jsonl:1435
unrollgan,NbhdPenalty@b=0.25,0.56,1,1,ok,True,1,A,protocol_A.jsonl:1254
unrollgan,NbhdPenalty@b=0.25,0.5682,1,1,ok,True,1,C,protocol_C.jsonl:1438
unrollgan,NbhdPenalty@b=0.25,0.57,1,1,ok,True,1,A,protocol_A.jsonl:1251
unrollgan,NbhdPenalty@b=0.25,0.5787,1,1,ok,True,1,C,protocol_C.jsonl:1441
unrollgan,NbhdPenalty@b=0.25,0.58,1,1,ok,True,1,A,protocol_A.jsonl:1248
unrollgan,NbhdPenalty@b=0.25,0.589,1,1,ok,True,1,C,protocol_C.jsonl:1444
unrollgan,NbhdPenalty@b=0.25,0.59,1,1,ok,True,1,A,protocol_A.jsonl:1244
unrollgan,NbhdPenalty@b=0.25,0.5953,1,1,ok,True,1,C,protocol_C.jsonl:1447
unrollgan,NbhdPenalty@b=0.25,0.6,1,1,ok,True,1,A,protocol_A.jsonl:1241
unrollgan,TwoPhase@k=8,0.05,1,1,oom,True,0,A,protocol_A.jsonl:1444
unrollgan,TwoPhase@k=8,0.054,1,1,oom,True,0,C,protocol_C.jsonl:1206
unrollgan,TwoPhase@k=8,0.0554,1,1,oom,True,0,C,protocol_C.jsonl:1209
unrollgan,TwoPhase@k=8,0.06,1,1,oom,True,0,A,protocol_A.jsonl:1441
unrollgan,TwoPhase@k=8,0.0607,1,1,oom,True,0,C,protocol_C.jsonl:1212
unrollgan,TwoPhase@k=8,0.0633,1,1,oom,True,0,C,protocol_C.jsonl:1215
unrollgan,TwoPhase@k=8,0.07,1,1,oom,True,0,A,protocol_A.jsonl:1438
unrollgan,TwoPhase@k=8,0.0756,1,1,oom,True,0,C,protocol_C.jsonl:1218
unrollgan,TwoPhase@k=8,0.0799,1,1,oom,True,0,C,protocol_C.jsonl:1221
unrollgan,TwoPhase@k=8,0.08,1,1,oom,True,0,A,protocol_A.jsonl:1434
unrollgan,TwoPhase@k=8,0.0869,1,1,oom,True,0,C,protocol_C.jsonl:1227
unrollgan,TwoPhase@k=8,0.0878,1,1,oom,True,0,C,protocol_C.jsonl:1224
unrollgan,TwoPhase@k=8,0.09,1,1,oom,True,0,A,protocol_A.jsonl:1445
unrollgan,TwoPhase@k=8,0.0948,1,1,oom,True,0,C,protocol_C.jsonl:1233
unrollgan,TwoPhase@k=8,0.0965,1,1,oom,True,0,C,protocol_C.jsonl:1230
unrollgan,TwoPhase@k=8,0.1,1,1,oom,True,0,A,protocol_A.jsonl:1429
unrollgan,TwoPhase@k=8,0.1074,1,1,oom,True,0,C,protocol_C.jsonl:1239
unrollgan,TwoPhase@k=8,0.1095,1,1,oom,True,0,C,protocol_C.jsonl:1236
unrollgan,TwoPhase@k=8,0.11,1,1,oom,True,0,A,protocol_A.jsonl:1431
unrollgan,TwoPhase@k=8,0.1109,1,1,oom,True,0,C,protocol_C.jsonl:1247
unrollgan,TwoPhase@k=8,0.1137,1,1,oom,True,0,C,protocol_C.jsonl:1242
unrollgan,TwoPhase@k=8,0.12,1,1,oom,True,0,A,protocol_A.jsonl:1425
unrollgan,TwoPhase@k=8,0.1267,1,1,oom,True,0,C,protocol_C.jsonl:1254
unrollgan,TwoPhase@k=8,0.1295,1,1,oom,True,0,C,protocol_C.jsonl:1253
unrollgan,TwoPhase@k=8,0.13,1,1,oom,True,0,A,protocol_A.jsonl:1420
unrollgan,TwoPhase@k=8,0.1308,1,1,oom,True,0,C,protocol_C.jsonl:1255
unrollgan,TwoPhase@k=8,0.1314,1,1,oom,True,0,C,protocol_C.jsonl:1259
unrollgan,TwoPhase@k=8,0.14,1,1,oom,True,0,A,protocol_A.jsonl:1419
unrollgan,TwoPhase@k=8,0.1452,1,1,oom,True,0,C,protocol_C.jsonl:1266
unrollgan,TwoPhase@k=8,0.1469,1,1,oom,True,0,C,protocol_C.jsonl:1263
unrollgan,TwoPhase@k=8,0.15,3,3,oom,True,0,A,protocol_A.jsonl:1413 protocol_A.jsonl:1415 protocol_A.jsonl:1416
unrollgan,TwoPhase@k=8,0.1515,1,1,oom,True,0,C,protocol_C.jsonl:1267
unrollgan,TwoPhase@k=8,0.1579,1,1,oom,True,0,C,protocol_C.jsonl:1274
unrollgan,TwoPhase@k=8,0.16,1,1,oom,True,0,A,protocol_A.jsonl:1409
unrollgan,TwoPhase@k=8,0.1626,1,1,oom,True,0,C,protocol_C.jsonl:1273
unrollgan,TwoPhase@k=8,0.1647,1,1,oom,True,0,C,protocol_C.jsonl:1278
unrollgan,TwoPhase@k=8,0.17,3,3,oom,True,0,A,protocol_A.jsonl:1399 protocol_A.jsonl:1400 protocol_A.jsonl:1401
unrollgan,TwoPhase@k=8,0.1704,1,1,oom,True,0,C,protocol_C.jsonl:1282
unrollgan,TwoPhase@k=8,0.1741,1,1,oom,True,0,C,protocol_C.jsonl:1279
unrollgan,TwoPhase@k=8,0.18,1,1,oom,True,0,A,protocol_A.jsonl:1393
unrollgan,TwoPhase@k=8,0.1876,1,1,oom,True,0,C,protocol_C.jsonl:1290
unrollgan,TwoPhase@k=8,0.1886,1,1,oom,True,0,C,protocol_C.jsonl:1286
unrollgan,TwoPhase@k=8,0.19,1,1,oom,True,0,A,protocol_A.jsonl:1391
unrollgan,TwoPhase@k=8,0.1913,1,1,oom,True,0,C,protocol_C.jsonl:1295
unrollgan,TwoPhase@k=8,0.1957,1,1,oom,True,0,C,protocol_C.jsonl:1294
unrollgan,TwoPhase@k=8,0.2,1,1,oom,True,0,A,protocol_A.jsonl:1390
unrollgan,TwoPhase@k=8,0.2007,1,1,oom,True,0,C,protocol_C.jsonl:1299
unrollgan,TwoPhase@k=8,0.2072,1,1,oom,True,0,C,protocol_C.jsonl:1304
unrollgan,TwoPhase@k=8,0.21,1,1,oom,True,0,A,protocol_A.jsonl:1387
unrollgan,TwoPhase@k=8,0.2126,1,1,oom,True,0,C,protocol_C.jsonl:1306
unrollgan,TwoPhase@k=8,0.2181,1,1,oom,True,0,C,protocol_C.jsonl:1309
unrollgan,TwoPhase@k=8,0.22,1,1,oom,True,0,A,protocol_A.jsonl:1384
unrollgan,TwoPhase@k=8,0.2274,1,1,oom,True,0,C,protocol_C.jsonl:1314
unrollgan,TwoPhase@k=8,0.2294,1,1,oom,True,0,C,protocol_C.jsonl:1316
unrollgan,TwoPhase@k=8,0.23,1,1,oom,True,0,A,protocol_A.jsonl:1381
unrollgan,TwoPhase@k=8,0.2303,1,0,timeout,,0,C,protocol_C.jsonl:1332
unrollgan,TwoPhase@k=8,0.2326,1,1,ok,True,1,C,protocol_C.jsonl:1315
unrollgan,TwoPhase@k=8,0.24,1,0,timeout,,0,A,protocol_A.jsonl:1377
unrollgan,TwoPhase@k=8,0.2401,1,1,oom,True,0,C,protocol_C.jsonl:1329
unrollgan,TwoPhase@k=8,0.2473,1,1,ok,True,1,C,protocol_C.jsonl:1320
unrollgan,TwoPhase@k=8,0.25,1,1,ok,True,1,A,protocol_A.jsonl:1371
unrollgan,TwoPhase@k=8,0.2525,1,1,ok,True,1,C,protocol_C.jsonl:1331
unrollgan,TwoPhase@k=8,0.254,1,1,ok,True,1,C,protocol_C.jsonl:1326
unrollgan,TwoPhase@k=8,0.26,1,1,ok,True,1,A,protocol_A.jsonl:1368
unrollgan,TwoPhase@k=8,0.2626,1,1,ok,True,1,C,protocol_C.jsonl:1335
unrollgan,TwoPhase@k=8,0.2647,1,1,ok,True,1,C,protocol_C.jsonl:1336
unrollgan,TwoPhase@k=8,0.27,1,1,ok,True,1,A,protocol_A.jsonl:1365
unrollgan,TwoPhase@k=8,0.2784,1,1,ok,True,1,C,protocol_C.jsonl:1338
unrollgan,TwoPhase@k=8,0.2792,1,1,ok,True,1,C,protocol_C.jsonl:1341
unrollgan,TwoPhase@k=8,0.28,1,1,ok,True,1,A,protocol_A.jsonl:1362
unrollgan,TwoPhase@k=8,0.2828,1,1,ok,True,1,C,protocol_C.jsonl:1344
unrollgan,TwoPhase@k=8,0.2873,1,1,ok,True,1,C,protocol_C.jsonl:1347
unrollgan,TwoPhase@k=8,0.29,1,1,ok,True,1,A,protocol_A.jsonl:1359
unrollgan,TwoPhase@k=8,0.2994,1,1,ok,True,1,C,protocol_C.jsonl:1354
unrollgan,TwoPhase@k=8,0.2998,1,1,ok,True,1,C,protocol_C.jsonl:1350
unrollgan,TwoPhase@k=8,0.3,1,1,ok,True,1,A,protocol_A.jsonl:1357
unrollgan,TwoPhase@k=8,0.3089,1,1,ok,True,1,C,protocol_C.jsonl:1356
unrollgan,TwoPhase@k=8,0.31,1,1,ok,True,1,A,protocol_A.jsonl:1355
unrollgan,TwoPhase@k=8,0.3186,1,1,ok,True,1,C,protocol_C.jsonl:1359
unrollgan,TwoPhase@k=8,0.32,1,1,ok,True,1,A,protocol_A.jsonl:1352
unrollgan,TwoPhase@k=8,0.3222,1,1,ok,True,1,C,protocol_C.jsonl:1363
unrollgan,TwoPhase@k=8,0.33,3,3,ok,True,1,A,protocol_A.jsonl:1347 protocol_A.jsonl:1348 protocol_A.jsonl:1349
unrollgan,TwoPhase@k=8,0.3331,1,1,ok,True,1,C,protocol_C.jsonl:1366
unrollgan,TwoPhase@k=8,0.34,1,1,ok,True,1,A,protocol_A.jsonl:1340
unrollgan,TwoPhase@k=8,0.3415,1,1,ok,True,1,C,protocol_C.jsonl:1369
unrollgan,TwoPhase@k=8,0.35,1,1,ok,True,1,A,protocol_A.jsonl:1338
unrollgan,TwoPhase@k=8,0.3579,1,1,ok,True,1,C,protocol_C.jsonl:1372
unrollgan,TwoPhase@k=8,0.36,1,1,ok,True,1,A,protocol_A.jsonl:1334
unrollgan,TwoPhase@k=8,0.3681,1,1,ok,True,1,C,protocol_C.jsonl:1375
unrollgan,TwoPhase@k=8,0.37,1,1,ok,True,1,A,protocol_A.jsonl:1331
unrollgan,TwoPhase@k=8,0.3719,1,1,ok,True,1,C,protocol_C.jsonl:1378
unrollgan,TwoPhase@k=8,0.38,1,1,ok,True,1,A,protocol_A.jsonl:1328
unrollgan,TwoPhase@k=8,0.3863,1,1,ok,True,1,C,protocol_C.jsonl:1383
unrollgan,TwoPhase@k=8,0.39,1,1,ok,True,1,A,protocol_A.jsonl:1325
unrollgan,TwoPhase@k=8,0.3983,1,1,ok,True,1,C,protocol_C.jsonl:1387
unrollgan,TwoPhase@k=8,0.4,1,1,ok,True,1,A,protocol_A.jsonl:1322
unrollgan,TwoPhase@k=8,0.4034,1,1,ok,True,1,C,protocol_C.jsonl:1389
unrollgan,TwoPhase@k=8,0.41,1,1,ok,True,1,A,protocol_A.jsonl:1319
unrollgan,TwoPhase@k=8,0.4163,1,1,ok,True,1,C,protocol_C.jsonl:1392
unrollgan,TwoPhase@k=8,0.42,1,1,ok,True,1,A,protocol_A.jsonl:1316
unrollgan,TwoPhase@k=8,0.4224,1,1,ok,True,1,C,protocol_C.jsonl:1395
unrollgan,TwoPhase@k=8,0.43,1,1,ok,True,1,A,protocol_A.jsonl:1313
unrollgan,TwoPhase@k=8,0.4313,1,1,ok,True,1,C,protocol_C.jsonl:1398
unrollgan,TwoPhase@k=8,0.44,1,1,ok,True,1,A,protocol_A.jsonl:1310
unrollgan,TwoPhase@k=8,0.4411,1,1,ok,True,1,C,protocol_C.jsonl:1401
unrollgan,TwoPhase@k=8,0.45,1,1,ok,True,1,A,protocol_A.jsonl:1307
unrollgan,TwoPhase@k=8,0.4537,1,1,ok,True,1,C,protocol_C.jsonl:1405
unrollgan,TwoPhase@k=8,0.46,1,1,ok,True,1,A,protocol_A.jsonl:1304
unrollgan,TwoPhase@k=8,0.4657,1,1,ok,True,1,C,protocol_C.jsonl:1409
unrollgan,TwoPhase@k=8,0.47,1,1,ok,True,1,A,protocol_A.jsonl:1301
unrollgan,TwoPhase@k=8,0.4768,1,1,ok,True,1,C,protocol_C.jsonl:1411
unrollgan,TwoPhase@k=8,0.48,1,1,ok,True,1,A,protocol_A.jsonl:1298
unrollgan,TwoPhase@k=8,0.4839,1,1,ok,True,1,C,protocol_C.jsonl:1414
unrollgan,TwoPhase@k=8,0.49,3,3,ok,True,1,A,protocol_A.jsonl:1293 protocol_A.jsonl:1294 protocol_A.jsonl:1295
unrollgan,TwoPhase@k=8,0.4972,1,1,ok,True,1,C,protocol_C.jsonl:1417
unrollgan,TwoPhase@k=8,0.5,1,1,ok,True,1,A,protocol_A.jsonl:1286
unrollgan,TwoPhase@k=8,0.5056,1,1,ok,True,1,C,protocol_C.jsonl:1421
unrollgan,TwoPhase@k=8,0.51,1,1,ok,True,1,A,protocol_A.jsonl:1283
unrollgan,TwoPhase@k=8,0.5197,1,1,ok,True,1,C,protocol_C.jsonl:1423
unrollgan,TwoPhase@k=8,0.52,1,1,ok,True,1,A,protocol_A.jsonl:1280
unrollgan,TwoPhase@k=8,0.5239,1,1,ok,True,1,C,protocol_C.jsonl:1428
unrollgan,TwoPhase@k=8,0.53,1,1,ok,True,1,A,protocol_A.jsonl:1277
unrollgan,TwoPhase@k=8,0.5363,1,1,ok,True,1,C,protocol_C.jsonl:1430
unrollgan,TwoPhase@k=8,0.54,3,3,ok,True,1,A,protocol_A.jsonl:1272 protocol_A.jsonl:1273 protocol_A.jsonl:1274
unrollgan,TwoPhase@k=8,0.545,1,1,ok,True,1,C,protocol_C.jsonl:1433
unrollgan,TwoPhase@k=8,0.55,3,3,ok,True,1,A,protocol_A.jsonl:1263 protocol_A.jsonl:1264 protocol_A.jsonl:1265
unrollgan,TwoPhase@k=8,0.5557,1,1,ok,True,1,C,protocol_C.jsonl:1437
unrollgan,TwoPhase@k=8,0.56,1,1,ok,True,1,A,protocol_A.jsonl:1255
unrollgan,TwoPhase@k=8,0.5682,1,1,ok,True,1,C,protocol_C.jsonl:1439
unrollgan,TwoPhase@k=8,0.57,1,1,ok,True,1,A,protocol_A.jsonl:1252
unrollgan,TwoPhase@k=8,0.5787,1,1,ok,True,1,C,protocol_C.jsonl:1442
unrollgan,TwoPhase@k=8,0.58,1,1,ok,True,1,A,protocol_A.jsonl:1249
unrollgan,TwoPhase@k=8,0.589,1,1,ok,True,1,C,protocol_C.jsonl:1446
unrollgan,TwoPhase@k=8,0.59,1,1,ok,True,1,A,protocol_A.jsonl:1245
unrollgan,TwoPhase@k=8,0.5953,1,1,ok,True,1,C,protocol_C.jsonl:1448
unrollgan,TwoPhase@k=8,0.6,1,1,ok,True,1,A,protocol_A.jsonl:1242
